profile_id,minute_00,minute_01,minute_02,minute_03,minute_04,minute_05,minute_06,minute_07,minute_08,minute_09,minute_10,minute_11,minute_12,minute_13,minute_14,minute_15,minute_16,minute_17,minute_18,minute_19,minute_20,minute_21,minute_22,minute_23,minute_24,minute_25,minute_26,minute_27,minute_28,minute_29,minute_30,minute_31,minute_32,minute_33,minute_34,minute_35,minute_36,minute_37,minute_38,minute_39,minute_40,minute_41,minute_42,minute_43,minute_44,minute_45,minute_46,minute_47,minute_48,minute_49,minute_50,minute_51,minute_52,minute_53,minute_54,minute_55,minute_56,minute_57,minute_58,minute_59
0,294.103298451266,289.8247892339097,314.9266436277064,328.7424056618619,300.3348200139974,333.6283846285703,351.90816376789496,371.9326651372817,345.90061942456987,342.42763507725954,333.3834967735402,363.25704599294227,373.32760439858873,380.0,376.0389939179132,356.9457044428476,360.7666395339561,330.2338474612484,353.1680295007292,362.3845374392737,380.0,369.8168177690908,380.0,380.0,380.0,358.6247095496377,356.29517981053016,324.36144341563613,300.16170786036446,312.97513458733624,330.1084855008835,362.8341667712782,350.6419418409488,341.57412126338966,339.44302805269626,317.7060231885963,291.8005285620793,290.09987339789467,270.98352783145657,282.8705074592323,278.4711417802954,301.758615504344,315.77717264450143,302.64283754124426,325.9010236389083,347.2345286636845,339.3580151957967,324.54098247091383,337.3156677491621,312.0983416018138,291.09191577507136,256.60727465764177,276.6919810827915,288.2315410442337,302.5931175480772,322.24414971961494,319.3682540072988,324.1801377240014,298.9659275929374,271.98303274045554
1,253.99312548037926,251.96985991039855,256.53638736408175,275.0863073832035,284.51658978324485,288.2671478293046,292.4116490814836,278.6881559458664,245.8454043656222,241.41562161188756,221.43654870925462,215.03355376997916,239.7717688987508,221.14753290932464,190.2287248275593,174.92559726909906,160.4771603127669,171.81131634364954,175.80356700753902,195.67644164498796,207.1783894679051,200.62546976871005,222.60689669533247,199.29500108887174,165.88484620824198,137.1881964625369,152.7533510042884,150.0847571218855,126.37378165423763,126.44691591147307,102.10876310139486,115.85118935683636,112.08212864701852,103.7536144737723,89.85946071412366,98.97924223244587,89.30612497118318,60.44161932331025,33.70203247174632,66.03486899021232,94.63551733974481,108.61501670649727,92.22591400866366,125.06826042300435,144.58082370060998,159.76313694173967,156.2184420918049,140.275351420966,112.02271877171097,140.20488652977986,137.10922681813264,116.27466235379876,102.69162604434445,108.23699587027716,85.61109067602337,110.57409056248963,128.67045765095435,144.03286456751994,139.2793773517772,148.19099620094823
2,221.95722818683953,232.44649029567694,203.3575927754692,197.46411092741187,165.37710309774434,164.95646044486068,153.04674530815566,128.16343852877895,100.40164626935757,106.53676632179742,83.47827411937942,113.23668240575523,118.91096218478287,108.19184850222149,114.55593290592066,81.15220387799945,113.25134880490066,112.01258939090366,131.8040552984237,102.59515529299438,101.66123845166561,101.0107280564821,131.6585799047309,136.67954357105617,134.82380164504292,118.51209806147546,106.72192787545413,108.16899604846179,103.89279826981505,70.4056438614382,93.24607855504325,120.97733258382692,95.79476881372966,99.57729886146313,72.17760074094417,84.23440725373098,68.92077212246159,80.08035655089469,95.96997955097646,114.77530398521247,87.31717020212523,116.43799936175776,97.5529787243994,65.17185765673196,69.01153051413581,59.976090384506506,83.06137240377541,104.63897544827654,91.83869794586661,123.54165560074875,108.90590427055707,109.95990331677712,92.8774596565093,123.40050955993672,99.923056790678,68.06680014814106,63.5235943483537,97.98988383226231,125.40729247010631,142.80985383209276
3,338.50114653383946,366.04241131268986,367.3624965397413,354.4775301678968,373.51840041566595,380.0,371.1560410211597,342.7687077854657,360.0439805798975,343.4162166944981,373.99313723186265,355.8610774822606,329.45413275106466,352.63201979980806,328.3619219635226,305.9107035345644,312.8674989410234,339.086841799646,317.8372683996661,304.55992550267274,323.97826417955514,357.00611400382286,357.05799703798687,332.1308222165744,298.10636235614857,279.18228445606843,253.4098397011249,265.84594685402493,239.37422217802214,239.81731739146642,253.41568788646845,259.0938505319316,238.0781461481356,259.366862980894,274.4453620540001,291.17424232808804,265.34828493709995,239.01105119262405,268.9404297630796,261.77090333082543,247.8373117554912,247.03819493009854,258.43868982354934,290.33231781683725,275.38355369858107,305.1201437504229,271.86030814746084,275.72417111033855,285.1024289280145,257.5152471905672,232.3390189850411,226.67702133718234,259.3132551872051,266.03623391361117,296.347859425626,317.6531235185339,315.3698356274043,335.3032770750574,301.55185195344654,274.191931727048
4,315.18287365543983,335.9600698382012,317.2449217758516,319.3987931177853,326.81990056678603,352.5616273311068,359.77912834481765,353.6591381939753,344.85202123247814,339.6637672786238,350.298939069222,376.0232832918847,372.79606503722573,355.14483444382086,336.7111998536516,353.9321994706928,376.0920129103665,348.4614785001553,318.1205984870178,324.7309549499694,299.96308204345826,322.6895753754021,309.4130025500873,284.48403785806727,313.95197093218883,290.5391915236583,275.4695972873138,251.2225349507579,224.30683940733275,190.78720055088354,159.66487919238176,136.88978215789143,105.62651744179368,112.00658456956165,124.65660144552709,117.21073342376906,104.47011021041249,104.78694680196861,131.03729275839123,155.61650663594565,123.65976097684108,101.36464964859778,82.93679062590547,65.39392093416029,70.3802065561544,64.51857635537789,32.96636475030948,24.119354442479505,25.782060852714096,0.0,23.342098765199182,0.0,29.738930831264327,1.6768507418556169,25.727097353698298,53.91281742863151,87.48276506969302,108.62457668884457,128.18800454283758,138.1618338625259
5,296.01861473968904,270.4372693286093,272.9620318449439,273.9576327582729,298.98768284685195,296.38363843839807,288.3399031654228,298.10933215202056,281.76176437707977,256.54555314385675,254.99696232551895,249.17921812716088,230.45911396418205,221.184940672241,211.83241216007832,199.75710166895652,191.31958724984156,204.32162143175776,190.10297465174773,221.52302952182157,250.66739088949402,249.3311208704995,237.31640522082773,239.79684050892797,264.19607472308167,274.8771885622888,296.1846165185842,298.475175843186,307.7794098919194,292.9503028846917,309.39282424641203,288.5611457652123,302.19701478250715,327.44734956531977,301.6945481764278,309.7011300143622,281.35783239045765,297.1579263694575,268.0724516871039,298.58823927614776,273.2067943787939,305.3284115924296,326.3903039183863,332.9480442310311,352.7317315550994,373.38977028391537,380.0,362.73683476874305,369.04214744382466,340.69559127333275,348.8271902750213,325.8175815615165,330.3641243645874,335.4342603469569,333.0532210556428,334.6374453415614,353.11208264202253,374.0592127978672,373.5099378881472,380.0
6,353.8697695622386,327.25112075731727,300.44837037032505,271.58800120407886,282.63843115691583,276.9410122122424,296.14351134217145,308.12971027377296,296.4843533567496,324.3700116720571,342.7472619670027,326.68470783071507,317.17814907475884,304.1889476890573,280.22176309280724,255.56659917076064,286.0955216070627,281.74880421097544,273.5811918053941,289.65919141281057,293.3687059805136,323.89850505920595,343.5196096328634,342.0754791215812,333.42064226523905,367.4848504099416,380.0,380.0,353.29350040519284,377.83085794854765,380.0,353.5345174834579,359.71257748130336,372.7393230386848,338.600511050887,335.40276837980923,358.18073416355173,343.855865937638,340.9542316635366,336.91622055828907,323.05113795926343,352.34207064535224,372.03265312555834,344.77384189528607,379.56626794391616,380.0,364.8735906504827,380.0,352.4493672309968,380.0,380.0,380.0,351.33085088888924,379.123188811653,346.1531540359658,328.01111809884617,303.0226493605106,322.3964052089659,301.27070111386877,330.01537701303073
7,249.38223494444628,216.91362467907504,182.29371306808406,150.909767259092,158.32452969443295,179.42825645459203,161.1269538985092,185.58557290312433,154.59180871385257,175.6592784687699,205.60495858082953,224.65254651813615,238.52100139664077,262.1796167025176,229.99020767081225,209.11495542114613,182.85961297254113,183.17678228605018,200.33995126906927,209.44078038941717,234.01995737275263,209.88486684362897,226.3083432790903,204.82124763991362,188.77436023215967,203.46768904185092,237.08202398475862,244.8900764031535,213.70509845254418,221.84672634747147,189.81126495808314,216.70146475376032,231.37194471080375,208.49089396037897,179.91136436807284,157.75869038969518,191.36059295848867,188.45983793058298,208.34550431448156,217.89408826202595,222.96300875913056,198.12212658568404,229.34383833475067,215.43782261078093,220.89902771730885,234.8833438385435,245.32966470571512,276.1712733844014,251.56200267880547,252.14669437009144,245.42910172194507,243.62091278572836,216.96613961957047,191.35276231066405,175.81805051535207,162.14737277861025,157.10059773630474,164.86972602886874,174.29376424814717,168.1205270091371
8,155.33758158290493,135.5715784516923,141.75301584032286,128.9458796325295,96.47006803194495,90.75807112292517,88.94735837923707,69.73885915353185,74.81091447207996,79.41494750231442,93.55510018004043,103.91149393412513,114.58180789059736,101.71679851828037,121.83705405729711,125.2771609092747,120.476434571867,129.297308237741,119.54332164925881,120.43506877173189,137.00446696548732,164.05266903614688,193.5266728468103,193.78097760962726,195.2002356414671,216.19116439493564,203.20271281702975,226.81947818118454,226.40939343740416,199.51936414087294,169.56350443597898,193.5030292087414,162.39278339222284,147.03558392157873,135.42468675668692,112.53429792009848,99.50683380623775,116.49531347699372,82.52311252619864,105.4252522426467,130.3836138928658,121.44192401627419,97.19482695051863,104.2536555066743,77.6307344172169,68.1750896926946,100.26513235576266,134.94764543661728,153.99498783143827,140.7622935258919,153.89884696751835,168.27729255139923,160.4262112128547,170.28841563388585,136.0393507821832,115.67338688434012,117.42956809204838,93.89215939012911,70.50564014148648,94.04694048000312
9,375.87054101977014,379.7884009817616,380.0,380.0,354.91171219981425,351.2889051276188,343.7689952365532,314.3724450917862,332.2455571874183,327.61008909999975,325.4629744933278,301.0100826602546,278.6749483164154,307.1722018673504,275.2976380955499,256.59729804160935,242.04145116362633,241.3552791317374,247.4064412427731,246.93673955231975,217.82481297130147,199.88153475520141,223.9327216885793,233.56393072207146,244.00436423147067,255.9185921060655,274.32180343883255,243.38939715933384,234.05198410461674,236.81890457293423,225.51085840374708,249.62437953385012,248.4044551349607,267.20838639711724,291.84947257879907,292.18487638204397,320.8535334530385,326.95220929062714,351.47141020898766,340.3127659003943,340.2299529975983,342.42872586791873,314.77730598064363,307.6759814497515,336.8896185283688,346.04787535390074,323.47333612448847,312.1932306171608,290.6054412935498,257.34306051944986,287.2652926147317,283.6398055927127,270.16726066216773,277.0606640712093,242.57267601172043,227.0342234737774,241.24656607269986,250.61045018754828,284.3368665155258,292.7619061915889
10,181.45223197853846,199.75251140141899,227.9854624389027,243.43417870918728,275.85896435764386,295.5993263093162,321.27542698765103,294.2627119705056,310.53165718007074,306.3378661469866,310.05513231577584,320.8423009795408,353.7293591489307,380.0,365.17597718415334,380.0,380.0,369.2545002919135,342.925384532409,310.79167175240934,330.2056906794519,329.4846726066353,363.47248447128015,361.02062640483587,380.0,373.81032015358414,380.0,350.9373490618283,354.8196687714718,375.96385386047245,380.0,380.0,347.58795090408216,338.6771147955535,307.0860078575231,279.73576823554214,292.0071622422661,306.9352359840849,326.0956837766987,351.67764214059514,368.4378449339508,380.0,348.4274596876295,329.84492021852043,338.3777643547876,363.44653567852515,328.7615444243013,329.78559837244575,342.1957163279535,309.2682265669564,302.36311559569356,330.05755729255236,342.0704539124624,323.7065393477043,348.4012184219382,337.7634180606042,362.49754504068835,348.4236006190117,354.74601818083215,347.5318229231806
11,104.4335192869255,131.49254863895635,109.62410637472072,80.56091776122412,69.49580345942036,84.73054379433006,106.25075621266978,141.16279211734332,126.90813610812484,120.46407268731457,95.04156214938843,100.28259722300078,135.11319983140498,149.1748705398511,155.83976936878713,148.3056058733127,177.3765190933015,177.160680822426,151.56636475434033,142.14285717827966,111.84452399762336,90.98305663583807,57.21987130583193,53.949465460843385,63.36728400746921,52.39775637399276,46.82448037936217,78.9691294784825,96.60654798872656,99.46651257487315,84.38437383270093,112.1741497468106,93.63094792845675,81.40493906462416,110.03947607423055,112.10741994418561,129.06967640344396,135.4218119949076,146.16255662557228,132.11938703161007,114.01543134547649,101.58989564728307,77.47080513312267,103.67281070347917,88.50009603098715,92.80435363999408,113.24256339989029,133.11025105619024,128.79728915708375,127.13530075815453,161.76442318360625,173.98624657213793,196.01093759038974,224.189715435736,244.32100397178976,222.28355811853947,226.6355094801695,198.7681004921876,209.47264935166749,241.34710932481426
12,194.83818443404232,190.14625893478603,157.65525153405747,189.8394680971029,162.04965598621402,129.92519251755328,112.14985532289899,81.73698569718573,78.5952346660091,79.72138075400699,66.60127718600785,35.16851096624987,7.980536743695723,0.0,0.0,13.873280792693947,0.0,0.0,0.0,0.0,0.0,0.0,25.393519461861473,0.0,0.5717149069012635,0.0,0.0,0.0,19.6406796268609,43.524939061907844,26.74933710097534,14.323667968716421,0.0,0.0,12.828085036116903,0.0,0.0,30.12692323124054,0.0,0.0,14.809062911774447,0.0,0.0,0.0,29.317623547147804,0.0,0.0,0.0,0.0,8.410450063980733,0.0,4.8448435301473864,11.158520323776202,35.61899364006075,0.9508911438919085,25.686753297857592,34.02508934774576,10.417133375092789,29.522750544562655,54.40715846990366
13,96.62012382657974,125.93568148976738,122.7477016106734,129.9874134140059,163.91288076724095,154.22040627198493,176.1415604793928,163.429498727385,184.37444528428938,191.42581960467436,171.57071827045246,165.552544835699,152.7870392411483,123.2546267567738,90.34306066375262,79.59656654225529,45.928956889479366,22.513099920203615,38.27593237976441,52.84231887761558,69.54294592963237,56.743667908730856,84.04502990696955,90.61316826896086,64.4350121912247,39.49531849311211,53.01199837819121,30.11807392913667,30.628563039879708,65.05277635488949,30.333308686223262,0.0,34.51592073513547,40.440639124527024,14.324337410822949,42.13549139360953,68.76211240254798,71.29614132034425,79.82158341059721,63.94468681565854,32.4810655616989,39.100798184059386,24.733661708252782,36.18713497447743,59.72429735345952,25.995535427465,32.69549965546591,13.885137433545566,40.057332286811686,22.813847746139686,30.567757072618974,34.315615878891776,27.047270883039204,39.480724335024775,55.28459876510516,59.97024443746221,78.05980104039497,111.8989963599006,106.24806351295695,107.2688771449441
14,4.73855361766104,25.460552559387537,26.876657252607117,20.433957377846696,0.0,27.27594951727781,19.926456320116756,32.707168194762176,8.16335914053272,40.47183320840497,17.962756535933124,0.0,25.128800239039947,54.009592328975145,33.859910855606245,31.7459730278442,48.0906163472423,74.5762177139984,66.10990636660978,67.3012704460698,84.22141918245126,100.40093754814694,120.20814664997289,125.10351395487976,97.42657073121404,125.70470109267683,151.2947788451488,172.16159935243212,144.1519727536832,123.45978844938327,140.51181400691888,107.13162062765514,140.6773449871647,132.07747261206237,147.42934997042005,174.55932616458307,167.18341833508885,154.5226925370655,162.13457155994274,167.80382772230632,161.44362615604211,168.5678590667817,199.04455493643633,196.77937290029809,175.5513255528423,166.95574435465255,159.54323313617084,133.72084164800623,110.12184668682505,123.04119182438245,111.80463461900564,143.64752204891215,125.6992942240147,97.62400958135225,115.36932899137031,142.04185262562123,126.50978760662537,105.65595472180883,83.65958416278494,85.20044525844082
15,177.99832367377297,161.15911246359036,129.3212306528502,128.02562447568982,160.1788888101824,170.85523286286883,170.54069182687215,143.28913700894526,125.95967734741635,111.59385381763434,130.13010250014077,156.4998583086641,184.6147880583148,218.53459063586757,252.30025845318482,284.0101977469435,254.0377475821454,228.6832950970918,214.9959519504141,218.6988297349264,190.48728194430993,214.6930689904599,222.86600152587152,225.83150968702586,202.40330232273624,185.13118553075003,161.35302727950807,185.988348325144,191.88429852942926,208.34335845580358,194.0656588595054,185.0533434556848,178.39319096554215,196.59423898762458,215.65894812484436,195.13589505082655,226.0436150224935,199.48948864355157,227.21803441320571,199.2457296086924,182.76351638928418,207.01701391404117,184.58145897826728,178.53121416996515,175.021365166054,157.1894932776787,171.90665737119775,196.50008282935204,222.72034261924205,211.4728928208013,213.63242042094828,196.0208686915439,178.1566238000541,154.44440819968878,185.24573895621484,212.40495695860545,231.8200668915439,233.05637338168492,232.39892746751593,234.4811241002908
16,203.8958451592939,199.31526108813222,173.53809939057692,147.33456909137442,178.99204920057224,177.7342023716168,209.45858911498,185.9089705546877,189.71812919748305,169.2583369320908,151.9812593609529,119.08507987423542,92.41181162605022,121.59120016009393,109.09850956385714,116.66755439787858,114.21854363712771,107.25013080429721,109.48215719852197,87.58888332159586,121.7911562179662,144.07270702723662,160.98573131844267,158.79888210941937,134.5002806582629,163.94689073741267,152.8439854541336,121.35145373291897,110.31971110966299,130.9317032443749,139.52131539354946,157.08001632568966,177.6344931960561,157.47131597169408,187.13614809821672,182.7954203026428,192.5263757511343,157.68798983220626,192.2237847209887,176.88653173847956,146.23094919629045,143.30929210384642,117.34139610658934,93.00426581761963,102.26406272973435,94.7689801396507,124.29865165050035,111.63960627306523,127.47221525993831,124.74917537078181,135.94576644983135,142.92444141995065,141.01931951308052,172.52359613679113,161.51355112963802,138.9200362170871,151.38662047867507,175.60714977022872,143.4249115660234,139.89919975561105
17,339.14532208118396,356.61862540578466,380.0,380.0,380.0,366.17361967965496,380.0,370.6434841989576,380.0,373.2198142883358,377.54713939274575,380.0,380.0,380.0,374.3510691549467,380.0,368.9653703310038,362.53633710717475,358.33984468352344,332.1463359653834,303.56699349951384,315.29128811978694,326.17752980380055,337.5812097985072,303.96486097249556,291.8231399595202,270.66982926766394,290.1404288457448,315.38455694347385,297.6521833493042,309.4016244686633,283.4570207107425,267.7176975028624,242.42351223920178,227.26996590114783,239.50152421559727,268.2244079285649,247.40097648325792,250.34650892980824,264.4438860168485,296.14845881083806,303.85269261294025,286.7101777848569,295.4936487688325,282.92803008629363,316.25701743471313,309.2343468961677,322.2142873494387,288.8402181137118,281.84451934314467,308.10205227572044,315.8179733860477,311.89397543376606,342.4096003942668,367.1885067245729,354.7436038921786,357.8619920350724,357.1496899615447,366.40386496958513,354.79165365669803
18,92.79790029103754,121.68492875892508,151.35614372382054,175.38874572715906,208.86305588067836,226.01246268525654,244.53916868459652,262.9204751219814,261.56300928794286,258.5146629039419,240.3305022343721,250.4678458395224,235.72025536668582,218.76684404585063,224.7841402325745,218.4829074083275,198.80287002395175,220.92679119664996,246.1666855472563,222.90565192470098,188.43114422070096,176.96024201775714,197.7860005154098,221.5281711518125,196.21120605993593,215.4147191427495,188.51401085440955,180.81839216536662,215.72105821620073,194.20241584236442,169.97986662279828,164.57588990107382,172.95268671896412,203.25574148789184,236.91322167520423,206.78806623660182,181.44789245095518,201.79955062367475,185.743801282635,212.6832354480802,224.12496345411625,196.95409962076366,220.23114956544418,197.5760961660095,192.2207737935853,195.87371879273837,195.92734922835785,208.95875332141838,219.64682476226625,254.08976514923006,289.0492987949232,290.201456979418,261.8653930666785,277.8144239944888,311.18090946965003,298.4637566036814,295.7483786123116,290.48276334939357,259.08210416837863,271.14061435401976
19,134.26832412601777,154.3907953502229,177.6392006199619,200.12535568181107,194.29197554460268,181.80017330146563,199.21762787815948,220.31488824715007,219.70290949454568,247.2150808620869,222.28868958758596,248.82350416371315,220.55017047174482,196.29695701556778,198.665757944745,168.39205155786402,137.08854865587176,102.12486074747113,97.66702692606952,116.89069861652558,84.3293831361197,94.98741558872956,117.60632780786261,94.3663872083136,69.64684864581187,94.9029167992494,117.521639495756,120.2475631342491,142.5915546848277,114.08448010454237,106.69818636025519,123.34401528770127,106.36565244037871,124.0286764507274,124.32117875808439,141.8397979144607,139.36737256447378,130.120676380001,110.46392153350524,90.05047543395631,107.65483217395405,80.97855653633127,51.99732104409742,29.337716595646526,6.611972397421056,29.22950599390404,22.1249696370989,56.45216165233268,31.05694969767555,41.80473749623059,38.21580300031815,30.720075369113317,56.9759693028991,90.26766451088707,116.36779162507958,94.82883915753888,75.28469364216426,86.20986517881869,71.44571589349209,87.8764750481327
20,215.23984730766495,218.80346110199315,241.80174584070818,256.53903986269563,223.39948341250607,191.8616230127272,198.97071468464827,198.00415997820755,181.21708585221694,175.52301196425304,193.5767342755533,216.4395382016084,220.7251529539115,212.70101661390873,196.64978991856623,198.18408287241397,185.21655617192062,189.70321576522622,202.06888254090086,171.6944273052585,136.7691498568508,116.62854957570278,144.24435441601747,154.48470784201663,131.52193247760823,158.84040980526152,156.73732562537532,155.06374859288155,185.5516846618674,154.71575311470122,134.77823233871152,140.78222509954207,119.46628077028237,132.03317141490942,112.01963166847986,83.96061961039686,63.44958078525565,58.04096318429998,35.370644126415584,9.799085871049897,35.01881790637577,22.446622158187324,12.699730214465092,0.0,0.0,0.0,7.733954713925186,0.0,27.185581714398836,57.26224517876767,29.250419181142973,1.7686261213433738,0.0,8.369847941721844,0.0,24.66676225511864,42.46576830077112,64.85238837743282,66.67662525945428,101.444030065795
21,16.786539118781292,9.875086611809223,0.0,31.405184909884866,36.785452004716376,58.21881958584714,35.14270314194346,68.64709321497418,68.55186149631623,68.10890683526145,101.07083783346309,92.72210311866326,85.54885483751275,91.48154403385831,65.4452267722034,52.92122062103323,31.445803192192358,3.6756467296858375,29.305769172857254,35.55895080178058,25.66604620873437,19.27290262440428,14.479232882519113,23.799675632648757,53.67353303687827,83.96810641286703,76.37254498001346,64.42091715185734,60.994172164825216,65.74956829481971,63.07682209630207,74.18956078347111,77.99749242005458,65.4475806886399,54.64873709202419,46.15023222120533,17.775015998662525,0.0,15.61796615017704,7.854735956722635,0.0,4.387068740240011,22.274836713379926,5.2944020775559295,28.169693812218043,58.0950339859715,64.91265102114033,76.73898715055088,45.41930647316474,76.60569884469817,69.07963024324425,98.75265828142437,104.28108501394138,69.60440093297433,37.30234088561485,49.93165728250938,54.318418250744685,21.17568885516988,38.21788614073682,62.86805973557955
22,188.63864332693714,186.24166415194497,151.62478177036888,171.69026164492084,159.84038631714822,186.353839701926,177.46808083098972,182.02353457513914,165.94745974909205,142.18864163003633,161.43219486672928,161.193528385969,163.74768304862653,196.32679979234803,228.77739364789875,253.67234216706697,231.80499266061935,238.40408126172997,264.8744009876176,256.08687653904326,228.16430815453418,249.93171131132874,248.65515990668075,253.16264753182327,286.9127482740724,294.41754840865747,289.16610540528455,280.0650111545884,274.2983616403716,247.5862974628784,268.2188365521084,291.8590166252013,276.76681604533997,263.03257933403603,289.23597727747295,255.91390216442983,257.34592322813575,254.8032232558408,268.11209712633297,244.5495161367948,256.3326679924556,247.70404854369696,256.0140830155719,223.8207337066662,221.14163750958187,222.69920008834794,202.70204828819698,177.47570408073545,155.66890529159656,144.75878075603094,116.53549120737893,147.8478769084512,141.19746121315842,162.82533338863084,196.03453200625012,166.68600160644183,177.3028643618914,203.30150043377637,212.69791081144734,207.72973930646623
23,163.80901590241655,131.32193792293168,133.74399051318096,168.29200028826028,200.4015271062957,168.22947312524713,182.6352633793113,168.75880404809647,196.96804478652604,165.12607698617552,195.63726412695115,219.26056619209555,192.48587294977767,161.67357656198863,185.10311306487415,161.00615003309468,163.4490207414056,192.55116079291525,197.27252874136786,190.07885984446557,186.22998368424504,155.648185633516,188.46084812882793,175.20664108450376,153.4620855016035,138.48539663043118,170.9915202728347,142.59154401699516,168.30275685207783,182.8518294601792,205.95317200131115,239.26599982706387,263.2168257132449,294.25359030269453,268.13905827805894,288.84425783974683,292.04155642542014,295.08624808101035,323.0107584234463,356.0370257287161,370.3757083417388,369.1813956047637,366.1296656578928,358.17356766351554,348.48549973360196,340.8909786515121,312.17370511909576,282.5942310873264,302.18512015838826,298.41022266280413,328.55813686092756,336.4136074625043,303.87592621541364,279.9025601076372,259.3099456185478,292.61146732582404,272.92076315643845,274.023660496602,304.5560457114158,337.95953680542084
24,89.81696544574692,58.25520050824974,34.00732878589284,3.440322295071894,0.0,4.799880029261487,33.67129576995643,36.276617628560246,45.095886597495905,24.226594210163796,45.26744765733332,53.51267125272415,79.00224929621487,110.42126678661975,99.77432108958124,71.114855187062,51.92988224123678,47.578791838545385,78.7773474662585,70.25903503239755,89.21315998897342,92.0465284409263,69.84314237109464,57.29453069783625,68.01796264943357,80.11770027737612,75.55088255400938,56.55607474035742,72.08954930624475,48.91066221913479,79.47754064969365,57.63079118224704,30.142656580523465,29.977995746099964,31.346467613778543,31.919971648255682,27.486695901974457,62.123738400047046,61.16338128698777,59.61964193877594,54.14326632879522,23.821069157897625,30.328033338370744,11.285777393993499,20.918406010026985,0.0,33.69709708771012,31.52745261859718,59.30032862994608,57.589610756251545,26.812768056447055,49.36771628301352,59.740577359712915,79.46357068988908,74.4354611355102,84.09103323277532,109.02706349853781,118.20164449956997,107.53879893808318,118.91587054371718
25,255.3045916733456,287.54567904880935,278.50954155672616,273.26526528271535,295.1138725658095,295.51723459780146,312.07735111590273,309.25701362765415,289.34167355454315,306.50594254921396,280.68680439214364,259.58766083933523,268.46540963422984,285.7742956476747,313.40244772842175,297.48350254753416,270.234200649573,302.157466816157,277.967082977707,256.80377173553177,242.1968334846244,244.2542282664645,271.05201788884995,289.2902394799406,303.86126824892506,281.1239079988453,271.1616922056635,269.65003703173096,244.96985377572196,229.10993292458903,215.69325720128813,189.60259108432086,193.11936951789892,207.4713432745924,177.36655747797272,176.04517460139323,195.79995827013886,213.15926729681013,235.2143840321229,231.59122835406538,254.0302241388556,235.88293912385444,226.1396784230805,203.4845687723266,201.20848653232662,193.65268810140765,175.51758625040952,193.14223589656422,180.11150994437946,164.20781305458797,138.37013621412262,134.08765534025906,120.2951793588702,111.14427825273799,92.66408663617665,111.0849709235697,141.18520523839993,141.04043493362207,151.05032456748035,176.75238392994976
26,379.5552621867903,380.0,380.0,380.0,380.0,377.26519737511774,347.9459774047907,314.0523662856001,312.4564106154048,312.0584279628281,305.5737951132362,310.3455097036317,313.99689893494156,337.55981180723006,310.1658090355884,290.92824566297656,311.43859419015075,335.78717489580663,370.42486984926734,380.0,380.0,367.0043559840933,360.1206703647497,343.8866277021882,351.3275855756783,380.0,369.1248620558132,373.1149867875147,358.8559609192587,335.7419590833482,314.40494617065406,283.4611202883232,314.91166689897113,308.11323949450525,331.50170193465283,344.19476502293116,322.6292463217071,299.9116035822433,321.75077768798144,305.28059743134907,334.21056029048736,309.0144386187517,321.4540416305646,343.46721295272994,324.9351601418251,309.26967558378476,341.78599761352893,325.30782998776,320.4048234807633,315.6809150077289,298.3933475028068,317.69872355340317,336.72817757944404,328.21043857510904,351.66924395076035,331.58448935869046,296.88589365542794,301.86760899932983,336.45305307099636,304.15815475887825
27,79.039268009215,80.36329298331088,102.05914453445183,73.29208488970556,65.95851065282818,83.25381669692024,74.26184128536556,52.48039071866032,31.16509863642142,24.868513720471014,23.427708956883407,48.754718204004405,58.71238750376392,72.040524319849,105.8496263273625,99.67866714843069,92.91347537586967,122.54776311667649,104.7590542070306,120.84612144823126,138.6662411235007,110.51140094468172,108.28759934323261,87.3269723357414,65.30324143191541,62.77120916431676,48.03128868988131,68.75552002369227,97.28786242102603,118.4783047912116,102.10046587472817,86.28987343293073,69.12085794115347,43.57352466509002,74.63941043234979,67.78275630334463,48.511019521555795,72.77799305713285,65.72166424317817,33.17984102085484,9.515750938329006,19.26327476326091,39.06664395528156,18.832051149491463,48.049742398121396,72.61954080177293,97.0061935860486,77.94247386199356,46.47999306749762,72.19964083127849,58.60565684297819,66.92980352512501,85.12748538417611,59.108013479954536,78.76669829628787,109.46250042356246,125.44874802581108,121.33434041945014,147.70181013206934,149.6238442371485
28,283.01295257036656,305.44836864046886,322.9030689593993,308.0529102827701,281.30198334617825,262.9856804015225,263.1869259901472,263.5563105506639,269.3414150026815,261.9985436310339,282.0809403325358,311.0017028568403,293.2724566004033,309.82908183953543,322.2871115176886,323.90344646724066,302.10056283843187,322.7668209392216,355.01066093323993,370.53920418959285,380.0,380.0,369.6435471967467,379.3191959015903,377.49448753625575,380.0,351.5665476805408,345.43279168134654,371.7205247982531,356.60411653510914,376.7496160798303,368.54443747444816,380.0,380.0,366.092425036383,380.0,368.5799580683288,376.0253568834162,380.0,380.0,346.7115588617411,327.12261124240206,341.9568579836026,346.40348457147024,346.0958400455503,314.9605370151089,304.33984885741086,329.8968650911562,297.0593636836785,289.8099001592153,320.97028029616945,289.5319317143205,307.01133428744504,290.0442174201876,315.70683567094466,332.93159419810024,359.9309561581856,340.04569148837425,342.2361843256766,361.7850803759127
29,93.36590233809278,74.51814370679796,41.42089305162892,73.5169636299106,88.21814523373422,97.70737001444718,114.78700060309654,116.99990491177732,115.32927238810606,111.79652926675254,121.62727411400743,100.73472239147424,127.8988310425151,149.72149702786368,139.19094982950605,144.69360060638274,119.56551160288376,152.6297489582356,180.83223709235546,210.3650625472995,198.61647588654108,175.45590540334098,155.27995684598272,126.58005421913902,99.98779832623592,69.97911571917507,104.2667305635162,74.45076839935138,48.72871406595033,71.63653575730189,77.25335092930789,96.46255524916114,105.62639579324701,132.3786507162734,142.07137765980525,143.6201341630258,158.51261272631677,154.83010535176442,144.05457295509586,141.79024462661073,118.67023198350995,139.43025306969832,122.67951776321445,98.42672600680777,80.67138293163362,104.61629355569039,92.73038424753156,105.75387511294457,130.70254925884632,101.14467594359928,119.69638430606227,106.23296695259438,86.39653244547736,99.6196341171854,128.30539770851175,113.95674231837944,118.7751086952818,104.0634966647462,107.86348766559615,116.3938298114
30,231.92744774026835,240.57569361526055,215.03127907048724,228.57911194155758,240.8116368881732,253.59280544335502,223.77774413506444,220.05646310405513,213.6889223472562,184.75872620228017,165.3244811550569,161.19186538091947,178.19530707098522,159.78965245991162,182.87214616865543,186.07802617041784,204.30754413334108,202.3864629669211,202.33005874647677,210.7104160030516,240.6683585746593,240.09523927356298,242.10126694114336,249.24105438807044,265.86711399891124,235.89663748294765,236.9947581794857,235.70616942390876,265.2241183205387,264.76957895108256,262.5520163796857,294.9060155771149,291.4463680291766,269.1082781517229,249.2924067481281,220.95553443171627,185.9953034798424,181.23149974987615,200.07848044075166,216.42113143674015,183.67156758293964,188.57037083452195,164.3701896134653,195.24552954699413,171.96107952208666,180.8258247609104,168.6625101123944,178.57180292989904,172.4299046823843,190.6049183438319,171.75245711678195,200.15788682078016,200.1725622727148,218.0990826126145,242.58019601070038,277.4981987775367,258.17439536911377,243.25686431855559,225.78718038978775,209.18817364097254
31,221.32900178496345,255.87557840517246,290.1950445016653,292.06917069702683,301.801075415554,326.9990134746664,357.3043555664118,336.57459947947984,338.5725205054515,361.8711143317573,348.0952596961787,343.88189266981135,377.87536977565196,380.0,380.0,380.0,363.8391350505964,351.29864023529956,354.6084391196408,358.8628553389817,359.24805269397643,368.8149722881178,362.39758387242705,379.8397748845143,368.18826973799924,356.33565952424397,330.24147685667197,308.4513315586963,332.9877930831914,329.22755678382225,310.17830184252057,328.3321788440877,332.1108576512679,298.59177845089846,285.73708046446853,263.1271792429624,274.0382795117613,258.290452355879,227.83672690057506,196.68217614441193,202.40308700152195,168.92372890080821,193.33917682033444,169.21697516834377,176.67661863202386,172.80478059277607,168.80438707900925,138.83018704421244,160.02284455906755,187.53651849179522,153.30768520869123,130.80997750748946,159.08327072317297,162.54782361917705,138.05059409655178,117.24592577919287,128.44496287579085,144.18214043307194,151.1420170336674,182.8624036275442
32,187.74416939147528,173.76320324145217,172.16950693975792,162.3461474964207,143.05525998364874,111.27268743745856,100.92756198701727,115.72621632669922,82.01686252796276,77.7593584523782,87.84001655386896,95.56830419607047,114.9336947082806,136.67007480446642,151.48948226882356,123.685320998956,121.93689207926127,129.1753091033939,111.36493182005552,79.34355905532988,59.99488151665315,56.83748963793789,50.812611971759964,28.17930066466127,50.888388652505796,80.68645546407652,59.780837797766594,89.85094188747212,56.101209029734775,85.84858211922096,117.48359742488452,83.32722783599928,101.73857861037163,134.65268869026067,163.06584400750518,196.0155552912401,199.53820069007486,170.00913048205206,194.4943743284046,202.46235223503538,210.4939243282156,204.7016770183236,209.73061537480123,185.48119991082922,202.26510177045975,172.51631328506772,188.60096697813316,213.02945656187296,211.10226399138713,211.7903896153806,198.64538871992607,231.50748958071722,247.82620279988538,238.65540153090956,215.89191856721993,196.26249002136632,193.7370500490698,224.71683807107343,241.1070822743377,221.17414464687818
33,326.63323069918124,318.1072673098589,342.72782010253525,324.6467919612144,332.9530347967566,362.8199689624463,345.8725496027919,359.3774109438017,380.0,355.54188010701023,326.7300404560574,338.92370392719454,327.7052202696267,297.6923336852881,295.96372693714034,313.7276745122173,298.68624254128054,287.13952396663996,311.338482011928,312.74351587023216,336.73475368668517,332.98201813674484,364.6902794459521,375.24590072619367,348.3588212985411,375.3153304744171,374.56389383257294,349.4786215906763,325.1669309595758,338.29430641726685,306.6103818883312,291.6719454322981,266.4570767651889,262.3324968383988,256.3372608780041,257.868611306224,242.44315434340115,209.68620559987357,217.69323305733656,208.85349325910113,219.44694317090438,192.05363112720318,158.01804599778671,140.3986433497572,137.35695595934084,129.94199415113354,151.6631730202762,143.11180811377386,145.24269068598937,151.78878215694283,118.31697957214965,119.37631595138288,108.51450410930153,103.00411304712935,75.02423094179687,94.82167053720207,125.78996809379862,92.34878553787064,99.44487893466498,117.91396364485007
34,108.22688368695799,128.35577462738314,137.62062818102424,167.66201243999916,201.33234923476323,169.29657721467254,165.44222048656297,168.73136561703825,144.0033919415739,132.54340007148926,166.6787214144416,132.8148533584146,129.49040856512147,153.47623208539522,141.1493204757454,139.73521566860614,173.19841787376475,171.43979642706404,145.60428827731897,114.22479269396632,145.40395276476272,129.0106116940173,129.29508515353587,100.64420877983366,95.300067218376,125.40745356588468,125.57636312005036,158.55582374621332,141.67431835283128,141.99248513210688,167.15964055875963,163.5373053775217,148.10142152743498,172.98469696668667,165.27695978776933,167.42759016198573,200.7844848110459,178.8383154439564,164.93636001436937,132.11123201925818,124.53987171296188,103.55271185390205,116.15515733245445,93.84765944606414,106.084552114475,89.52783208772723,79.3930804762112,68.81332611945902,83.98594863091171,81.64159705059569,71.93251997028352,96.61611030304499,101.6526540979292,81.62081158738903,109.62720105744683,98.61272177980169,66.34127820741412,65.96329388562583,39.638957696487296,21.331608756589276
35,283.9021316212162,258.0547585575585,279.540854262341,310.12436443150773,317.58161146006387,332.30675490166186,347.2578175951811,380.0,368.9076783541136,345.3076369411028,346.64934338510534,348.9768300733249,326.43070425405506,334.34836358364487,300.3370949270226,330.27388309881803,313.7940825463063,281.5632971336197,254.14075803685967,235.95818441643456,220.13161621885774,187.42831618369877,171.9831530372598,150.48907459180356,141.99253951221988,133.95428112713773,122.68482296933928,110.63949481648854,81.92068425837613,48.68503055720748,27.833031568160152,45.79849148732325,80.15517507590181,110.15200732991485,110.44736221755863,112.67503212201404,99.69574195452304,118.87150265915898,137.40447081444438,161.50353584521548,189.1888562489974,184.5933036247681,203.27459339227192,224.72250440798342,211.3146779828259,241.36163506325641,212.9655402480323,247.56438278946212,266.470733060583,237.99969643328586,248.9357718006359,216.32833056561412,235.24141702670693,256.1870215428408,263.3557392592421,288.33596669340204,260.1877963084422,244.50246525129916,238.4948917627861,206.46694846075297
36,170.32211327704317,153.88705520492277,146.3785060520455,141.135690291507,167.69451163564497,151.61837957257973,179.1803985827188,173.99836611961825,161.94490656819727,162.1207500216575,156.3627800670563,139.3788419809165,139.56639471664118,115.19251603215935,104.82761204376698,109.43292739995331,103.3715045072434,126.04536978079915,109.01589308826078,141.8999036064315,161.83044506602607,194.5619568858491,218.2315157239704,193.1787905335854,195.03099687803638,171.92949336174138,194.2054080456494,200.09675848848008,183.53821049346345,213.61013853396543,186.6731622659637,191.14353050895568,206.61636933562647,175.7357669488967,182.58568927333096,204.69877435574756,174.4256863650113,175.28269434247522,158.38169681288701,169.7864084204715,143.09382411599063,173.68742426292613,201.31842498295737,179.33663437425702,166.96524627981432,173.09969450552734,188.36405806992485,184.3499791311429,160.29037166841113,132.58097623461214,167.56454981861623,164.43919831966036,190.5164207600552,189.28274108409323,218.84777578231348,189.990932576322,162.97227596974056,193.04652911043627,224.3710422635712,211.40126358614663
37,134.96265705767132,131.63417349610438,125.76549110081476,104.06865621798653,131.95493309374274,114.68646514313781,129.0555338065734,98.7564312480215,66.46902445501155,77.23015753539602,65.96126756552422,76.84342505592429,48.42490920774242,79.91450580185284,97.31051848436954,123.64922479617547,98.20216357929121,85.61343140179207,76.39752289623618,78.99960827911349,64.78040226463247,34.024554217890824,24.846040869513786,7.664492893423528,0.0,0.0,0.0,8.886663830258811,1.057432250723366,0.0,2.3733942905660967,21.403632149640885,12.924389093997888,19.05075357290673,51.68493734867906,53.22354533694261,81.90937569317072,102.46645939112062,71.57676710663111,66.61368810947909,80.49597666028023,114.56581053165422,111.65215091296011,83.14713270183188,87.48777493173264,61.34724038040986,78.95360959996742,79.49099942229185,95.13119520870191,120.98652309019855,130.01288429159297,137.88363733931567,155.70355802008987,179.67540812177657,205.50917316116676,173.05928685896856,176.9926076348138,157.13145932064242,182.35567167536726,192.74350963960256
38,159.68454203232648,137.8518380008211,126.58349181520896,140.84793043302466,120.1530985978394,91.70390477152552,118.86591784745406,137.36064231806222,116.34628746413148,101.80809550423089,134.8530079033929,149.42592197653113,157.16246227149884,143.69645625118795,129.6352163428445,97.40186965116061,113.3956003342958,81.41786608827772,46.75787973268723,62.822535882955776,94.24369888339459,112.1989122243063,110.21372556801282,109.23689303727394,104.76644262271134,92.49149932043468,94.0114943134435,89.19206131332157,96.06381291617583,123.93221855125245,158.58287776391916,129.09490805572335,121.02275114201723,98.67218484569389,88.32061802048122,73.44372931887085,50.66132853274604,69.1466522722364,68.8868642702829,98.23405502548871,65.5155260527797,35.20398697201901,28.433137777143088,0.0,0.0,34.02208201536365,13.64925453928663,0.0,5.154846815699642,5.014727171220613,10.645407975419744,2.0168774500180007,24.890242642664305,0.0,0.0,13.283329391086085,39.05988021088905,29.92989265586209,34.67208459242477,4.511880742933073
39,64.721253482495,34.560924855123005,50.51258729501956,35.676785105569394,51.33895541899801,20.986834952027237,46.365180980610035,69.85229484838646,41.077306861906266,7.740262313909312,0.0,24.754112120271373,6.18335635390406,9.562488603977272,4.399582826581252,25.086369662583394,24.30925076553035,24.35550961181923,58.59194537681242,34.101014349260424,57.25029006147565,25.8727722537476,24.308186123855535,51.351623799167214,62.916601391455686,75.88162474708497,59.31383450503898,53.61406990034078,44.274744345274314,45.7757690563339,43.131724166390654,31.014608797779914,17.398251663761812,0.0,0.0,0.0,26.04730114025017,33.19565856859009,7.560708360159964,21.13086175479006,45.4675145146482,27.09501155830634,2.637053161914821,0.0,0.0,18.357594381245804,52.460637624164406,20.602260197503767,37.967227333096275,7.997578941963468,14.446876685220161,32.3721464551968,22.516454263938442,0.0,6.663254648779798,41.05037861858176,24.08359821727646,2.3479876203815593,0.0,3.867893393003925
40,226.64913775690388,247.10809635883203,264.8232255122677,292.3011301479238,313.7052190318849,296.013914847446,299.9253331887493,285.7441703252999,273.82914689390503,304.0652527400048,316.7979660947,350.01929502227733,344.20317259258945,346.8238027273678,345.92188212151734,318.43197614817825,300.0011157650405,301.93566100735427,271.6518623666647,301.85419741828696,275.5232551543229,254.38190740350637,272.95439307921094,244.73981100446292,272.75927797754156,288.558345928119,258.36180592573913,271.79110021573484,281.0050981677271,299.01955845952136,321.9934081337749,337.2779475558957,343.3102882248637,330.8827205255882,344.6918768536832,376.67988777783773,380.0,380.0,375.5989629539861,380.0,380.0,356.22725268474153,335.39562225000486,338.1562653565121,336.85254316482815,341.8624280802985,310.29761142099767,303.5969633641291,309.4054417087184,315.3688363000658,326.38221362385195,341.7973356540384,351.7056398878984,372.0226607651589,380.0,380.0,380.0,352.0835356727332,336.20449352351966,338.1224781695888
41,331.73514185264867,344.2687507928082,315.597316285841,322.0565628169493,302.5782219515462,318.95938113675675,341.88024081236904,348.42217989366713,354.81756257628683,343.51896360104377,339.75646508233547,365.24404984940963,380.0,380.0,370.776267037386,339.30284871758477,314.3133668104317,292.8251300781876,283.96197810629485,315.05203340163405,315.4127710417465,296.8515824698927,269.2540920921987,257.93547881440617,280.03662330298016,271.8706188417157,290.9460252632847,312.13537359216616,284.89282747107546,292.4990101549504,324.6357345909281,317.7853998341769,286.3514860643885,315.98267438244,342.83931409251386,344.38921539714397,348.0469338212247,327.86881101555343,350.23036390367804,350.1323665911269,317.50381225110584,330.3148592025357,361.8495980887251,380.0,364.40386981473773,333.1366257600715,363.9612246377442,380.0,380.0,380.0,377.3820042497566,371.76557994666973,345.12697046167875,316.8996733469555,298.19092361428864,321.75577586274676,296.9640369142444,277.83294254827416,281.2359267008287,261.2951119663079
42,62.018540192759076,66.45067711161641,57.217206081379516,66.04835609021234,94.90272991881966,70.47224911927441,99.41260530618888,127.58690302579316,150.62303385930636,159.8130480707323,168.2233140933206,177.96820028887572,191.30288887412263,157.45664291585365,189.52312345709913,195.5153867596897,215.2179955178592,206.62772425215462,172.49552922626032,173.1769554176114,173.68026376972642,169.26951395152804,158.0497077428734,140.53753388955397,142.46567510435676,133.73514488290135,166.63037669638794,143.73528824007315,131.11187797396923,116.68911093868923,119.72075327520622,119.67037126339659,129.7322038430957,161.23232778329026,146.197803767861,159.69181361571077,126.4446278260736,109.81182091742733,107.27220187718882,74.44183707086825,82.67869930962297,95.16044189774254,112.43166193640582,113.59187727541666,120.8680038239205,113.59257141341459,81.48028368887395,53.476913593089876,64.32662828719236,99.01549925819671,65.12172599962742,69.15257077747424,86.7231834792533,109.59742144022482,112.76176452580961,121.15588313869694,134.92662930791568,160.0542667864558,133.6145343906531,163.44728812989354
43,9.886613349596615,33.42059591664088,3.79242577581968,0.0,0.0,0.0,0.0,0.0,0.0,0.0,18.73627228891189,46.25539371381416,56.93510133750988,30.643828548366542,16.321184178056086,45.25346495631567,16.4648794668679,9.94478822422576,40.920111570569475,72.46665047343345,66.2508728668559,77.96865503377171,74.94084691855164,92.68308467909554,59.89377782760545,34.98477825210054,42.97869450015247,24.257352871166916,35.8810138200073,25.46661874229818,52.5318078112457,74.87996480044478,74.37861080525954,93.48126690189957,77.46091893835592,77.05910331518629,55.88284694561577,81.14487874208533,103.75961190187434,131.91008869050444,158.3334773762026,190.50521572036723,171.48875193460208,201.71645229027416,206.701375684914,201.27603155918467,205.5022042769358,194.48436924245527,179.6830797297219,161.57508338814893,132.34504265014778,132.10458545045088,159.247902750423,168.35854059962992,169.82683489253407,164.82833917009822,162.33645301230166,141.98586734233822,164.59137874585502,143.47818617556197
44,272.31664755637894,290.5155983611096,295.75643130305104,321.16127754988906,306.5348022214346,333.248007708435,349.3067398803863,370.2192278237096,380.0,380.0,380.0,374.4113998167247,380.0,380.0,376.7009115998412,380.0,372.6098150700816,377.19242920941826,349.6083941987856,330.41265778342427,354.2613897207875,347.0200803188068,339.6059665778748,321.8246378512182,321.23736125204005,342.64454854658356,370.30603679074534,340.21404703383826,345.4514982206464,343.16063397310984,351.16036350612035,347.4696615896992,340.37479904943825,338.4064489195025,344.1463879324515,344.2152127046759,342.2653242761211,364.5137959731867,380.0,368.89649459268344,380.0,380.0,355.7444543761933,361.53222669734646,346.50406624929144,363.246128784162,344.9611018392699,356.95934853138215,339.81807445541654,340.59813789551254,372.003390649646,363.69491834159646,380.0,380.0,380.0,356.610622080634,378.98669744809547,346.2371551051348,338.7682869640863,364.7196230963368
45,261.7258408487695,264.01767076242095,256.1681525182044,278.02893877112444,292.69802704749986,290.48639942059697,317.9603030252731,299.05666427257734,275.9840699136811,285.9803334170318,319.0199374061557,301.3278975376296,283.80482406299745,258.56974342035073,283.809192289505,264.6570201182984,264.87951698904055,299.2405904491949,265.09045351373794,269.04447984949354,269.90471283883977,291.4260291875506,281.29573695624504,275.01963207917794,251.77529072109837,268.6323569356034,288.5619805787738,263.1284130332919,255.6704082124744,283.1737578878622,248.36326704516733,234.27640198875162,238.12936194242997,226.51593211862672,210.55909536106356,207.76171930428842,185.46833687196698,187.54210373913088,202.0108182310567,207.28146491505186,178.799118075149,202.90772106673916,180.15616969086335,198.69300973364238,188.93256748795193,208.72586185187907,188.1649650902533,166.2313123489334,166.02312158415714,133.32864261304235,114.09945632780568,129.78031398071005,153.3971574620898,124.05213293773653,150.79757259840386,171.62377688212638,197.50167758161393,211.3916764021327,223.58239111271024,225.3389174468507
46,248.0591453066997,277.39682182636204,249.43336192553164,236.53687537475804,206.60872352646908,237.74508556255176,233.9136681825089,246.1877811298421,270.0661856451446,304.43620301049884,280.76097505595743,301.72685745623346,328.84646032580497,297.26773670536625,315.0540759183564,304.8848484021149,315.2866238050451,316.26999752776567,299.45195517383024,273.91745051410925,247.10375683035386,219.3363568699483,228.98165967936876,218.58041927733643,198.74475995174748,212.1767164411607,225.25618604481338,227.99796650980323,258.4450136904128,250.42400989131227,273.93441788016275,244.19417643541647,260.9823530181118,295.1736719863469,319.43554712649404,325.0120774781982,333.8857019810995,323.6159704416857,336.17993571975296,355.10761254244585,380.0,379.47240419003026,348.76368879417123,355.47374534534015,328.8054358440919,310.93898889301965,298.95358268442124,315.12567380480994,292.992242476305,269.5949487552697,237.74244573018763,263.8692412749593,277.4146209798835,245.2108735731174,212.1913349677854,216.29853572103934,201.07594381110914,207.84678834134417,203.26908063901175,232.90096000072958
47,109.3674256853198,121.90760147604237,90.6914032893443,122.60164068256904,156.2546634361537,172.98988746730254,170.55476047675268,150.95430122966098,172.83044504701854,189.3752318473101,169.91201461657653,166.49708520758514,163.89301085476012,186.74174935284975,199.61087725623509,209.63260530403898,220.12052488346848,204.05343044024198,195.07321862830935,163.26957860887876,183.3554581157274,178.66533317761434,174.34201817374446,156.51695671909835,136.17686642125835,142.32440149109038,123.6031125553477,93.09773216493022,111.8232512835931,103.17611169203872,94.79260256499003,89.98488227109544,112.03801990966201,99.49660262544921,117.55913741349775,148.32727626806576,159.5880499828017,154.8057256651934,172.1510062854599,169.2038221680569,163.21373114562675,164.98355259571457,152.22411603236515,124.52163117196523,118.56127155879676,92.23125323784791,85.96215638672919,89.9475168716707,120.09729955606599,87.63286272923722,96.13495118437334,93.17641424987875,59.59469322416851,42.06306553987895,15.357033204715066,0.0,0.0,0.0,2.0327575442223065,0.0
48,61.510357038921484,33.06000403153752,36.53714197992957,24.572382908018454,27.960224430448704,8.487855582676161,0.0,30.89568308891728,3.477251572146855,0.0,0.0,33.689356679529084,41.92557349142879,49.645870110698354,83.71474421699543,54.905458066221286,88.12052054418155,67.40144080296443,76.01644605230689,70.4222956235023,62.298922566904764,92.48595556046712,67.93189655128509,102.72672732662215,94.26548160303054,104.67972487522934,137.43319607906454,106.46526960559277,136.0657750103561,140.81257198516016,155.1203535135818,130.5632463856262,132.90036654379844,145.0463265745655,141.98363809170326,117.83260055912723,99.92093581511762,124.7284311846625,92.14140068295592,106.76174617381281,141.7190487298297,107.24285845730333,83.51605625469915,95.70615731721858,64.90551573819295,71.1908146081031,84.07082185737704,90.24106622536198,80.80399543683666,94.6137561559014,101.21436611686886,80.74896816344324,85.16845621440092,111.90196141412582,123.58029141245731,121.60569693002662,109.11658413088821,80.1286187915183,62.25251808465032,28.03559080073171
49,374.9178486594865,355.49160630849826,377.53292229647434,354.3380640228229,339.1901444952131,333.4695568411987,321.1779533311111,342.0625102243014,374.10104878538095,380.0,355.7504506863429,375.1186580307932,350.474941962123,379.41161942147005,380.0,368.54667616396944,344.5384609773629,310.36509714989324,292.72138656615516,321.70279099584695,342.51114445490293,375.3967039974533,347.4500104759494,353.9025225213462,336.9030557035006,339.9089751075692,327.34081709701104,312.183405614046,317.3525767557678,295.1848480866356,293.02418867468384,303.58104722776625,277.5537923505625,307.69539131194574,308.0961202737345,330.46307830563853,341.236458449113,355.93652433469117,371.0656902041899,380.0,380.0,364.4752006204973,336.4408756210793,343.8784189825892,313.52311524652987,295.41365686479696,264.6631597869308,268.0852910173905,244.30895976339127,252.0374721237344,272.39803128416315,294.9296817381935,281.5977273078274,285.0245445964421,289.43529780248724,287.53740055327887,298.3953729530124,278.1014716206597,311.6484983917353,283.51408628810054
50,315.10403365718525,321.69075274376837,303.83058504732844,321.02783509354947,291.9414977909445,311.1507462023593,317.4497117593703,290.2022340471184,260.7676234635843,278.3261668041367,263.8316802594053,291.0828098131102,309.4279212852225,323.30123841546265,307.8036620998042,322.42977843131746,353.8001163473558,325.20930475329567,313.04068969354535,294.46774827585693,286.9952576839036,303.95854352367985,302.15552422345695,307.1066666518742,294.0975088173582,268.9877575134552,252.6731129390962,277.8507340260353,285.01992137677405,276.47912850058043,296.7725472220716,266.2845674939152,249.05694364848216,230.1641644324959,264.1396837842715,278.5665845517647,286.8116000989635,252.1605476695766,230.0622478158666,239.55013832398208,231.13049117769867,260.83011803523294,279.360813375156,275.6776984714444,293.14374689912336,326.4220495669589,323.6907072960619,333.6675194482592,362.9740425025499,345.381268845082,372.44032280172144,344.2684522758302,354.6598242169655,374.4584950708704,380.0,379.68743629067797,380.0,355.6164596145611,335.7064093376764,319.59936341462037
51,227.1561494394145,223.0892246015694,205.20253357557817,231.99918682569876,223.17371564622442,219.39593599231682,213.07501135074642,190.81101822011908,207.02490930023544,203.4169876590555,169.55498535154578,202.03594451673155,224.1393973284105,239.7885521148367,265.6249830511337,294.1014908035222,282.7257702504329,290.4928777396018,298.1094243839934,281.8204012007352,262.3570588020299,235.33056663936145,246.48256035351312,266.14688972566773,284.413598291858,271.55287469480623,250.92106422737038,247.6740567191939,250.95099893602963,280.28709789382856,306.52471869301235,335.6488018841403,360.1671688436588,380.0,377.584999801834,345.90814462215064,316.7574868725442,309.0768167966082,292.114913185718,269.01075458099274,300.7350187965982,279.41438998534176,311.57093904740793,329.82965786989246,339.69585491865814,352.0171821249146,340.2203847810533,350.4702774451331,328.5387257248217,359.1781060023402,345.3036397995818,328.1666956601298,342.9480915337208,353.8995017983535,350.49042608238494,359.76166251073994,335.92617753399986,348.0591590521367,332.00190771580026,316.10042608315223
52,61.628375278638146,49.89477473116966,38.082348952962604,34.87487977212146,13.20424509876591,0.0,2.921700016425973,0.0,13.222790559218453,44.29908936960021,39.1747828861067,67.25215480665406,39.13431618546457,7.141350101759684,22.63717152772847,40.90868163643324,64.92275850403581,33.89999599203452,53.283489839012645,44.64120113477338,30.87483542252727,7.986509916558049,42.70761277373492,12.164064026055371,35.05462504861532,44.819235532952234,61.27486663128292,76.09506502580865,101.1854789809314,79.05092387085898,44.10864704928696,51.005641282315594,40.77574603494895,14.440859213148599,0.0,0.0,0.0,0.0,29.12183783827109,15.969030293029817,49.725179116180755,82.23086969930876,57.21085946220671,72.25556066494005,79.31190290383489,92.65719802119565,64.39056802220887,42.58977352662794,12.954479828189648,20.243874193384613,54.30524950282097,66.34416713887686,81.09747459041193,115.01842749844161,127.47923629046733,95.29194637446028,120.9823384344221,111.50981876093783,76.8152722669679,77.32166469622535
53,356.0657003329802,339.0788484366291,338.4847705503279,315.64915269509527,284.6876397117461,255.325785981664,271.2165493989589,296.70176235090935,271.7326810985837,256.91498084531656,235.56704358045448,202.44694796530445,206.18714385739327,220.1816957670286,230.53311942898353,222.69686774014087,226.54758495593427,198.13453642047,173.9357967310579,204.16142009976676,222.46696244715952,252.05869915492121,281.2263190698769,291.68380226741874,321.6605076352703,315.8297948510427,281.0829319859886,250.46291009521974,223.12702289427682,194.80176461707703,184.42093197659545,198.5098884742505,218.85530493628517,225.17023414040887,200.42076635939742,217.7738785097697,207.61001284940164,173.51954725642736,158.16075069371982,146.3027894835883,130.49997694885548,152.3308876719865,170.52573550357283,184.21437763245774,158.94473312831633,180.49310680775608,192.8954241241887,171.53406217788614,181.9006372975923,180.74645216785,176.50095649778575,149.34957794085295,150.63087725001452,122.62610387807996,99.12384098587864,73.40208298511203,105.18966252001258,90.13019085108488,79.99449350280543,67.54013594352796
54,341.33516916769463,345.74278296113687,375.0839758864687,361.0787192944214,334.11714650465785,338.0524381953501,327.2400276206513,348.3735059650037,374.9331445888198,373.0132903523148,380.0,380.0,363.96442753704184,363.192713611141,330.8044340793459,352.0845152977606,324.1849688575701,310.7973630527804,315.3695213431264,283.3777801384093,253.9299630811107,267.6581081140216,237.6825046282754,236.07830526559178,224.7869996050443,205.75255816199342,183.96708101245002,202.40587157373056,234.01382509425036,208.8264070484836,241.0040923906725,247.63746763392976,257.55369600935774,272.2485424793385,286.53686480415917,308.9236423771573,307.7664479714962,310.1015490975252,297.7694392699643,270.1374708347825,281.66228419961783,249.0149820426554,233.3094356184912,204.90552612971823,183.2564271423085,192.96759104512518,201.96095515946945,196.4347990691693,167.74683742343365,163.08301157559225,152.77515260567282,168.2072933055893,173.7391558795229,173.14875959311286,172.23750535446254,204.87828746269184,222.81888298193337,222.6074522141423,221.15303511637075,188.0065722077182
55,358.1535200615265,345.4956980852396,328.41143381689164,363.3700585940286,378.67833559934525,346.99379973029545,316.3257831220858,283.11089259929963,290.08421556520045,260.09373056953706,290.4309155486822,321.0143733502697,324.2381580226353,332.4028832203518,317.83549132711926,287.3135692956984,303.9358004591255,276.0608196715567,247.04985454284423,233.83547218713989,199.70806837579164,195.09056147873378,209.62822518433916,230.7226503838749,238.0241616497994,262.3053558677733,255.76051013147105,280.1745560857044,280.62768782059095,261.2402167804716,292.33041204670417,276.57837321530235,243.4124771084479,225.39966011529975,216.0677894033197,205.66226723356817,207.38899289461818,234.20787463713282,219.6715505348118,221.12549309195362,209.93521985014718,232.4593340062712,208.4914399364647,180.7371587181688,180.94682644480093,192.97895744838536,213.665721524739,219.93946122811116,239.10894452044118,231.59864861970584,198.89938553835867,172.0263370914676,139.73691917749733,127.76297471085184,127.44736859965963,117.38959245564536,121.63155571029279,120.2741961047879,132.7301922352637,144.41754368470214
56,120.86437590129822,110.09938777657464,116.05973529146587,122.81000804382478,109.83900199842412,97.96125400270387,111.54440492573417,121.86316252705905,96.31671885464328,92.18965043192082,119.67907594166212,87.22047326897541,112.08194952287039,88.50442051736047,89.01182478968059,83.71537481429141,49.42442842819355,78.50221402446778,75.34697993786915,107.14575931111222,92.21783237965747,117.85713651877552,147.42440669846962,151.40267584442427,130.5901209951645,143.5574412425649,146.98590589962708,178.1029825093109,173.8520268360453,157.64798217083285,132.32807227542037,146.2324220834879,179.42009541212866,146.40415935212656,163.23533418659542,193.12045956577208,163.35516696168656,136.0670701191159,149.50406701059552,159.86150332330072,129.67942239543794,153.08901504601891,154.7286843951614,183.23250052872424,209.69186219821353,231.5674060317251,232.6803287688346,215.30007369129487,215.71835896507412,187.77515541119874,198.89438580433858,173.27279115036913,174.05489852541973,142.86163671709699,128.82751103632222,110.07314328320734,118.47535127302427,138.55042111459989,107.56162793243669,132.08148589331358
57,327.0917240827497,316.0505592829113,327.1808439008339,320.3637561200753,296.15711787334953,298.1634871727673,269.2086643878791,295.7017152655982,325.4019984242708,347.914918015069,352.2918864679875,356.3237878467694,380.0,362.3531182881828,332.6695039015474,337.00536855362986,325.02036040033704,312.58407449690014,278.0800492887965,284.8168079571518,268.2991671164448,246.44926548993243,214.2795006874427,204.78481104073546,231.31263210778746,219.87958863960353,232.41478334797506,250.37307078610854,238.34012742942252,260.85497888026543,274.2865550569519,278.4335110660185,243.50298354956254,210.95933716415914,245.3199462515836,265.07982089683276,295.70938901093905,323.87061335520093,290.3016221751935,310.7309324605686,307.3111345413495,327.58020882139533,293.05031371283235,278.22426479687186,295.816929102263,316.32838430437425,324.70840638939796,310.79633965063647,297.5217210407868,330.1951984957291,325.9400510421234,322.238839559192,325.90213207604097,319.56729565654814,323.2543051783671,318.5177847720961,341.38782914424917,370.0214005301291,380.0,380.0
58,168.01645183650822,182.38325595193686,206.06590734265035,210.47466428729672,224.47333581485503,241.95439036534242,254.3019547355525,271.53130363660415,251.13647691552404,251.02269520704988,257.201494029406,222.37494918939763,247.29232480635534,254.9940403974992,229.03358361637345,251.17857869668137,266.3725663475195,284.4535343899741,276.89650672030405,301.6906821889535,295.6726129382188,300.6082536444102,265.65321490340136,275.79433293085174,291.06663837980733,295.76429396402284,295.523411157076,317.2189643168956,329.9150545184625,314.38023729886413,346.51537096446316,361.02407455813704,380.0,380.0,380.0,380.0,380.0,357.05194645780466,360.0865456774677,378.66290224507065,380.0,380.0,352.6759129434189,344.34173730682323,344.75924660837927,340.02201731921684,312.6230756667255,288.37005624984965,312.0032667497337,310.91016489383526,279.3207347665262,245.47512289496166,243.6184010345645,220.12491184927558,234.48372806922112,255.1563704461637,236.13714003816108,242.58952617988575,218.40065122386278,204.6514368354699
59,337.7422877889446,340.82915419270637,367.84136285280033,348.60870914536576,336.7104131727724,334.6770628647496,333.2826681283676,368.11802583122665,341.12919815920577,365.7667506513171,380.0,380.0,369.08260177814077,370.4284290783215,355.90116841478095,376.8386898055767,376.7182309152997,380.0,380.0,380.0,380.0,380.0,380.0,357.91121726207894,380.0,380.0,380.0,378.803548265975,380.0,366.4741858504044,380.0,354.83151108723155,341.3251452046071,337.52643163978837,325.0888119098279,317.1800100035207,339.58734213837954,322.55465458833123,339.72433663915126,309.8841814769669,328.4859190030212,348.92754600110527,342.04646028627906,357.619907908002,380.0,380.0,372.33125572778715,371.22620172739164,380.0,365.48162128943864,380.0,367.9649799792659,380.0,351.0760310345506,319.18384181829197,354.02112313417956,379.88312176060776,380.0,380.0,375.6821416590142
60,108.99751077845781,83.09926042971102,83.18389977740355,63.58728221076609,94.0758421825185,59.356063553513025,34.37983519553154,16.633144911371403,0.0,0.0,10.92333235428248,0.0,8.05170673323613,35.369762088476534,42.54873567527568,56.166031065322386,46.751261940817415,22.932954674407057,10.373839045900496,42.873624455188065,51.400421366907665,35.826199727288724,32.39026842863598,55.87618104880556,67.66723099820973,71.9129298492515,98.8743312136204,110.94510126879572,120.93618242417239,99.21995202892617,71.66715983979469,104.22710803381261,111.14719394083733,105.24503258108734,111.47649004480257,80.80332731982264,103.35223649311013,83.51742398261365,104.83564442486994,107.2421354533227,91.60217640930591,58.71687278625086,80.82520765911329,58.17741756196477,26.803775656755903,44.715216814567555,34.21824238067606,26.471622772091564,8.766353881741907,33.9088473905247,19.721914217981947,0.0,0.0,0.0,0.0,0.0,0.0,0.0,26.56267989129134,0.0
61,80.81638856881165,109.40058585672341,136.70161304791793,149.26317137863384,131.09632016530048,125.48305943920548,105.26852904986305,79.26972468862726,70.86961230459968,76.17712465952422,66.37241194206058,74.13013047467848,59.86796195122986,49.07749889448519,69.42465030960784,95.90668147217792,83.44906717935157,88.45517327352093,72.9265331459797,41.65995806549961,58.30996076072819,35.28020458725871,30.0800812495429,29.173265786083874,7.086276678621289,0.0,0.0,31.660013528522285,39.71950482771177,31.418220815914935,0.0,7.019129697375718,0.0,2.978084973326844,20.61462055234884,15.265594932983873,1.2243995701405765,0.0,0.0,0.0,26.834168949207765,8.918563464731108,14.102448869458613,27.003856247041938,0.0,0.0,0.0,11.906522190399926,7.638980046366697,24.032634821643853,49.76448541176734,67.85054477366532,102.30784928559274,120.11312409680824,144.76566774732976,168.03131283987983,184.14991619948307,205.27604336539542,235.70386931611415,233.96838581295464
62,242.5490690867665,243.59484959686063,268.16743870030575,263.36261090131126,285.74348488144255,306.6983051354423,339.0303322312436,321.4547811792629,336.1281468712767,354.1125117066008,380.0,380.0,380.0,380.0,356.710385988296,380.0,362.85122238923987,378.58275768083035,380.0,375.8850853227967,355.66864572483075,333.8958726202088,358.8505926833202,359.60354675571625,330.9131354983949,346.1044985917971,328.6164722881492,354.9641048407108,341.634129862809,320.65308796911904,291.5931790179644,292.4003585825998,288.95198972987987,306.54383985209984,304.06602095561243,293.1331387803184,276.4489828746245,260.9192550575225,290.8686081854695,267.42411033161636,301.5964600506169,289.48082191407264,260.66813839329745,243.07646504844803,212.16547161727135,232.46755545874544,233.34625933662284,221.9353226572989,233.27879498150827,242.4240517980307,273.21509804396203,305.50333421634855,318.15119851292695,340.3983134200188,360.8680704434813,360.2593177324743,374.57139789481346,345.04952843266335,363.1110042531849,380.0
63,32.290406187780604,55.81851110921042,86.12711297465944,66.96033526080379,68.69711839344802,98.64719417585718,130.8630144924649,104.81478139712704,94.24507718600859,108.11520206656854,88.62429702358367,76.35824102799734,42.9886152283259,18.735132893509814,23.098197502751873,33.81450214404467,44.23833032075328,63.72356327522846,57.79326223694386,41.93761237382472,8.028261376801481,0.0,0.0,0.0,0.0,0.0,11.626968749730054,20.697947902811762,51.19580266067476,72.06758305848643,76.81051123736984,51.43945556189465,55.92448288665565,25.236137150648318,20.398079969408002,12.716183995711674,7.663150651117576,0.0,13.008131333667677,36.87424404458227,55.67043352651069,64.61308023187235,67.29721618518329,34.47310878574541,50.078488694179896,53.22729446467474,37.17916801114683,25.128110730887755,55.620585783769684,64.3259429419756,62.63981336800259,71.10433514759114,65.06629789658712,62.97905702079822,48.300704990335134,44.090436031750244,57.08189230240396,24.877827058456802,45.52974556918764,30.33831342947954
64,259.3727215043499,269.3634935319541,280.04745697184546,287.61648110975165,319.7536097746191,320.3377011632965,336.6000392493711,350.98149243579155,332.5202228452747,317.35163158835246,312.0328284593402,296.4716835917649,287.14370051686205,279.5109434918435,286.78146275752755,267.17376574898185,288.47419636035,284.1017413343553,298.53882915218264,269.2398028390399,267.1373804277456,234.11274768015858,246.42644710724812,235.486152497043,266.933849484451,254.62254450655035,259.08895736779124,242.10608766641428,250.5139716927281,248.20693620205452,239.15091450744882,218.4091689430614,191.21566302106328,164.60720239803038,199.54000362341912,193.40175450342554,158.53683405455928,190.24184939838028,156.64044409446717,150.94147288328452,166.16490390123045,195.18685100725378,210.08889140750085,207.54269425050165,240.7536369793889,208.5059937917178,242.58844796937836,267.04585658896906,297.0709577878142,279.90502747464177,254.87709253454068,266.3091620906297,267.4193227496581,269.0410800017646,298.7644224955899,307.17008596131825,293.94455441863954,286.9492133678909,261.2939218243205,239.75590464361875
65,54.47302667962464,76.19342056441945,90.53456332246776,92.65871455522739,83.86446290915734,95.65906323186186,117.56243757056512,144.24876266758474,147.5398986420281,169.93185716940718,170.72327390829582,168.94038015144815,194.52061004499518,186.56678558352166,179.28067311637085,165.624467286315,166.93358826693816,170.0730906252004,181.30537079693238,176.4405325046023,156.68914293645423,182.36808730542555,171.58814801208655,201.19418740089878,180.70892071275068,184.9129440492868,187.47600059634846,210.48134995123814,185.20094702379623,213.89654912801853,216.09652118006346,222.1241780540691,222.83581858491277,190.35756206345144,190.15390838991328,173.60238477730263,162.59055740375084,173.02766934685064,172.86646841003807,144.3917432967603,114.50463253008343,92.50067122329938,70.86263148335502,78.44368447135054,55.890696954538555,82.6110565837725,62.29430282671143,33.673504006558204,59.97572515173351,45.648655477104796,40.4282395654663,72.56008644633727,103.66593178738145,118.7101140359257,88.53584065720452,95.06964943600235,129.3051048889604,160.58924087863903,133.009415355035,125.72712657136083
66,119.90396344307896,93.98493092642235,107.62081271383562,91.79019821905217,80.93080443782304,52.25592580692228,52.11365492142886,28.18540537707281,23.431735027637046,0.0,31.769492296510208,6.918269620310184,8.450370389854527,0.0,0.0,0.0,0.0,0.0,0.0,10.627086474030193,0.0,0.0,5.687291599734635,0.0,0.0,0.0,0.0,0.0,34.330952524772556,69.06950693051192,102.64302460921209,97.259071650235,67.90669813926155,55.5568387467149,37.196845022683306,3.185705266373134,0.0,0.0,0.0,0.0,15.126997946112283,5.125089658875595,29.755839561133712,11.62424077955194,14.311785085615668,0.0,0.0,0.0,0.0,7.855636392941108,0.0,0.0,30.083777509455103,0.0,4.560367888712108,7.938836817040681,0.0,0.0,0.0,15.48891021467199
67,84.24491638319284,62.781891571051744,49.823385050476986,77.98927946889694,98.74194484874494,130.02440522810798,140.66176945042395,152.06627522267007,150.66844518250525,179.0314878181935,179.79288826711655,169.64709322276826,179.47334391700485,182.7031084550723,156.38449552676502,148.8752745006351,135.8080532772487,160.08641752802794,151.60539651614556,174.11426280086806,170.08153437393423,187.82657381512695,162.29630881091026,192.0218241870026,190.66101654292686,173.84689373676832,155.75116618230481,139.30657638255286,129.9772684868106,145.20363577410376,176.67584877715933,188.5084688858136,191.81010785190068,188.2119544131001,211.18556710573324,235.6615712769581,221.17420848725544,252.91362589299558,245.57170131744232,266.5771661608493,299.2545576266057,313.51062468649843,289.819175538082,295.8487624002571,269.1631610169476,289.4031038077724,274.09516597894424,287.76020359314555,316.4664807822595,294.13717032917157,286.63721903125327,296.93553419640295,291.311635693068,268.54896160679806,235.58397459861385,229.04584465775127,239.4904765184857,244.66937108915988,220.60625787240485,217.15479894312193
68,140.39899754887608,124.59316570941405,140.64215277964132,127.31779488154422,130.12773154485626,159.7533790137294,162.50269777148014,170.69430148271942,140.82152051444803,118.29091057636958,90.35749452723752,108.89440091214635,132.40887657632533,110.46074709994576,90.80976966456211,78.43427992905691,84.80971311582539,93.33544668182674,106.40822377972876,134.77171671467113,120.42452654942878,131.53765579390307,135.71825499834154,122.1268618272212,150.64592488877832,122.32976372592356,137.16983560416713,153.12099551574926,182.19385245404658,183.4944939186413,171.0080575939885,193.94990448418991,212.90662421245742,212.92871722182036,231.67873351618715,215.43002566159544,221.69546878983817,247.25831062498946,234.51722594814532,233.36572471829737,264.93886451039964,285.8136934484212,312.9064248715599,304.8737191338912,339.6290873083103,315.3086796361772,316.6226204613188,315.17175722205627,336.0620105780657,364.66525465411655,380.0,380.0,374.9200433593952,375.64285755469655,376.29387948043404,342.7196726383405,342.93287897627795,367.85083498846666,380.0,380.0
69,148.384296112038,150.41242269594505,117.75627252574208,109.56612847759612,107.77525162008124,90.63987459201695,57.826743121362426,71.15531073588909,66.61145329530814,60.70892681316451,43.20799959516012,45.85612752502129,41.51800221397252,39.69691532600888,45.35790971655564,10.800635023337122,39.33934827102672,9.31546605718242,5.880198369302036,0.0,1.6647658558912894,0.0,25.200454864382266,17.945643241751668,27.658532145542267,10.080113115893795,0.0,0.0,2.554054269080325,0.0,32.3410054673202,46.81974763654216,81.51663368031984,67.1708400022979,87.40456957479813,91.29366230306113,99.11688711445606,133.12661114541902,143.9057151279972,171.82289759158147,187.62541402192875,161.54244254266126,175.50210226522313,174.40419347320687,203.72005298197087,225.19846428530275,197.4878924178085,171.86198747355758,141.73475759945995,141.26189883158315,111.91592197609788,127.57340553632645,131.23850623785677,154.75045746657673,139.33616267356888,140.67601756484873,113.89959557858685,140.82229576410646,118.07264312439514,90.2380007189235
70,77.91922743880968,99.35543164941839,71.76244858734617,79.7723732260178,97.00506426907657,114.58074550287756,92.88500756544676,62.19868745187961,58.615134315934824,37.78910848305304,51.7380651140287,41.70656108990818,38.16133696222744,11.10528227934725,15.83380233772067,0.0,12.528996264045588,0.0,33.31262145969265,46.22950996069949,23.95057970753433,0.0,0.0,0.0,0.0,26.092518090652277,33.316844294211734,10.668880006234701,14.63503805435613,0.0,33.33406050506625,0.6270666235249109,16.889356175271956,35.99914800867185,5.700541485710858,0.0,0.0,25.770837857034735,28.360833546329673,39.23231304683998,59.04321152881897,82.01180671244538,80.35172472830305,80.96724444244677,96.22765443859134,79.66161955008522,104.47590109567193,70.93097880898085,49.63499096366161,70.64898697621686,59.46706180870393,34.95536009716534,13.028192996963583,15.181141132488449,39.41384818663761,9.35939829061536,0.0,0.0,31.93311905375441,16.463805292743245
71,364.4848048454784,380.0,364.81945534712577,380.0,380.0,380.0,374.6041300130013,380.0,380.0,380.0,380.0,378.4958722658969,380.0,380.0,359.8121807017578,327.75683164547206,321.0892197986726,346.06078770924694,331.2980173928627,345.29872817758235,310.8130979120807,300.6886081744974,308.77477680756795,282.85778011263153,310.62026396295187,286.55944236114743,315.2449905114271,295.39224211923533,329.9917492933441,337.3241592240355,308.2283018347173,277.7977082482235,248.0422269863863,254.33471929675295,276.0052634596699,269.2126553836053,265.3511585333356,271.60129778985953,273.9141401249044,287.07846144199334,285.1034618534052,300.07370980788994,334.88546178615434,324.40631074356793,290.2613931476425,264.0551463362583,267.8011392853451,256.89918438547073,287.6979659448202,296.61919225233703,298.0440552699198,318.9068203589611,302.0081113323978,324.389809152163,289.6040864926495,297.9815018421498,328.41450241535426,348.5646990577252,373.3190925080404,366.10592117004546
72,313.2107995180479,316.7690160701666,325.0668326253905,294.19090637889667,273.2995251811041,276.8670342670528,245.98310831469763,262.8843847758376,286.68837537237073,316.1137406630071,288.2375328055935,319.0179501671895,288.75135070124014,286.9352858161872,310.7528572601341,280.67463695964597,246.95081206887482,213.69715237834038,214.48606913886272,236.29784126062913,210.2177082357111,183.94042602127894,188.73870587476438,170.13939793159904,186.2543593917402,217.72883656411267,236.35117502614156,262.75345067266574,264.1244747026827,287.38682599791,265.1900488769778,234.97440120467172,245.89111891339974,214.52779417646366,242.00149351624128,255.4102838137606,287.06433459238445,274.0364005343109,273.06748217842437,289.98580773158267,271.98033671384013,274.9097541216568,286.07246337204026,319.5890691833331,336.7182997803001,309.9874592998352,308.260800896667,314.474755705937,289.73837570644173,284.9759996951172,269.8564068386248,243.17433479696666,244.01727013940848,220.6115858102727,226.94920441127334,203.82798966820394,219.47963432040143,198.14654793247837,225.88650498680886,192.7211599452255
73,198.35900707737966,185.76634068943792,166.5216974936593,164.53389203521965,188.47525957791788,217.5446639647833,203.7720672351325,179.5691207817875,194.978952111429,200.71886289334816,179.78999330077738,198.01069846689796,199.33582893384784,210.07349289936639,200.2272252768036,195.96405456796992,173.58800145421588,191.54411218938975,167.53490488001518,187.01608651258948,207.87663635451048,225.138703838369,191.49829900248085,175.617623884948,173.40126588037492,180.08937239055064,209.43491934638416,200.7273373953933,226.9789697095701,203.41901987914866,194.40865400475258,163.0683947622452,180.04264513613873,155.58833815644266,138.57973925183472,157.84606690535975,160.27623712494943,126.2543274842418,91.4107918165596,92.15703603835237,78.50392200079602,56.12572322045844,64.07729886058621,45.06785188080613,51.52235235875247,43.07096889979158,21.14320413667687,0.0,0.0,0.0,0.0,28.136828312725584,51.332177124537566,42.37244009491371,47.68079339563997,52.39603252662408,75.40766027018395,56.94796737637154,42.695091591882374,28.82007195407519
74,15.530596113236243,2.5587465434796854,29.012710904640187,57.85184623464386,30.526320438442383,27.59041835173258,19.28484146286732,18.539985226504484,22.370351910611873,0.0,23.95695735448126,57.11344247661498,67.85177931686997,79.08343601140581,81.04202605955538,69.44116487956211,44.869612572128574,50.75404656085209,18.899944806496592,41.61512454492777,36.07894350787086,30.111739199209097,18.01369929252249,50.86847150142353,28.112658195373854,3.7042056986386456,0.0,11.09692379955348,45.529596110625334,27.012858038748163,55.4060758334723,39.90923497804437,50.26222938681536,18.097156022151097,17.792934242484336,28.61283188201307,31.155216287597057,12.803693229322448,35.79847960807655,68.70803539475338,65.85176209319798,75.36611065644576,95.69503944063581,77.5992736841614,103.11080041917637,87.72486379087621,107.03302003694296,79.87996630679248,65.06703554578439,67.42043092157513,69.16497762087721,93.69516053492282,128.42406856962532,100.92882777983516,84.92599707758774,74.95787179320303,73.48216033990337,73.05584236071132,97.98949678110051,116.9286479760575
75,7.163600034422245,4.015123275245401,12.280291952331623,9.507983048843272,0.0,0.0,0.0,0.0,17.941498012966747,5.43954562294013,11.668655962743259,12.76976862985697,39.18966417500417,12.730709405402848,0.0,0.0,0.0,0.0,18.423095767667064,0.5917047853180293,0.0,0.0,19.136550169693862,43.67588622076573,60.010025606200315,64.06209310118243,79.7555122236248,92.45277969489507,73.85844396954934,77.41156642377291,96.35421970846312,83.5526660397228,94.33078630990798,93.03441623622388,93.25553580237528,64.55938844712648,76.19459001850305,101.79268249331943,76.6928726551298,67.32026901028127,35.726990849139725,2.8012228674870983,37.07731763450914,36.62032321595609,26.506654520423353,10.74804988417469,44.348935030321854,27.006490016839706,42.80607771848173,27.669144424897098,0.0,12.829363016255883,0.0,12.302395809239869,0.0,17.22729624500508,36.10980795955055,51.79731467677823,18.511155579510955,32.77271895457474
76,376.25533334118995,358.2391091379835,342.4358091937572,364.38266766439494,340.61044401832055,351.85130130363916,369.7031477286796,337.30439405603465,341.06774065460047,346.3791487521123,332.62015156953794,358.9642784273641,335.356758778354,325.85038844376425,350.25719654407726,328.60218950649676,351.098379049434,321.6332214651909,320.8792561684902,291.15240253968943,303.6056534939954,323.9477577278874,348.43785610516363,380.0,380.0,380.0,380.0,380.0,380.0,380.0,361.4816411909717,361.2532858412362,377.3406103157025,356.5311331350904,336.3249186634289,369.7879104918235,365.21063574342793,342.9377174480919,331.14018918679733,323.9565195654121,332.5724875883276,362.18351372167024,380.0,380.0,380.0,367.5280418787612,380.0,360.245883465422,332.69252891718975,365.8204482240253,380.0,366.25515941766935,378.51710956434283,376.2083945832668,363.8273690134498,348.9015637666705,323.423484932134,326.8757506914427,323.13751899966826,323.9905684206643
77,81.83572364217372,112.53847059630107,122.23985433943898,150.21190035627257,122.86088197856543,131.46044958849768,155.92277689358895,144.0872314806016,122.74725332012065,106.29874472651403,90.40410559899993,86.70803314364741,74.52548533820061,58.514670427759995,68.91053131611966,37.622797333151595,26.448261802932677,39.730899418765944,17.040381868436356,0.0,0.0,0.0,0.0,0.0,0.0,34.63623972143802,63.923974518758996,43.9792810897024,30.679451323677682,28.138772082476294,52.24772034862332,73.43293624613972,47.26983680577945,20.98125619016409,15.152513962747207,41.05919123571124,67.80514117239642,40.32075065045353,45.521560808042125,21.41882460680003,34.44787630699483,63.59820366201825,60.432054135309784,31.247848363753377,36.795642076371564,30.391808985881397,52.15472164925859,40.97883412410573,67.22163815718699,51.38066669162191,27.406901203829932,13.860527616130526,0.0,0.0,11.20823437174215,0.0,0.0,0.0,0.0,26.22447882900576
78,358.76374388868066,327.0230245096957,345.22804921774355,361.8286714879474,380.0,369.3509463204748,354.33657573880396,351.0523241954919,376.0125865959352,380.0,378.01366697772517,360.13306600773626,376.0241678965223,380.0,372.99658617472437,380.0,373.0148414823618,371.50938215226574,373.25310874910974,380.0,380.0,376.10563138467626,365.0676818220087,356.21905227507614,330.59128713133885,316.3769987785795,287.42831770739593,282.3809161299432,259.0959249817166,248.34439719992525,268.8948396573377,251.1097751985772,258.94239869252203,287.02509803992496,291.7101411319932,270.27562402606213,259.40925760367895,265.73510210656355,266.19788188975326,241.60127042913655,237.8770145574764,240.8916832011938,224.6049732132239,232.47615928701356,202.38736625097823,190.94985860056443,212.24923689499462,195.3991729585655,202.76155245878095,196.4636324185028,183.61584238757007,212.74506054127198,201.77338080689884,183.34069391099013,211.99178600580905,229.2078909213161,241.93387088018994,210.40131682487123,184.5856640749755,194.26946154165194
79,79.58447787997886,60.379136874104006,79.91883294815676,64.93357936674272,34.94469051737684,2.4949268290671114,0.0,8.199000437925235,34.02096677535144,6.7772744276362005,0.0,2.0860427635229826,0.0,0.0,29.688725428895083,32.8311411994232,26.88958394226853,61.150377411250645,30.71547430421819,60.963415690200236,61.07974463478405,61.342688278483706,90.88019167270835,91.39287024422322,87.08136658133361,71.15556802953756,82.27274170675702,87.14789807534032,67.15207866168515,81.8109827159779,91.89706272954277,84.71043462400064,50.01849915724915,46.27917966958228,11.70324786869989,0.0,0.0,0.0,0.0,10.884395799127788,0.0,34.83540158850573,63.97654396255439,69.94823728354106,102.63453698798617,128.3957475982627,115.71864391709676,133.19038113606842,107.76860601634473,120.68720572285662,120.06293357747722,86.24074932517493,70.43683689250088,102.31359211079825,89.42179606699187,67.12360793809273,45.250809198147294,43.79573772308373,67.7811845700212,85.84130812935547
80,166.00376286435426,145.6146447049415,113.83918771209488,111.22331007588605,133.25758447215946,149.33532402376142,142.9373777576689,149.56656479190093,145.10382125813618,150.63494894344865,151.86031605099708,164.5279780597582,165.0675971070769,195.910366978806,190.87233968952404,156.9864809023038,138.53262838093275,138.57510844839868,141.415138080605,145.08207333244877,160.10072021135454,144.32609019458152,155.86934772748492,170.1516068458298,163.94125952928766,157.09309646953022,134.6178314654817,128.59694780335786,148.67408822284875,177.3021986113406,183.85512200359818,169.81104603839913,182.5713263445803,199.3815609533006,187.63645546794697,210.49480577221527,180.65351402189907,146.40627425390085,120.0142283381445,95.93481268607019,122.4598449924107,117.20856414790035,101.45378258582707,96.48904070490443,89.12790319394867,75.23021995310984,49.883190721947415,60.79727306011904,35.359581254694916,54.63929294178212,33.75745387141387,49.95344537074567,71.34447276942836,45.117293453639945,16.18949723380024,47.6595911795564,45.07286765223705,54.18935230034623,20.817583108869968,5.327295747813764
81,192.05110873256677,219.08639066982505,203.0871498993314,222.35054228944176,233.70544726755088,206.77440101395302,192.3106631093928,173.96114566009618,169.93807679022615,179.41147380355704,174.7508566891525,156.86841699177893,170.57993076775819,176.49290739756248,177.84488091666094,181.6542527378794,162.18729797844708,174.81747225491904,166.9425097426328,157.38525712373416,132.8666517024081,139.64526512093937,146.8317738591948,135.6528189158518,160.8423228964392,185.02437580651917,157.65817726028934,171.31086440698363,163.8792973399352,198.8593369143377,179.61099099226334,164.2476853712776,160.19512599017855,144.00518639782496,157.44472204488096,156.1082898975846,136.5698083370524,137.01599320111177,164.23113684666447,184.69883212616816,184.6168568360456,169.81133905598193,147.4033915851589,173.89019298824155,188.6018788231503,193.6533100434724,220.2137352602292,193.73205537641547,206.50630539656026,186.67616726548653,160.11658813660563,157.70918383709096,149.8266889205957,180.70884157335865,168.38740984598581,190.430567979626,207.8484580124101,219.60312891650767,249.03116202371183,242.58588363040576
82,148.07505067348893,124.3413703241946,108.64471560884942,135.22906753311037,133.43581683690616,122.3305493902559,102.45839324600786,101.4056107630609,116.5721866955779,101.64062847757316,119.68078493445893,128.7659291652032,148.8953085429825,131.45898256422635,140.63095269553952,116.39242225975846,106.85821101128306,122.56341765027912,131.78020464087462,109.93045541450113,135.01444246097816,103.74901122514086,110.4141094213063,144.28154443751873,146.48687566651114,167.5339030636706,174.19657118690776,194.01275323151725,204.90434270638735,218.28358372401436,199.23036430006124,216.1578282501655,197.81152031666863,231.45633957664978,212.40144294393411,193.96932319577007,219.07644162964056,201.0854519670379,191.3486475114277,206.37345879395957,182.485859407593,158.62088224551815,157.66597187418148,139.72474467047238,121.22080156030472,86.8675260596006,77.79899744345698,65.07653626674522,32.257443024612144,40.74376549956861,49.609628239803385,19.5656612639595,6.7585706676212,32.85495790729905,38.606652684419544,32.444883365258704,30.002018357745413,9.581617968251777,31.413323017806732,60.393652399374446
83,346.05233605501655,326.7277434734775,313.47956221782954,289.72315645449714,276.2272358087591,264.5236118573411,273.8410134518656,252.11626016023433,281.4740448659764,253.69100777194808,219.17246854435137,244.01862754848867,258.28251409211214,248.15770501703201,254.8426844307403,235.49077148948663,212.27804689466296,210.25848635437353,199.98163443484077,208.0477379723112,188.31818089158344,199.72311993082673,218.40342635202364,195.06795636401682,163.13803620327093,158.90915247436465,178.09083849383524,188.64542698402522,202.77714741304663,195.97590121258241,177.42208938029728,179.64660841021993,158.9522069726637,174.7882157616183,153.57586767878166,138.96429634878558,139.42243083139596,138.49212622144057,145.55158256993263,141.17270460492682,170.53583620063318,194.33122279443637,220.86916438100104,229.93532437924165,239.3858784894981,247.02978634961454,242.4716771591165,230.01909723382488,236.45929935524578,203.24652795493728,168.76847815460349,193.38340599537588,161.63308912980943,163.3687496531487,171.41789305962385,150.28987913319435,177.99103781175472,156.297741834141,183.21379094980824,201.6231098031207
84,91.48232233919373,67.03441397852026,54.170703691556696,47.027243330475926,29.232170685400575,64.1545790982102,45.23024263498087,68.37468052378085,44.51292282011394,78.13004658943026,58.916688669246184,53.43488750409762,57.53437217785108,30.95437223877761,53.13177696231469,37.359764249972784,40.808657362089264,44.283024110616566,51.46786977342151,20.351888830123528,0.0,0.0,0.0,0.0,29.53449245420029,30.441303989991354,39.09156432917928,29.115736607047722,13.45296647942152,13.67536839567643,0.0,0.0,0.0,0.4013581029048794,34.303338927633604,14.935920098969433,14.094251640754749,0.0,0.0,15.211750309448291,0.0,5.694591528503025,0.0,0.0,30.315266903491136,24.267486723993187,44.142344226574835,38.28428843780085,68.89951094831576,54.232434358338594,48.08857983647738,66.20907665462744,55.265788724287404,45.770783717749964,80.40840585674562,84.30142265507027,97.5580544119806,107.60041080273328,130.55510110369335,155.88285806461533
85,214.03733033871765,199.6562555863656,166.2522729166135,174.26050049111592,197.04331881970927,193.58110520552543,170.11053503988592,155.27628014538078,155.97550521121127,179.54319053964792,156.56591076443738,164.41640206410335,182.15220504064155,212.6755314640792,185.84478988159935,215.69220427311836,222.79493173533194,241.46404285559197,210.22827252539088,210.65864342023252,219.24272060588805,205.72108939698688,200.93660396407455,204.73747343364641,208.415829217755,176.34613599623367,172.10985965675616,152.0771304922123,181.2457859581868,214.60638526682015,200.581668011465,177.8446458190391,158.20993638542313,156.6525942601299,182.8679861980524,182.87052124368716,151.747965563758,119.5399577536781,100.45732394727747,124.45131337993746,132.9549524073975,137.36200217243794,124.68987365322289,154.74965200645602,142.9321291538053,166.3782380395116,194.09148429782346,192.92493522295302,220.525184086605,204.90141420397833,215.99175403680766,187.1492164335147,185.32461141998226,165.53783757106663,134.93126702620884,100.19205259164232,87.92470074249889,94.19184236007231,91.0579666956533,77.18181759201804
86,376.6560116949754,380.0,353.7957314786248,347.8532513454195,358.27253672497227,374.61689255206784,365.2629433957321,380.0,353.69050090374753,341.91738467178686,357.0677069747002,365.8655022929264,380.0,348.2799915867008,325.48741183431423,293.8820325933518,272.33002829079663,237.6298250351021,237.92454615262272,239.90655384240063,250.95897854082028,242.90284984489335,208.12738819285624,220.2997690013908,189.10014514374467,214.73207530098676,181.31785444054236,183.45111306850663,211.09536483549306,216.16963514070767,223.75880739878278,236.47156678240117,210.04018612353389,222.28508318027303,248.9099249211701,282.10538321964225,278.1190231747265,267.2343627921548,284.966035883897,287.967236050569,270.97856186242115,248.02961381030036,224.9457348517924,222.08812741422304,198.99683580731858,165.3771618881226,134.02337613600088,164.11529421270848,134.22258809391798,104.34523643458516,100.92842762193243,83.08544738538473,115.47401703745959,144.2430258023059,137.5750532092946,133.98625956843273,125.24421528372267,92.89484344874165,78.39412219657129,51.9812650694102
87,38.90072540574664,43.16103551129379,15.074575551243157,0.0,0.0,0.0,0.0,0.0,0.0,0.0,21.017391052620724,50.09807558952576,43.51418341368367,36.86605426875212,51.739744131942814,60.624285231271074,38.51409829980969,11.052336860519972,6.68516920637353,11.223154627766945,0.0,0.0,0.0,0.0,0.0,10.714450902381714,11.371742755501174,0.0,0.0,22.53093240290903,21.082260193154013,0.0,0.0,21.282364486890827,38.90320722103934,65.21037152385577,72.35651934397424,66.9599347490381,61.82438457784963,40.40438769235567,50.96031499860737,56.915127925107186,32.7556367251257,59.752041128301926,50.54481536004374,19.02652894651854,6.978193401103397,32.86816343091371,62.055124441238604,61.38301364941293,93.32680945455218,119.59373609939053,142.3598862963363,167.53959082409074,159.2708696759084,177.22369552879644,182.63742574412686,198.01530586594833,175.46033339660255,191.65790722084847
88,363.8851249937852,350.0715575604853,380.0,371.486321036376,350.4669658278483,323.32700191386493,343.2743358440374,347.11211387039725,333.61130442673925,341.20283031230235,329.4499134611726,325.83495647416476,351.2214452768811,362.99309865702264,380.0,380.0,380.0,361.89870464036244,345.25908589067944,316.73821160236275,320.5195767473125,328.45472329589825,344.27203339881567,332.75324821526397,298.6112243458159,307.86729194199836,342.7759764184251,328.3944311837246,306.269842856556,290.99352990440076,285.77261313879404,268.3365181654736,257.6237199412007,267.2981916417561,256.45015072073915,249.174276855595,216.97646525154346,246.23244036514433,239.7144575591841,227.68450368161967,198.73839741879658,208.13122249645943,233.59896901492226,201.4796930185903,176.64876573421276,151.89605375624728,159.05529363059281,188.54142882087865,184.18521451546434,173.25166588903386,191.86051388080227,208.84034820369789,191.11327795310257,167.3711233146546,157.41782558372955,176.7100630395937,190.36450033364218,201.97425977857654,225.0342589900008,209.43338085389837
89,129.07981567841387,97.04357722105618,122.85578152730352,128.625862971856,114.49442340371456,84.35358060517012,99.99224582654233,117.4038721949766,129.03637784302816,108.30104580929924,137.22616990490155,154.94723123636288,165.99017388724081,176.55624852676596,204.8612875331808,234.84278684997946,241.53740611069628,235.7042648780747,226.16564344723383,248.5011623228844,258.62353611128776,229.0321582290435,203.9851791400954,231.99819179743463,258.9130621647497,290.5413335735725,285.4909012865552,305.3751648214047,328.3509167334072,315.4497001420807,290.6233399279807,325.4151852427228,292.5305295053173,299.3440438151183,309.85890300783797,322.5841569457134,305.4780990235497,320.98864612446926,301.13661555415786,324.1692934567757,304.50746064270015,318.2768826780256,338.1158266864039,316.34202921875715,298.00108335303935,317.538345064445,288.5582730788917,266.9115397515582,263.7987031848523,293.9114381969862,298.2428866394969,290.38033601407267,323.866251569646,321.32604300513617,316.6874911632599,310.50259334540056,297.3551984278763,285.1538351095072,298.3024293045721,266.1609211185038
90,259.0903557456012,238.17467061441226,230.06923083872675,205.32695891794998,209.01953200302285,225.0740631496726,214.89995347361815,191.33911390143658,172.1945046366189,194.46240893340894,178.1978203875986,197.4270018983845,185.61096037481929,163.82223917882663,179.73383835274683,177.5319904160113,144.72139800524775,176.91736735935564,152.26010851440316,141.99859686611956,133.93422131581906,133.19431426390798,153.17539582729995,118.60171540455883,148.87475899808408,159.09402121229488,190.63944275272036,212.85671037187439,242.8053856376996,249.87542420319704,239.8870530045993,235.89103742255156,246.9532991494395,241.83852933308305,258.05562417582826,229.48498530143036,252.58405073037255,231.87725550531286,262.95358817204345,238.8417941676522,212.88328789482006,234.71461563593755,257.02374357514856,273.7369029668359,305.97403544016515,289.91180944814425,312.7772211774644,302.4200582805039,305.0379620703577,301.22996414945067,266.63946573660314,271.8518192843442,289.17723142782086,266.3958982780898,296.61180861060245,298.73977636989775,276.2169965904743,286.4333265546563,264.86791615073037,234.31525053140393
91,260.41979211931204,233.16843395069662,205.6036553370471,222.399704759774,191.263861084339,212.94770361769582,233.6781167230438,208.5756566884874,209.86230199787525,181.6260863657012,190.90607175072034,160.31117265865862,191.42483260125096,170.96598407712167,183.7686099935268,157.7490096999245,137.42076108279883,133.98723650463478,139.10396639854093,174.02439322595876,140.83922919232486,105.86123856741096,95.38693519745732,86.01788094362672,112.88648747053094,141.76726580934206,168.4040141544944,143.42652668851775,137.27386515119292,154.48582651184455,141.36860125674144,152.79526325248003,134.39526367585648,122.03461173311302,147.26468718750687,129.80031971373654,162.30300579567694,148.74117506125623,115.38814274888563,98.23120601506554,75.21555197210535,75.69343960733386,48.58356425028404,57.40698565746271,83.64992059641736,74.02624232267885,50.82073267405718,43.82248237896607,63.84015988050999,70.24429706608169,42.32432199901393,44.92742280190629,42.69339950379782,30.59125742527911,3.3024991490117372,36.98033464243099,14.303367034958882,0.0,0.0,4.91351270892568
92,168.59443830342616,151.06344104528506,146.123077856792,158.26960743111226,142.98864463601637,172.05584895814297,158.50008556058236,137.37261771818208,169.1923669992791,190.93160970755167,179.95124344659428,203.8514730266656,205.16847046743158,194.441145345706,218.213956613451,235.86551129396184,221.71675027897925,229.1842463470374,220.04156199342322,185.1152000726504,217.44230197066997,220.91633729576853,227.80661941237338,234.79901920978403,238.34392146714225,223.64727060129377,256.6575993448577,265.17438822092765,277.13888345970497,273.97437647189844,259.1246745062532,228.62910325849828,218.14521701825032,195.47203706703777,206.8182158450286,233.34848778121898,219.54132785841466,207.8431116373979,219.76862690542873,195.2176273023153,225.27824716975425,215.74752184153806,187.8314830564123,165.0593634008572,195.35158872137924,177.64993890721064,189.00875517540067,164.94032082307922,143.52743928749368,170.07411461049213,145.43644001767143,111.74898108921099,111.8353043560503,137.22618128445572,125.04555446354948,99.01691340874919,132.7730714783438,145.14477554260276,169.6931197789737,187.3427988419984
93,265.33206411589225,257.25154881505665,244.9553483393114,260.1424500519246,275.3123606243307,306.8535475077672,311.65973475714975,297.2832121622869,296.5502281154203,304.51019528623465,299.38128125661854,319.7605998917869,325.6835247468955,291.344025680831,296.2328178570716,305.58508287300185,334.65337048108677,328.61388763758,333.82662378657506,332.0764453365812,334.2923953294031,304.0036802762329,331.81353700355,360.5424007917637,363.90657348074797,367.86545958121417,336.894382097291,343.75091801567396,338.7915433072153,353.42459742362587,321.7233415853159,336.4854793763802,321.5680470446422,332.18742017635975,341.0862384482084,321.9651423724647,317.7968065376034,341.29113467133607,348.6825497229703,318.4942308614591,314.4978490539172,301.3218511683714,311.2370486921857,319.2565245828539,284.98439168856373,292.5230773478561,308.9625531268017,327.773655394912,296.9019593222092,283.15804851990003,277.6471977585067,255.2312173041505,249.68258828570117,219.66165579349263,192.5868656039862,204.39549900302558,187.77557128423643,202.5739806078065,170.9415775689733,175.33079128201848
94,148.7504921629993,169.53848959708188,189.4151002114712,180.7042751834968,189.2942561696368,170.22267698700097,175.85115551963037,146.53968409595694,141.96198398425963,119.75292169192727,146.58960443833388,142.7326616960121,149.08682410063955,139.31355432374028,124.52542679052647,103.7298116048338,132.56082239152516,153.52342716141186,127.85170727158402,145.12244861200992,139.41960300457566,105.49736885181557,107.48308127815108,81.58633208409168,61.281734000643326,75.00460130032985,58.004543900213605,85.43671802914076,96.43860111883265,119.69844506258926,127.76171274570214,153.58118411724325,143.89911136879374,147.3389517507843,148.45127978188765,176.7166293473456,153.26070794994854,158.72496137301698,176.53514496890563,167.43862820626185,193.16933492938017,184.28036862482156,161.41198181753566,167.29536669588788,161.73512739849974,127.79843472624009,97.68713620078529,76.35653881524661,95.2096359815173,122.6524021038797,125.84726328487528,98.23684566086393,100.64617231779317,125.53855455957932,143.0019885981606,128.37886005697686,102.0512027071619,130.09892169051892,154.88513395477366,123.6452095149395
95,312.99630613333443,284.8011907782802,254.23104511642282,272.333107916661,274.87485145140806,268.8932131377304,297.16356685605194,320.9148169007947,289.9484599090886,298.0745668449707,317.1332850694928,320.6676256537394,354.4780105890726,367.501335914401,339.7913468031928,318.6722076431896,341.50940112715193,376.282368247253,348.1661169283202,320.18916917747356,338.6262629675034,308.13106268766114,277.9302708122005,305.1474246228769,326.17891148516844,352.88833547567515,363.4242736249679,351.001823160688,379.4437464839833,365.3543932321935,349.640151994033,376.688181337527,380.0,380.0,355.9130902477781,380.0,380.0,380.0,380.0,371.65270822862396,380.0,380.0,380.0,380.0,380.0,349.73476881521447,327.5545930246991,359.333065783395,380.0,380.0,347.57595802800824,339.34732978446755,357.5244190636273,375.2264253196755,346.2400486661726,353.90427076243895,328.905144060299,328.4297973610445,310.20779641992306,278.929078441354
96,30.407381700111642,59.16988818120524,76.29510567531264,106.52278439941915,104.42207966276783,98.35255458946415,88.44106506461083,96.58256178825712,86.19171887625049,103.43084525499091,124.52305809010124,150.8321796301579,132.8282447473273,134.71978819779355,115.36091136888228,82.98981900830614,97.53759030019478,100.9662794756535,116.64118904436936,87.77479284282697,122.46162537716293,157.06602506345519,154.61601284870108,180.24012291156959,162.28992181795854,178.91955310358935,205.46536308053896,227.4920017061935,249.31618718307453,246.72805142929508,269.12734777380916,282.4766846853002,256.7482825553945,229.74119083991093,248.7757403553357,257.55822656944036,258.91455477283677,287.42288013225476,298.59420511324004,291.32447726942104,285.2997038417539,292.6668090989849,310.88607902702927,315.39081051346795,316.00407226881055,331.8871214546033,346.2556399480958,369.37991879104504,338.75854383045566,356.60519307619415,357.5684246428125,327.79694304513316,340.32764501699955,355.48545859713556,357.1393604652635,377.70528890074695,363.722656504798,342.8561618019985,332.40753842402796,326.1110743547464
97,264.45476891282414,288.6411645643001,304.1054378698075,281.28456700467956,271.9197629406976,248.00872288204204,261.07941685110563,243.45144832628824,245.22853362591752,265.6566226495454,277.62237189405846,263.50855124061775,251.80922378376158,262.5447238459738,266.0074662997699,237.75501042267297,263.9344216718212,264.8173490355752,262.9526199593978,241.84337352365617,233.23294085159375,221.53068121365067,205.48217901171057,210.20063923698467,207.55991445660442,234.80375242863113,265.69783082193237,246.06097086789873,218.06835088160346,238.0419794857459,272.6822777404485,298.13428263023934,264.79310077855075,247.38154932800336,215.4155087208918,237.87006511377348,243.5685534542356,244.52885133592935,248.3403430756863,231.0119311844477,238.12661702416807,205.27330551665017,215.49412619460895,231.9044943071271,244.01633276695497,232.26455904881038,255.1029631077384,270.19104290596215,244.1718555106616,222.83195094834366,232.42953987082035,217.68866921974217,191.04897512097875,166.8968046414712,143.49000727929922,141.935370756586,149.4523524966508,126.80051173645984,141.6752744618853,126.3461569869923
98,118.39209258970516,99.03699606489266,119.00142558091602,151.1883938864974,150.66338329396388,118.60552819420332,101.84538034398662,77.90890072230582,101.90226066194708,72.84203978227146,105.49537663045834,111.69134099418216,112.93312608937356,137.24766965871663,104.17600314911857,123.57669560760922,96.73897879740537,120.59344572323562,122.63578106988592,91.91483923509236,115.24199195118507,82.15398014617267,56.839928648724936,77.68764531658894,75.22862398664131,101.92583329147965,111.40588238685552,120.05289519278409,105.50935262202512,79.86698927064646,112.14905663341426,84.48489487345194,86.51563687860164,70.59543823703626,54.08528468773807,60.70632003893496,81.56170824145579,100.96427203964532,126.78039028319404,112.28358193705975,109.8861786571149,75.53959878251663,92.81963240206221,78.98365025202202,83.28819758093505,60.13921732229659,82.4971828216996,104.70623817117905,131.12794220388594,99.34353200135655,133.8156416856075,116.16020069638608,102.82055871970056,85.2740597630318,69.00134864868909,72.68764357594432,54.474381677208896,47.03837347523722,57.93083424626229,81.45266849670315
99,263.2417701014142,269.84436923652686,245.18536861440168,267.31346072229144,234.92270288180413,218.41611930827526,187.41024349351255,199.13027178442496,189.916247565971,200.55964139031164,189.85180854156295,186.75365969752755,183.81093040916022,152.00157616588837,147.11743301010864,156.99193842817283,160.2155956534532,130.48545929293329,142.2493782910057,128.86977113507396,94.88020732960553,70.77189632550267,70.60107233766183,57.32918846976662,70.93599943251519,52.78174272211868,71.87747451538047,56.93087721295905,65.39133674386812,86.33648336145075,78.32541236651315,46.601758293596106,49.08294476771778,83.7615790758328,116.59100972221677,97.06256329830853,114.96131895800619,104.10794718541081,80.32702079822718,91.94104984040172,92.00186090727556,94.74799994317294,117.66548629965854,106.22354361177815,117.92017678067458,108.55357946805833,76.54425222868838,68.00530974223278,99.50772216652223,98.33609591271141,70.91222649129219,84.06010454762799,116.49665902792447,145.05282628602248,150.09008493259216,141.42973703698937,147.07717383263616,169.19234818658362,194.47896212787543,216.79803407384634
