profile_id,minute_00,minute_01,minute_02,minute_03,minute_04,minute_05,minute_06,minute_07,minute_08,minute_09,minute_10,minute_11,minute_12,minute_13,minute_14,minute_15,minute_16,minute_17,minute_18,minute_19,minute_20,minute_21,minute_22,minute_23,minute_24,minute_25,minute_26,minute_27,minute_28,minute_29,minute_30,minute_31,minute_32,minute_33,minute_34,minute_35,minute_36,minute_37,minute_38,minute_39,minute_40,minute_41,minute_42,minute_43,minute_44,minute_45,minute_46,minute_47,minute_48,minute_49,minute_50,minute_51,minute_52,minute_53,minute_54,minute_55,minute_56,minute_57,minute_58,minute_59
0,393.08102380786033,366.40108307777643,371.24322294949076,347.1932409118263,316.46032428467623,316.3670726246965,327.24321412796047,352.033525576408,371.8320143532093,396.8388502461677,415.04366420363,429.27042198705976,394.9800518269087,403.80721365355345,377.24093994329166,346.3476392065695,322.2964898539654,344.9269411548879,361.99639867188944,393.4104670362543,426.93880514178306,454.4686841879618,428.77350775635176,455.2602996211004,478.96489905630557,504.94090924648435,480.55890244463876,453.734330388771,483.4009519596567,460.56881739907203,451.3723385720541,448.29127803663835,422.00225498470786,388.4466551469862,423.03298803068435,449.39899516913164,478.26265022367625,463.1820650727245,443.58917516490527,438.39983423718513,435.1321900656456,400.52415078614246,420.0718686653307,454.83856133527195,456.8469222424182,449.0250308932898,441.517663418774,413.2430626708211,396.8743899563019,397.0236851607261,392.2530452401549,395.40547744217264,419.8400728467911,400.60703403576395,367.5435266992058,335.21930786899765,309.61112424047775,314.54493317678595,336.11786987944066,363.1942856290849
1,461.343016750489,454.5630444220516,430.3790739929819,423.4783577540254,411.74741712757026,437.6492287875699,436.7195852063124,417.55329820312943,402.769372880234,377.3222843982222,406.6232658330614,375.1474750696142,341.0467124685268,318.8559378154076,340.6171190691514,342.2597941333271,351.06882424971616,341.1100415288176,310.9175005172595,335.8485718917113,314.2811709404898,281.5953149786478,286.6846044939714,257.5148499208935,229.21817955108187,250.24457175485864,249.65724300711832,231.56283466441835,220.96668429958467,237.01355281860668,220.0,220.0,228.13834244933986,235.62636386203735,268.69871677951335,259.9171804673948,229.47261436982092,232.10023480929488,241.7845116326202,220.0,223.70033814746375,220.0,244.13110405167478,267.59240875654285,262.66644547643375,295.33846881233,328.92264002381194,302.9702162501453,293.71018258841804,300.7326854916831,271.67133216238426,263.4572174293738,246.7392633105352,278.3827787782045,272.19378637640745,290.5807464747333,282.6501219205855,256.87696684990397,282.29757396116327,247.32675814438053
2,241.257532110291,231.76444052308403,244.8473184093956,233.7666190797499,220.0,220.0,220.0,220.0,222.43613392262813,220.0,220.0,229.88328811556903,245.64138633317742,229.083280213099,220.0,220.0,251.98220202213344,230.31858291125164,220.0,220.0,220.0,220.0,220.0,229.81198736757744,237.65774521071017,248.16914764216781,267.30014820282554,255.14520909830586,284.43487045114034,300.75919322595325,322.08879442663635,337.55614589450613,327.64804107478545,312.4603152391699,307.0365101097009,278.82863534703597,275.4182704566523,243.43813927331908,220.0,250.2049257632285,263.458506004381,267.7877922989988,256.66493505861285,261.60259608656804,289.01290043025125,299.6795098063218,306.85324966306706,304.0675648710845,293.2663570166446,307.1646549911644,340.8333208622714,335.56635940871274,328.0207236897068,322.98866675525977,317.77674451874026,352.1204786545349,366.5949566801888,356.7378681249302,347.74303429280076,342.8988190248847
3,233.9506312805709,235.8977794220584,257.6944460286519,268.93419155317764,247.82365082648556,263.78604772297143,279.14815016621355,262.52589526164337,271.12712124162886,278.8935535601644,302.67868723009707,277.20374905843795,255.84244437424454,254.8603096379909,222.95047006045237,220.0,240.17533293998062,220.0,220.0,254.28384633677112,254.6982472765116,254.58091496505796,258.6964658257497,236.7167717490416,220.0,232.4148240380576,225.1185007314615,220.0,220.0,244.22353480249376,220.0,237.49881868583236,229.23801781573303,236.14616455105855,220.0,220.0,222.33716005844633,236.0303987052364,220.0,220.0,220.0,220.0,224.55346123764917,220.0,220.6824421323006,220.0,220.0,220.0,220.0,220.0,248.5553185973015,247.8508105942539,270.14573386563507,250.94140136945512,240.58719699385324,220.0,220.0,231.80899209524517,255.48068448290292,260.0947283088438
4,463.2276144453698,440.6363098785562,408.2407325548969,428.65890271730905,405.35157723819907,376.7334447254917,407.3628071889534,439.8093026730958,447.94731308527037,439.4519221733809,462.77869004086455,442.10908719434343,437.16655011442117,427.1577610444633,456.04676039638105,485.4311794717402,495.9931943143969,468.7450041334853,467.4984994095665,449.67148504525045,476.6155814681642,451.3037773992983,420.1054967095478,434.4155290580533,431.145554305824,454.83109643803994,425.0551706198918,446.13049990244076,413.74393260153187,380.70883343550884,378.0009360566809,358.4913263343266,365.0516358247837,331.85882541958665,299.33609338499514,315.23648811703094,294.9480494914928,305.8972481477441,323.3917994527972,292.5449810535449,311.42775786604165,295.2172431233317,287.48546019731407,258.55020365798623,282.2543024935259,286.5053175363294,286.83188698563146,319.6307237488244,308.04612694467136,335.40067699804007,350.7788286725624,380.7757981822191,409.3219418755913,443.69402822741614,417.9114008700172,438.6325483164288,459.94715316275403,470.0533001352481,454.57356721192224,487.1339462259043
5,297.68041239827966,297.6506888833704,299.15478678071344,275.48284091923614,291.059858482563,262.2805599751798,275.79740449444955,300.20048923479413,289.6582389905621,304.3176955925061,280.2918761628556,304.5083062645571,336.15052516328285,311.83908370826725,325.2692468863305,325.6774236452873,327.8823768735538,342.336657175602,341.5484921291526,348.57133957039275,329.73441092918915,321.2298726833933,346.7966971883984,319.4898730037854,326.3201412691402,304.2202356255825,328.47800748021854,334.01108424996704,327.224499036886,309.7122261925133,305.2913551357877,337.3242179503096,337.96886823236304,335.83313545135326,353.0723023963749,344.60559735460834,339.52527384626393,328.1116150562773,303.6759979293347,318.64264292352027,344.7548068953739,373.14629234236753,399.8024980050121,396.42736417567164,381.31199762989536,390.966660101953,422.7960039353752,438.6895493071776,438.32894861848854,451.5455488344299,470.6232027062377,499.9720509992026,518.3971537772534,513.7204926717668,497.8729489643507,497.8646654954221,485.83712161780517,516.8306431059522,517.3882521474495,515.4321956649301
6,352.3145628988479,362.0730522192599,363.47664172272624,337.5100663256042,363.35461308373885,353.48551133380477,348.7660014308756,328.1626953973261,331.90056993057834,346.0444243005792,372.72599674439493,341.33853329245335,374.4717669714098,388.7390089128348,373.639916821641,352.9531496726186,338.6793039784405,364.98010659509146,350.377418718808,347.7748981378145,362.17656193477075,388.2158523954427,399.31583375967,417.0334775170796,394.16635325779646,420.5849011961762,404.88524404944394,378.87171553340005,412.2088158572469,391.3236106390382,365.8892485444965,374.71071155162156,362.03113201634824,336.3655763789828,343.4440545840941,361.57302048965056,382.0969066841515,357.9827887550106,361.96348351080655,383.9209694585088,360.19706025820176,339.734817882149,304.90361570236644,306.6280066500366,285.25572543037316,300.9527057312561,333.3076756244885,312.92055985442346,323.3573506778707,303.1857629799665,269.4462431085458,287.5450367035667,282.9253640691292,314.2004443751549,316.6004561251933,292.6242569534912,289.1084678793007,268.31089351572183,294.77294260378204,308.1361652659088
7,349.67074576878736,351.6181683652872,363.4817815401992,383.281821705379,353.89212639631694,320.4684453359842,293.48013413787646,286.12987584995585,283.7993385557023,258.3516526706717,252.13237232364406,248.04596736897219,220.68226482639625,249.84846204009762,256.7886769712371,248.98616410317686,249.4696669462313,236.4634909990478,261.2666632141693,266.51771612396453,266.1604231315126,294.9224013482044,318.58098022458915,340.4771126243986,321.2697569206277,296.9883747234127,310.29513110330504,308.10008904720274,320.9599789541818,339.20388520195996,324.87583071609254,309.80136103468914,309.159570672762,293.30802261961685,305.01869194075084,322.289823152401,320.33254937612816,335.9985329680332,336.72916280298756,351.6301833406782,332.37796068637897,349.0969739016919,364.15565554368317,347.8180550371256,351.73602440993784,376.607841161146,359.07442644921673,375.59301133024405,407.37068153052616,433.0076159135557,426.11402170117503,433.6185630103447,468.042472408034,472.83309120433427,445.88502337445993,414.0651762089732,434.3871918910552,429.0411746691844,411.318077013228,400.6551191594943
8,507.80168928765187,505.3690027820199,531.1639672588312,547.6087584732702,580.78974900445,600.0,582.8183048250206,593.9524511211994,560.3904635381695,594.7679342482413,578.0383618644231,589.574018418074,600.0,576.232526390958,600.0,565.8571966053576,561.7955962713361,559.8382298485158,551.0245797766273,557.0715120176623,586.1104764268465,573.9997144278667,579.5479065295164,600.0,600.0,567.8513285363847,598.8466820253211,567.111965323424,573.3250585296271,578.5998119516886,598.6471281008508,574.0381417302792,551.5940691746684,569.2415544663537,544.7068871351674,542.5680460297622,558.7834123445274,569.370347359315,549.1126403872316,535.3898584952576,568.2181017221305,564.6250451329724,532.7370684835191,513.1080114461624,502.0784677224911,537.0427260231121,523.2311343464964,490.0788437612746,490.9833541901481,461.8357311383265,446.020463047027,480.48728537360273,494.81198169871357,463.3586457485145,459.7667160499402,436.78134193395965,410.3874678821081,416.48204681652425,416.87795909133933,433.87861999342493
9,559.0763667281067,541.344096748323,570.9535358142008,572.2129598929874,555.3314041659456,579.5364128331282,547.0235070951599,551.1891635182672,566.7026709703648,551.3011090712948,576.7455433007201,558.5654627357791,582.3566625270008,552.8548099952728,529.0497414260631,520.7186622991966,545.5025481950692,520.6235237539439,546.9042005395409,527.9854074024364,524.6609953040535,514.3524036022771,487.6212394652938,518.7229212316336,514.3954015842885,527.7185898792221,532.9873272457043,533.1074414253587,541.2678750743381,569.1518365085082,583.1037028070958,585.3773083689613,595.5403256155796,600.0,595.3184845240419,600.0,596.0498860114915,600.0,600.0,600.0,600.0,600.0,600.0,577.4633806680288,575.9946726800033,559.0060062293988,524.2506549070531,556.9222851340984,582.3916844637273,583.3505877566222,566.1412479249527,579.6495126388993,575.0855885573942,596.3200558969831,600.0,589.4357825242909,571.5439955677542,555.2607697833873,526.7950069810344,519.3782407360452
10,226.62152003242554,220.0,220.0,220.0,236.25113696505076,220.0,245.61958735171672,226.0976026114834,220.0,220.0,235.06435030255025,220.0,220.66490235964423,220.0,253.97071462653744,227.7476463614343,221.58246122636578,246.1979263897784,228.34001278340688,220.0,241.5949661123513,225.7287421157922,220.0,220.0,220.0,248.6854598680557,258.6123855606012,264.42338419608814,243.53464995645356,257.5308829364581,269.93870799394233,239.17115816871788,265.830415325458,271.3893507305444,291.8620324032471,275.26601745226617,248.80936343500795,262.98083355808285,283.5526215959442,275.57496894929454,242.23342822143633,264.51120994720685,243.9377833903377,232.67001932316188,241.646189867561,220.0,220.0,220.0,249.1647902167619,235.9615823155678,247.207699373767,281.454166805009,293.31572235434504,295.07235806427764,296.5367534104843,287.92095380237294,294.9055297192289,327.0209269874282,347.1840093463099,341.8798725386365
11,346.32903503236264,373.17624210598115,347.6812498998427,372.15221788734385,355.00759118130713,370.10163768562137,391.5370783398595,389.92683454830257,368.3867128782618,392.5204549206281,383.2460390743601,370.69365730813644,371.3947900728772,366.85082695015143,379.66448214286214,354.26832872894875,349.76660451229986,377.1857312980641,344.7101209588449,341.7238042795778,352.9610419265425,380.1008180194815,386.6658539048038,409.3797528915568,389.96812421870686,379.66478475465703,410.61404392962004,437.6323018461081,441.6890106343174,439.9731942799566,436.5479116817687,405.66318799145984,433.12958526841953,455.400050857493,452.3376309884437,436.8984290788069,425.90287152866404,399.5241125397663,415.0493944311669,419.01628439000694,400.40352398774957,409.01391403318786,442.5600290310361,416.12768851436863,413.2216392581416,412.81275672269044,389.4885616903566,391.69917646016864,399.11758455853493,375.1317022758296,350.96237520645093,375.90678530081385,362.70390586771697,371.8272429632211,380.70135826048613,404.4433195512706,421.2359437374772,445.07629407815665,453.84132935370326,450.30333058968284
12,369.5552780989684,361.08736176526895,355.37487861891,329.4265262696739,324.1036122398956,316.36475574407905,283.78477217635526,268.04392504919906,285.67741328101425,291.13360327968803,312.56532805261014,315.5534911592637,340.3393547425324,361.0640517146526,332.9439716246099,366.33441738572935,332.36673866882234,339.1454013238956,359.62120697606895,347.8537967656322,354.7536822264332,345.1022593857546,314.34530763627976,279.9376139725329,251.57795608031608,223.46662766871935,231.22891208628187,233.0394782536578,229.92190926577774,243.35641255794698,220.0,220.0,239.41749119013394,268.1158886463322,263.79945038296296,234.5033289926556,255.41434073864977,282.37627106774113,276.3324900163015,258.3673577907209,226.44537456632708,232.821172098967,261.51203643834197,273.96419822476474,261.17160007739614,271.1737827776938,294.4185712990556,292.72667545351766,315.1090697533664,307.5427471200112,296.93814462171514,302.7473484332139,300.2753976718276,333.6732321041034,334.8204917510757,326.7825337751972,319.4278817941947,322.78367833711286,312.62752099768653,328.23098313523207
13,364.6519125266235,356.5420195833905,364.73014703976685,333.98942812848753,344.8642723965478,345.2123275976559,341.9241555977208,357.27186494727744,375.3497696876177,399.58803012648985,390.82424858371115,378.7168870414478,393.7208341460642,399.4471742858954,408.67328253052256,412.55988602793104,431.64839765220086,409.95125984665157,413.85110913854936,389.91823436460345,383.4258701149729,394.9054377540981,394.42045033609,385.9918579031427,412.9397580022351,432.0375580170586,433.87791296708485,465.381633864369,460.0872041248186,480.252309055986,457.00784584208526,442.01331923982707,430.6793099332039,403.08676262252055,403.2130996778453,381.6713090667,391.0643213281761,369.3707864982874,343.0162245120367,375.8522954439614,386.92911685073886,417.48068088033307,416.7728263198593,384.1109987342955,389.31698066449655,393.40000274299615,359.4482951585577,384.7352382666859,393.1331859098356,410.26156776616585,409.8360451971919,418.12421585077027,401.14710837676694,434.31015212057224,427.3605526489088,403.7234161425429,372.6374954287668,382.16953074474276,416.00612032709466,443.7117351063344
14,486.79973564483714,521.1415906743374,536.7395690172849,525.4871476553826,532.5724169695948,503.15608194358407,483.67385625916194,477.9016727741564,457.0289673235696,488.77403836154156,523.465865233667,514.4313796421836,529.0774086675875,522.6213598140143,497.3870041210488,485.9718834601964,467.3079023702928,455.2733777988122,435.32489598665234,408.1890543207296,388.4090443760985,416.8120366041875,387.7775539085445,375.51051897141093,377.5020115865954,367.3178975190804,368.5503941704025,336.5897983868073,346.98967272231374,351.43318883123794,364.1008274410664,368.80887454897294,364.4621253187694,353.9720332793552,334.8224965863395,334.82723746280243,301.6509091292279,289.6277670961807,302.0788276456978,274.68902042374293,244.09140738610992,254.7439097565055,247.58814023647003,268.71589279492673,299.3276840729194,331.3205158341998,326.11201560679234,309.6149213060446,317.2178830180181,326.1913878329946,334.7555333583074,322.2800363186291,291.7426578678403,271.4429965856322,247.25235654718858,220.9253807520203,250.76521322703042,220.0,227.13004174654253,258.4532074483521
15,356.8201884477686,358.71705468984095,372.4219111331021,359.62378975917886,358.0594288986863,380.2566284219789,397.43152499159737,419.02298379609624,453.13679525003215,444.05971849556465,461.35610690106876,468.55102659820756,480.2133603036913,497.00453364199666,514.4857258282387,541.4878862788761,530.9404035453999,541.6840984732337,526.3044286850136,532.9242380432019,550.5064978552368,570.8765738865517,565.2852890957903,565.8957047198854,554.2651943017976,531.0977385595717,514.333956923049,543.1835472660366,529.8114152346888,563.0445685828814,544.9480345479582,560.5630106716313,565.7362412216598,579.5171446883958,589.5942009510385,600.0,600.0,600.0,569.7494148032797,553.7071952145627,568.2825238431761,567.8677478014732,571.2663865848513,578.0270184614717,569.8110675703916,588.9837543265415,600.0,600.0,600.0,600.0,600.0,600.0,573.3434879073446,582.5806162689152,597.7654744844208,596.1709032512259,581.3454903032115,584.8481119929884,575.3804496133375,600.0
16,355.58111676263684,332.8806062517859,338.22784606336756,330.9473274599934,302.6601975960523,307.1991621659059,309.848410947505,286.97220701182863,293.80687883901766,298.5220070090419,317.67489062195324,307.9847857109377,290.3979523673924,321.9833444553467,326.2685710501419,293.1683681720345,315.6181860598565,294.39125032418235,314.41379255939137,328.77516246030893,361.5921231587299,394.18267427034675,378.39141799624997,397.0428886818893,384.22274468648396,393.26660040455556,400.1088263513771,368.92687244485865,334.28959493333366,303.33307595497035,277.2890192821922,260.32469367653636,288.8115593035157,290.11584657778377,310.898268296639,334.5800909441436,351.0261078454815,343.4230665549215,368.8932241237903,385.8367068562547,402.85730789460837,430.9675107961982,437.8739538682361,439.8741639655884,467.18554299738366,463.9978639688774,485.8078126908964,454.57705792203296,419.6673540339755,421.64782830628053,391.80066087342715,425.1586718151416,390.5437539979275,405.8142285528328,387.85115725786824,420.5797976269122,412.2877131708649,379.1975530093355,346.0830565879503,349.8191926086785
17,594.9505520318869,600.0,588.6091080602486,587.3983635034714,559.4302699093186,560.9826498287398,567.961761762119,550.5360783549114,558.3840888689735,586.3625814877113,551.4294548273549,532.4548190289111,512.1491884615867,485.8212226739546,462.4483075655517,471.26218574112886,443.4507930516738,460.1480056831243,487.23958702221114,517.100727714697,528.313034717076,507.13078346142913,478.1015437492227,459.3432905157127,491.68029352066566,524.0444576432155,515.7787795174995,503.58418739432807,504.28492815246267,489.7030945551807,523.2794661710701,503.76496347279055,494.60495122558433,489.6609125245968,463.4153941402782,455.2131320141873,480.1842824213254,455.0095525232985,460.8910890811316,454.35568874533277,431.2932595735546,397.15679108499904,381.29082232929204,350.61884957815215,341.9926425689236,363.7073324678778,379.0853007293107,410.4021605484344,405.2932397620292,419.8393376634589,431.4132582106003,411.60649943167846,397.8572747979646,399.9453421358078,420.7113544662223,418.0382458786276,398.9801534109145,433.5227517305404,406.6132681752972,438.5254916996902
18,527.4375896035857,551.1601359551354,571.8043667715403,551.3763326628639,560.6570990805308,578.629585952096,595.8275913992117,579.837167337297,557.5155244807547,545.4841333547731,544.0732469811906,549.2378992756479,572.8244246379892,591.6568205773123,600.0,583.4442505059933,581.9658854314393,570.4463966203966,551.891369188934,517.6085444157776,506.37088235572594,489.2990210957494,494.3321839834266,463.69330790328644,447.6296796730005,415.7635439721896,425.66279728813015,430.4360663879339,419.05966800314707,394.37309003363515,426.4274783274466,432.3349496446495,444.87288530469425,447.06729803355586,468.5246253687902,496.27122883715873,488.0609668889928,501.3627387451356,482.4548626633834,493.08471596472606,486.02561006308474,451.5003220211761,483.38727281075955,509.1781809984699,494.53673952269185,529.3797515189921,516.5786887379495,513.6977817900847,538.285913622294,524.6076582152568,521.1454781223819,532.7365798210097,506.8693086550797,501.4338344634999,488.09253007881375,500.466731489351,474.984588793577,456.2757923306426,471.0721265933164,447.00783247400443
19,380.3673196511581,395.2689701976414,413.8517571077418,385.4934396147586,410.13313227412203,425.81119335321966,414.56181456175165,433.02801422486846,449.00893479871456,456.07132065430153,460.16500279271065,476.5942470156816,511.54244013506343,517.0410975871754,538.6513486105328,555.7505088226236,580.6570969649914,600.0,578.515824522257,555.0979990699152,561.1426270589583,557.5932814610136,562.5438699653554,583.406861379341,600.0,594.219107763899,600.0,578.7759431488987,581.1945796037154,547.7209140483518,547.9834537476686,551.1570058864536,567.6381793909368,578.1021147054262,568.1898861068323,533.5910491567508,506.67506031035725,539.7893060565789,569.3526271386503,557.1091485543304,540.2288543490025,535.7779949073051,549.0737969801502,539.0517340662084,508.76230340738925,501.957959878497,485.1991894921972,472.94429027698203,449.35129748209334,460.47010234328866,462.3342676704544,446.29468588112917,450.06505957256604,449.55460887427273,470.27284883389467,502.1917476877088,476.3386833162147,503.2126268397735,517.5484125197166,531.02716069057
20,362.23434091413947,351.30791459668393,316.70267853426014,350.4570197588717,357.9124280249851,351.0754316996599,354.1392492321124,321.97614161885076,299.13170848926757,307.76690323670573,308.76522431455913,328.86046191949345,339.97245025066707,347.0729475692242,369.14154687059613,338.9199642592292,352.2820400094191,367.3733899396502,351.634838417251,330.3303129713686,310.2999862532885,289.16984669352814,290.8346000567798,265.32844185238775,276.47845215174226,248.83393027815612,220.0,220.0,220.0,254.20634387870575,240.41608492191097,220.96057094369692,220.0,220.0,227.40942267321046,247.14559192645024,237.66592926846502,246.48389787146027,245.2280907510174,269.48276498875526,274.3156893898457,259.60810642138273,273.85921442386064,296.26372858547035,293.8445745589479,327.94838128071024,354.4851628241022,333.2719897006866,353.34490075162324,360.4114878561069,362.8482787026553,363.8239797632251,388.56275975799514,396.32385498123654,398.9632739349979,367.38346740806134,363.7646682911604,392.3275776343459,407.14914868846927,375.7159271524
21,555.9170672173962,578.78377271379,582.051667523657,548.6200500864167,552.9901233487827,521.8113568436326,509.2378840182562,518.2615573414479,547.1654732132001,537.2111678213637,562.4128326232054,591.6981033512416,558.1711749832535,539.9311236259307,554.6214845718556,572.600497587424,565.0696771026178,576.0424999967177,583.8936032120602,600.0,600.0,571.0109558593253,547.0884685251297,521.3793688332818,551.6529737222791,580.6009591069883,600.0,573.1702992473172,578.3693021416882,556.4754459679777,547.2623215970939,530.9587109617128,553.9838796658354,529.0954776321845,539.3280194348898,573.2006458992215,586.2944667269759,556.8408109574631,585.3902760948398,595.4058535331116,592.3476221054758,600.0,600.0,598.3989059540675,600.0,596.6713179452568,566.7527177879133,586.8476266728284,560.6964487277571,553.3163494479388,545.3939486404798,529.9968040865515,523.1723028991607,531.4329406259308,518.2300524804706,495.30588811934996,521.1616138548586,554.1198993448581,551.2207670162006,539.1121468803217
22,238.04318955572714,220.0,220.0,250.1169412810676,266.2665393191771,255.71539864013138,288.47864840287565,283.4917016307768,267.867193709002,262.711920839707,242.51994672857526,269.514660642631,259.7967923718693,270.85461988647177,263.0879238043732,291.20912306185056,301.1757756819447,300.35340800163567,274.6034158443294,302.7375822439837,306.0147630230077,290.9684711303069,317.4233535574762,286.23418347508476,273.21956768815477,275.7975557723051,264.5845592953356,262.9559571718557,246.45809483502455,220.56391120032737,220.0,220.0,251.70625598173683,256.98447531530854,256.2116840847651,248.11435283616473,262.7037630550017,237.5919263684282,221.92101710411464,232.83416548057733,231.36867100154328,250.27514872867948,278.07283780564524,300.7089192015912,278.6034591998424,250.0063756867309,226.8672177248843,246.71436613690045,275.6825424013902,305.4639631406602,291.3390683965914,315.1629648575405,317.69945230908723,340.2948816934618,343.6804206600618,318.8929460446001,289.4383146197169,321.44365506437066,316.2498340145812,305.78627915739344
23,355.39517221195797,346.920581015241,378.07035896784464,347.45968008606695,320.7939702028279,341.0695762865573,344.52824068036705,318.5258137376337,285.93802331211725,266.6344276916632,249.89117933138215,220.0,220.0,236.682325586668,261.5626838612582,289.4391919451385,281.73317423018653,269.0921350434356,304.0823944179877,322.9362259824989,325.5508716460277,308.38487193428546,295.8762536362428,296.9517580542999,299.89756243965246,265.8550675388099,298.01307350781315,303.3055108224226,309.54658793106194,289.3495672938293,307.89866980991667,324.50718621634564,296.16824435467913,302.81785041287355,313.89141258596516,337.38118480613656,316.8075673303763,343.2420031068247,340.5456781263564,312.3023314777515,284.6958169835128,263.54212874063467,248.33467815960626,248.08308447179223,265.49566831391144,243.56648145527168,278.05210707023923,254.35864229416111,261.31510003471146,291.34093054570525,314.6164501470831,324.9686942635043,340.0532040388672,314.4475979082427,280.1240116714601,275.51442657668616,246.78075142036738,236.82343075426508,220.0,249.14427056665198
24,554.4212796230619,576.7472790202324,591.7233799092115,567.5084149464934,535.894134780434,546.6662848302625,556.6243544325195,547.4840543653331,545.5721210158249,544.8125781924841,526.6075474847396,513.5992103182706,507.8864791447157,515.1090112385269,547.0163556597444,549.7102783260772,565.8917519941012,587.3818291617899,560.3273976533887,571.0461243821646,569.7938747999743,574.8640407573267,542.5532262611598,570.9883278194768,600.0,565.2437346579228,545.1391461008286,522.7527382604551,542.4440544700446,549.309658607872,526.7230150386433,548.7009819109636,538.444222937366,535.7042042778832,527.8156666503284,529.3122811012145,527.9222539192252,512.1431341055962,506.8620567301651,535.445657219966,535.6482467735132,564.7952955030795,568.304188850337,587.1213993788282,572.6727910550081,593.0017353581167,576.5042482670657,542.8727462820738,519.1237723045123,485.63947355675487,516.9338584891549,551.9322499183935,570.2883683717599,542.857339834371,570.7835220576565,587.8478548862838,576.10497096443,576.2644247910553,587.5875786793931,554.2711119765221
25,410.58554659796016,426.8532269258091,405.0290029585524,401.0943431021057,403.371452145051,419.8610281821973,452.3727879377148,476.7520762980152,485.25836571411173,491.1132129525484,498.33628146763533,501.4987864538195,470.65418807194413,484.5349356931185,499.6785117021907,500.5521370608826,526.4792694390607,538.5498456320281,528.9363716820193,495.3149764339237,464.45629168876127,454.0821700036863,451.4295427675941,428.11052113318385,406.3635025827681,387.47829769732164,407.1142314676607,426.1043803342847,417.9101093132492,394.9756160241569,367.7392029785998,338.8382548219019,331.22780238485797,299.4157727173363,287.7702253161798,320.0775522940594,320.6028753867621,343.1880013652253,317.23661757790325,301.0021323465826,332.2603834646632,324.1090162500449,334.49744524142744,367.8263197828087,371.3814627259602,357.75567917197174,359.9920710886161,328.81667504177625,301.68256622826465,267.18454358192355,294.07924649147384,306.06887651444555,291.9519600737379,272.43325941824924,285.24862149929385,314.6158660342636,300.55560240791135,288.0647400649861,312.8615908285502,340.39789794041286
26,567.3338953953158,552.8546899557845,526.2765696875289,522.0763997274269,507.77994028730956,534.6506069641381,502.21505289038623,511.5866857649253,540.0193813672932,573.3863070437178,583.8954489945809,600.0,570.2961623837547,560.4456466034915,526.0556754163629,559.7385394697202,587.9293929833891,554.8930719207632,521.1623574529468,511.85022204039245,494.94787971575556,519.2331391227307,495.46704735176104,515.812509740821,519.6246887401675,511.0421127385166,486.2424960598531,521.08088747703,529.3399159415376,525.0966722212971,516.0756011799883,544.4765773241481,566.9600038975015,588.7430090832771,596.8769021906446,600.0,585.9494860485449,600.0,593.3113419674324,600.0,600.0,600.0,600.0,600.0,600.0,600.0,600.0,569.5629120571042,557.1476934611746,584.9070572555962,600.0,600.0,600.0,594.0684694742669,587.295361898396,600.0,585.564620423555,598.5028515126231,600.0,600.0
27,341.556524468666,358.48877314734017,330.9430659778483,305.6073870044816,299.82090981661975,268.68671416148703,300.0255966640607,328.1583033997159,296.58366208652495,320.2654826189845,320.88667480528625,335.02407699143475,362.10925884230784,367.49747293774675,340.6403699576708,305.8208726917319,305.60537994933316,337.05162919803837,342.1351602109621,333.24089987713813,300.4054410728021,329.4540002822761,317.35496654233907,331.6893846343958,345.2859887821984,328.05781007801073,297.5222355302615,289.4722620372906,276.6714330058946,290.68938092695737,313.0741556231461,293.64533484056335,295.6215097249143,263.4640940420856,243.46200164742794,261.7853140199737,282.3231964542088,301.671508895835,276.63866364501393,280.2110945678031,274.80068357883994,309.20472435449625,319.98961518857976,350.4537615862808,325.6282829368714,322.18941205388745,341.20194406129826,331.95198502342646,341.2275797541817,342.046731820338,376.48179046559744,353.65286827018184,384.1272769432908,377.2372437095216,374.9967513559322,376.9988832142307,360.5745416745813,393.0305626573368,421.83466702377206,454.93802403856745
28,598.8294374396187,600.0,596.6179847064021,600.0,566.6663414485437,590.074624578489,589.8846462732595,600.0,591.1832242939755,581.9868450646526,549.2070457614147,543.8723058914456,537.4570995707987,518.1924767015637,500.5051058493474,506.3948764803232,493.6388774580884,516.7565110892987,489.55346856929333,494.9886148295464,471.1917457292836,473.1685896137297,476.846801700252,486.80763975705304,481.7273860661556,482.3906140252034,460.05729715089393,457.468371632437,448.58049886903734,460.209676194846,455.64719683960004,475.20111240821547,470.0205593083739,451.524541416551,435.6827517436519,403.8527175000665,406.6470342421302,429.8086961151527,448.6465155923826,444.29177823607563,423.0202030961915,448.4641141270132,417.438786510168,410.38437727434257,435.34743724121915,427.8698053595129,401.1210883125001,384.73755333670584,391.7396142587122,367.38212779733215,378.2276006762971,373.89893586024425,362.30620091768077,344.17098455430227,366.80408356427193,359.57125988671004,376.264808479146,372.0896719637629,343.52037504583745,339.3557933075457
29,412.92135629959034,409.97030984412675,432.1072296665058,460.8668240995179,480.94133136429025,486.73606451905744,489.6375617578998,499.7606838665559,484.9088046173121,506.7380838477201,531.7174562799763,515.4226577027044,543.6199322725099,568.0312229519267,562.7452966757024,591.3753108221946,564.8060403890001,531.7650995336231,521.115777325207,525.6962762431211,515.2972592604218,546.242000617417,529.0717166512771,513.7566542027647,523.1945870809045,488.46505884482406,504.39405250964603,495.816916326167,529.2592670611978,542.6584985732802,511.3135454290442,482.7974920409824,453.96925952567346,485.65281771810953,498.53642560334066,493.46884611356614,472.5026344051683,498.6574166556745,477.76633159266834,492.2338767459756,510.6665820541498,496.29250827402836,496.6365398759733,477.2457896382609,468.7708656601457,501.3302735397463,514.8499359655565,539.1129303988926,541.9549004015644,523.6876823521593,538.5892723188629,538.6290295742025,516.0084503416966,509.87854261497137,519.3173579461128,535.7905879138694,517.8160436261941,544.1358573806473,535.7044348758748,519.6840051283672
30,294.14562107241545,315.4376144806236,305.22913472824797,304.0670666804034,284.6644543298747,297.6908293116999,317.36316784036944,306.12293526710334,337.2784922431015,304.421234912318,278.72725214150086,284.9423443507352,299.0408246941218,281.58863395975595,285.37361074215033,272.66064803514723,276.44689522865855,287.59983267215625,320.69639642199024,317.5951766234731,327.97029944246975,333.43304679686497,320.6618893689951,303.3763785878355,337.52732910996616,317.0069944290722,337.3262631242688,312.5873804957221,333.8919693510096,311.892960360278,344.5939254414097,357.6130614016259,328.9213384589339,342.4437368210647,349.69719021577333,338.3254274843504,321.57694732732045,336.8902020496911,353.7854981561817,341.68990758285923,368.0258053416245,351.8437106638189,321.73422048205566,328.72496961998615,301.2199097181993,285.58639421685325,286.0894417302439,271.1346152952547,251.18435926465781,265.4073383080536,268.69729220621434,292.48057958373397,298.1673512096174,297.00865603378185,280.296600646537,300.74121190292783,279.52218250243357,261.4781712705548,285.3893730432697,302.27284984431446
31,452.8919258122178,420.6163629672779,394.52439624720876,394.5214184603414,411.76514310414376,409.2522035975714,375.46271530660624,353.36161521328376,359.57528418669904,373.1704783648584,340.51046025469174,308.54368299692675,291.83539107887214,262.68050975593167,265.6167460094672,239.27588474643483,249.6512381895344,269.0570105410655,301.99317700371296,333.38166431835293,317.5172248348224,284.5758970184445,272.6347521462682,287.22836045615395,256.4144451052317,246.59433114223174,232.45674947051523,220.0,234.42915283112205,245.56594318282822,248.05052976523226,276.80475454294407,249.02447423406315,224.5027199475323,220.0,230.91174363040304,236.7972940875819,220.0,252.0897362622527,238.4442734145501,228.57235637936668,237.22644231240633,268.38802853458776,279.7762052718168,311.6103383401561,289.7417166575896,298.0584116856951,321.079934117035,321.7116468948743,312.06380420292817,345.99690130515955,320.8660151329258,314.63108205993177,340.76724473917795,368.80089699459245,402.42764410377663,429.3669755622833,397.93396733940216,428.01762231332634,422.9893257118013
32,467.6152912335011,460.2146020751995,482.1713674381479,487.48571678074154,511.67384175952185,490.2378447659756,468.1866613988187,464.0130375097538,429.3456456571275,442.84535249986556,428.56911344642634,432.5800676814378,402.4803169136971,379.4254220704857,388.025563972021,374.42194786979405,354.45248385078844,335.4717389073322,315.5090944381169,324.10866089825527,300.8470459111173,291.2364910537096,304.38857164525126,305.34554565958683,312.1552066138707,294.7186951763331,325.0087362978975,318.980283680041,304.0677592429044,332.37059212699745,343.2408651955045,351.21707561519605,378.28850126682784,347.38632130582477,371.0238871463554,383.4743926477124,373.67388828232146,356.6184822589913,328.95489525070036,359.83008716796866,334.7639344010362,317.9246319021981,331.30213447206097,346.01280512408044,322.266614446262,344.2557956998559,344.9759045422013,369.3678720102589,340.47784929958704,308.4759492361453,318.0652759407498,293.566941738437,295.313374939768,261.3009880896836,280.8960363280576,308.86314824055273,332.5849415780529,364.6696384985822,392.88634132469747,388.96760260502305
33,371.37231920858574,399.1051759665937,428.9908916415996,462.0894080238622,480.871614462857,460.01083255875363,491.1576220865042,522.4575247636395,534.0867202375475,559.0963388820114,563.3786883634881,594.4675745423087,566.0431223037551,591.520581057689,560.4058350902887,549.1433287455502,523.6161237286185,522.1555802010223,503.4128112604952,535.0578778138749,539.2103711696136,567.0515227108743,551.5156155444549,518.3340447407141,537.6298949985887,551.7963311966267,554.9807463938203,577.0547374748651,600.0,600.0,600.0,600.0,600.0,590.2995254791052,555.4576259811058,537.3236131536983,555.7980486307224,570.4890364413246,558.6605865794312,567.4513947971219,546.1215183602415,529.5754587090745,560.8940252822492,554.8166653877408,536.9657969886607,536.0633742673901,528.1544858525058,544.2215184669432,576.5696459213049,582.9912656333433,589.3715687189274,579.9099388295712,584.4341040678419,571.7871247149416,536.8635699168055,562.4903020182995,557.5513880048189,556.9975819585987,527.8426460384137,551.4403819767912
34,284.72808674348437,278.4715678583865,302.2901561528582,299.33496196780453,329.515625450457,309.16762668990526,324.23392478673924,357.69382143606015,361.1667760414819,374.6196489465614,367.14551511863203,384.7391288994149,413.3603128560759,427.57420254961295,458.0892123462815,464.2948979857432,469.6945188173106,456.0184359849515,470.69236036641655,497.4290368893474,507.6711727183726,488.9839181602734,492.07155619079145,509.9871753773905,540.7426074184832,516.704330884922,490.62912725258127,484.53517436888467,458.3279562312674,491.9579801066257,486.65928581640486,489.0120221511582,469.9081668416522,466.34699548923726,500.27557092952264,499.4836715252105,465.10134633152455,447.0782734490687,480.570111582564,514.8048375213152,494.5393538053346,502.6078399544043,472.9914230897833,478.41233806090736,452.22678716495795,474.533093819944,505.3033429521011,482.41241951556486,479.80227131720255,451.94528121042697,440.6850817055352,410.241924538772,393.7601814999919,428.075838196243,396.1980669087411,421.32584998204806,391.7475304248354,393.7773156030506,390.42570107296484,420.63452727441
35,295.638947668334,273.2166887449085,290.62667494465677,306.4270380616815,320.36976199617743,287.19866012824406,270.3958381989877,294.18850064878865,301.2485691507627,308.4022136020154,294.11637598035225,277.3284921793386,308.5873343406164,324.53020386034126,298.4108321064699,329.0503180565334,334.81622868379725,323.1515943707934,315.9513556187653,331.7296713434486,323.0687569614745,328.580892899777,343.3158576651653,321.9921074765828,353.0890115135613,343.02110551403996,337.37733850942396,351.2733442601714,358.8883005173149,354.69668910305745,365.17863192411284,393.376613454156,414.3964666193353,437.0945973161694,420.1831859158813,414.54142036671595,418.3087602825001,386.4021176238039,405.2875702502166,392.93000995927287,377.7117354221439,360.86217607707414,345.69872465647865,334.3597629075269,341.69748197285804,347.54705450586243,330.4468772579937,309.8965766181183,332.74164992311324,304.2322835604589,305.1298824445238,306.5691436377731,311.7587201145866,338.7542282280861,347.42820403471984,380.5825676720815,406.57728350649245,386.6091016705973,368.4919333863684,357.6261229004303
36,368.7754777304499,372.48513615198857,353.76102045473226,334.3251831326959,326.02248014846145,338.0640980733541,351.2328909900873,384.5610627929076,363.73014316743456,356.2302837974232,388.75770865315747,402.0583206397461,408.51781737728743,411.2930409753817,381.57876758491966,409.1149342020334,417.90029928109095,422.91701783605333,425.6820418685823,418.1160363810601,400.94256477632257,418.81510374973647,419.4848299930528,386.86059725329824,379.79721223734964,409.79946691294793,400.97208622080836,394.89839677559854,403.575675389451,424.6929116565628,436.48518989589263,460.9890210744989,433.9669621673478,463.6884408996532,491.9629761684502,493.30337722944137,502.0353338745455,481.9322473886436,478.2885680473408,457.47780331172766,424.016170837599,457.6793856064927,440.81964170620705,447.3372233290555,433.3547501767059,424.29826359143635,417.1415726921956,405.59484388492865,415.21282703872413,447.47836597292655,442.48279147336285,475.6156621571614,487.36146877129624,494.8610024227669,476.45827204869147,445.8627214616481,470.4981553820761,475.6768298581749,469.6858002279167,491.5235127741105
37,338.02054537938113,357.87375329689525,345.83122177530106,375.2929048235925,359.0505860355687,333.6793742657887,347.5461438502475,323.9454515647815,355.4008650850105,366.2897229522311,347.4499692421479,327.06729464212793,356.73854738055746,364.2886012800498,391.850121747119,364.5658860863267,394.343339776869,395.7467916164552,407.53632575964974,398.6376087675394,367.77743130794727,399.83550220187533,434.4573852394691,424.9756646527001,456.0464197353387,432.7872601026482,408.61517157874846,378.73300037939043,371.121858910281,339.78301642299294,332.4090196958957,307.0963497013725,323.2332953914795,346.56868084502804,359.7157607907682,338.7503514612991,357.429724964856,339.8947387571853,358.0589405449822,362.77677078772956,353.44664692811426,324.2911133892383,347.21677907573013,377.9924835316059,389.6067281316505,422.12463780019124,452.5124371332006,431.13502518946336,447.3198895913383,436.7712269519769,435.89744219157075,411.88502237199,445.11958233602564,460.9491991513742,444.632780825542,435.63579913730433,430.20960401531926,447.5369647053881,477.33577337925897,464.83658268817896
38,399.55003354655946,406.07456364498853,398.6086431130106,398.9013357486086,371.3008697800157,348.03807692042733,341.11516492583746,370.16089574977616,359.6159589519005,342.10145555425146,359.10181101370074,390.5409226390634,387.6795758335117,353.2819227232145,366.4523759265078,360.5066320396379,372.661819602773,357.1019757108172,322.2705457780046,311.3852810901968,325.72074507310276,318.238674883746,298.58086465947184,296.06134514885895,313.72574177974593,287.08605785520734,300.5087002104727,312.22278187674897,303.17443345470394,336.09796685126855,363.72733781489313,350.858641471038,318.03501800860704,304.6163544807624,283.94689045863544,287.2545244419669,316.56663392471773,342.49025962734424,328.8983005238821,323.9001278727767,291.4580818083463,294.5495273437868,263.9852859473378,294.68771758337476,320.3730860230338,300.366219873659,314.3220274640022,319.0834542343355,340.1784941104683,338.4741415830747,316.89817952967917,326.68721753827737,297.3068404279935,303.22799980978306,283.1173361922951,296.06288679094433,319.0259081119119,291.692639161657,284.7114378120584,301.0579489563782
39,282.20716337716624,286.86382027966613,298.8925490109667,288.7281015177235,311.96686071190555,312.7129336651755,321.6025724610112,296.4636682303457,263.08488044763254,231.63728040538157,259.9116907792567,286.69665767663423,308.2280584179632,287.2009048044035,288.9830104408687,309.7112074792549,321.9380501671591,295.02453372447474,322.7124177113444,298.9601852058018,275.98588374473525,304.05648778668484,302.97967352330096,294.08210134025364,297.8380733011176,331.5358865993654,304.9100184662384,322.89643788168297,311.2992482387719,284.49269719810553,279.02803207281124,282.4407335135802,261.8580481545505,255.22691029131266,264.724232074373,270.07559345478853,285.6968350386281,309.24515234424615,302.88497556810233,297.49268485045826,297.261134262319,301.9058707490102,274.4884579456626,261.3729327392968,238.4053584156885,230.4150517797777,263.54983685996024,269.3410038276288,264.3977102220671,269.0132928877267,280.8486517676293,276.29539419795736,272.63508049565945,286.73315955237905,255.99354037677813,258.7991801569622,262.1121270122013,280.084785291188,313.86991795475404,334.5727530298306
40,411.4396728071779,388.3013953796804,394.47966339400233,417.8805854638903,448.1495699190636,470.9212964836506,449.14909892903006,464.02940943348324,490.64025575749224,503.3114434213805,516.3140862863555,516.325446323931,525.9137818727164,511.52043221832787,482.73713829333,505.67718162550807,536.6972831429141,561.6748466193002,550.0487953839564,521.5959059755114,506.20559310970987,530.2040694164028,541.1110849507279,573.7796820379335,562.7673533285308,566.3704017489458,586.6730772636217,568.0525132548486,600.0,600.0,565.5528294323757,532.3135587263365,559.0686798744482,569.2383868177236,587.6534631521939,600.0,594.4321843375543,600.0,600.0,577.0519775438735,595.5415255118149,582.0869660449044,569.5914762586742,563.4843158312212,588.9446822247872,555.4886069364907,550.8634414132091,563.4667768830581,536.1958589628346,556.6536107540537,587.5867926068685,558.952230082257,534.6585997304185,567.8454054766527,546.6953003316546,517.2210776308789,548.8745551785919,576.3581448652548,587.258927956574,590.8590928667027
41,569.3084245950528,580.1948298528523,591.2825960049072,600.0,600.0,600.0,592.2805048528913,592.4998773482782,594.0733827843818,584.3316144626594,580.6999030912837,600.0,594.1559358073122,560.9451194717923,545.7564719959618,526.9784024823806,547.5291433106183,543.979657403645,528.6013954161043,550.350737285018,516.6959136039809,493.89347259516614,516.7803099528721,520.3259308891003,539.4814151096639,563.1537361430093,594.091180344207,563.5309022954407,584.4773343263337,599.0909647017221,578.5827567490812,600.0,593.2941316214475,600.0,600.0,600.0,576.1666753727186,600.0,600.0,565.4264683847772,531.7063862596971,551.1406686109603,527.4762133474476,534.3879038414177,547.0636411767963,531.6192326831911,536.4711992719899,518.2893114912251,549.5313914069817,574.7433023514234,559.9062977562462,561.92331212277,561.9676121235434,594.1692401800486,586.7512547929184,591.1071836164281,600.0,576.3967735823591,579.9307658118428,552.3278702371708
42,454.6495940910302,445.24741832812055,477.9819434506926,472.06058613108945,446.59372075900893,469.9737180239972,492.4343864236012,506.07455979159613,523.4913859234921,507.0214511617506,516.9651961913453,484.6265871757228,463.40889724802526,493.66845857674133,510.41492937252747,491.5620072417755,464.3588235081257,495.7831846489208,468.6363212731301,451.6312246364374,429.4156041463994,394.93807157522315,381.92750576208624,415.1200267739996,404.05325818065455,404.3545997433987,421.5701046179234,425.1457117634685,442.19711728233,453.51162805566605,461.1110396655971,471.5864631704193,492.5279685158969,507.24136615197415,527.6656106013376,502.85744528118477,515.2946065709226,531.8861404337099,517.8837907084883,544.104203657518,530.4340158887071,512.502264245062,538.1990413286977,520.4904299968476,514.5756023670737,505.330200469651,533.19452804873,530.0610297288875,543.6626550596227,564.2453783846908,573.1986290369931,600.0,600.0,593.0144639372404,600.0,600.0,566.5804126061428,549.7813421818455,558.3024132744541,534.2794564371648
43,441.9458570594174,432.2577186209445,434.6647022250237,399.7959415761514,424.18543640296025,414.5202205472472,389.3313109467039,384.98542093705953,384.01783148127794,393.63602121601116,395.3553920406707,363.4020427853651,389.4079053308086,386.36353055589586,356.7526746332065,375.85065119024944,387.0614605050642,397.5221045989097,392.406084720399,386.1408791038682,388.6845836509822,357.2261925539194,343.15323604917387,377.30582819854,388.6593024375053,382.9846940167178,363.5501112225495,380.71476655556586,363.9350882349993,340.30099550423995,316.11703852064005,332.1654680621713,342.16218586238153,312.0486128183677,285.1016098937219,294.4708906084723,299.4490177395234,312.46895196555033,289.93167555097864,305.7928289861803,336.3195816993188,343.3931037167997,322.12220509179457,334.690274961682,323.7059928099065,292.156135056907,278.31984373158184,306.7108008680911,300.49055328040936,326.01712694258583,326.62328098918124,327.81174021635326,293.17688269089587,302.7741678211239,275.3211369732533,273.8335260009971,257.055705897064,249.52251350511605,252.1179284017921,220.0
44,328.1417616432167,362.41459704364723,331.4325358510864,318.7900800221022,306.28958326962754,297.8465977349209,310.7812620258851,293.1233279336926,290.3421820232163,300.4826317028878,288.045175785889,319.45925642111683,353.0363408671045,326.4134906052303,315.48088251328704,295.0389273997403,273.11419908873836,272.4827877724179,276.9506853418594,271.74632818369133,255.8251693005066,240.32867949826135,274.77765044211253,304.43506662143005,274.74798549068504,285.70653113041385,282.6879636543529,295.90495045829425,302.692199846133,329.93986785190225,299.62904985212,289.1009036961594,323.0854925004503,300.8454669297935,274.7588076952588,290.78684811529905,310.2073093165215,322.2664576537477,341.6001656669425,355.1606757134645,329.6646234737069,337.2401562972024,356.62152407636967,382.2076865190824,364.444153506942,338.3643067726397,358.04063782342024,340.99902197591683,308.23408545837896,330.99903491383026,331.41841428059047,319.28273355058,285.0827709167885,252.55569204634483,273.03932098556544,272.31873293310593,247.79927638385814,237.8946702912894,220.0,220.0
45,324.9969718561746,328.4625701785424,308.1630327253983,297.220008415332,295.6751702922842,290.07725203510483,264.0811979735951,231.8017924611073,220.0,220.0,235.31614549761258,220.0,240.0886081455098,255.18580979747838,220.46185415947116,220.0,220.0,220.0,222.1940173689214,220.0,241.18520865967784,240.69255348588456,256.64935915295797,274.19853771846687,274.67201349538317,304.4474148331258,338.76426900299737,328.9092970240156,302.71978684146194,293.1464593468126,273.7812321378115,275.951628832134,267.4387609198021,266.0702199198775,284.49335024519763,268.6748184631273,271.2980491879081,259.7593366409163,279.7065971293626,289.47416139790136,255.0694925336441,266.2730864110094,243.18442697567014,258.8975922898829,263.61129896906493,256.71508640968716,270.2997364541952,295.26126646500984,314.773326435355,317.9498757953885,333.53847821355555,327.5124970210483,347.74432553046734,370.7779579440646,345.38852652541254,327.0507216969888,310.94993331142985,287.57565364017626,280.0531041229957,258.56542892446856
46,446.3049381521116,418.4180191549447,402.31235986681764,413.8988050830626,406.796963702397,401.2993556321356,422.15412333922285,456.0699320695919,460.62467689738685,431.1593788998394,403.3625870954939,436.157637637553,448.70408152994605,466.3769198133134,478.6803828513013,456.25361496996203,452.6389662276954,473.50459686105097,499.1500042669961,480.76349029924216,487.4808156576096,463.4779488493013,495.5573299678239,478.211630197298,494.0760891995708,475.2539952954506,483.3777712969485,494.5262727885344,482.5162400303671,504.8346106101907,531.8105734875122,556.6654686052918,544.821343967822,561.9251620987078,566.0895149395535,572.5734976539943,570.9932536220866,578.0115339799077,552.5073250424101,546.126631360632,523.5636546997882,508.17104186778806,482.11805938233744,461.99275174787886,481.72779965301896,485.21635200545586,451.8713703013123,472.0680841674604,500.73087188252475,527.3609211873094,549.9721029884419,584.4272539845074,590.4753908721627,600.0,600.0,586.9267111352408,600.0,600.0,600.0,600.0
47,365.9922037697169,358.99605138183364,368.79971302608817,385.44603067309214,412.0276278591252,438.3368003052749,453.8305740123131,485.8130684598197,463.31707178605666,494.8408610886627,464.3342648310162,468.22779651445046,439.54158350501905,444.3016517688886,436.6093316407889,407.321991845956,417.6901681976492,433.87402817124814,411.0670071246468,424.67757747626064,402.2109059166019,376.82865736867126,352.14408602540345,359.0795788522069,378.5949354210691,385.37749452423606,407.0320962355132,413.43551011043905,434.2479974248331,467.60457250416414,459.97175906193985,435.4677114468225,409.9454882661695,416.76892003213135,420.0661346420053,397.96261113994746,424.7099585266846,456.6823443184778,439.40743933570894,418.8892444987836,398.86377416031195,390.9832812387071,415.70918350963336,422.42642620551163,392.15516642679853,390.2637023888432,361.5869202008097,355.0219081814005,348.26831814263267,358.65300474230787,362.1147824297249,388.34761719346096,354.486879980044,373.6667975266695,340.2528813935784,326.55316938692397,353.1295890594934,366.45858107689196,343.498348562522,342.85326665035797
48,494.3235887716346,524.9376212654016,534.3401052106759,501.06738401098085,501.0465141897207,476.75382893167864,445.09839746492315,451.99414189263405,471.37867506836375,438.90291395311203,458.7541629206984,473.201314507504,490.84039667928926,472.9713827693883,465.5230646539283,438.90562255843366,420.6279890748463,406.82326607826644,394.1838308458415,371.4366230126183,349.64644887759835,377.7493768630496,397.621929900142,386.73536914454263,418.0704169082099,399.79500680367255,393.2724385451761,415.219210345596,411.2212562598499,392.6450288634201,383.4425115969243,383.492986663152,391.9380935193756,385.33054849008226,380.52185166848045,363.9979045645802,366.47221545379904,346.8341518176673,372.5609870852326,389.8766820038737,383.59621119286663,400.90216048516595,366.39187641182207,355.50612199678983,351.327202367065,349.21309789526384,366.62430133498754,399.02082126430753,390.6206203953037,380.16260986225495,387.8986757228827,372.5864287162932,347.48095208335644,379.78881301781036,401.4559099944419,433.5508787061309,413.79918021400505,380.045825261882,375.65413556354946,406.00676297296013
49,272.5636287712684,245.76661536969027,220.0,238.55125992523824,258.566117293586,272.24244119002844,240.97287034859198,256.60305385565624,253.00707044797434,229.05967998353668,220.0,220.08027879530727,220.0,252.88244587191147,251.11436779141542,242.16490350906548,254.28648353682806,264.8246375167421,229.9953871451108,238.2885460261628,220.35237425999517,220.0,234.4444223514391,238.4614578221878,229.2673179130446,220.0,220.38375310734273,220.0,248.90494658856525,251.3092114087988,276.92669100072766,269.23936299457347,292.1599644597307,261.1175476117762,246.98587940153726,220.0,220.0,249.32035717261832,264.5011692805959,273.25887379338883,275.5333704522171,280.40215298739605,290.1104796844478,312.971065316255,319.753264221942,337.15391763970376,321.8223812677852,355.19570291493824,322.42850750553026,314.48886917494235,341.23233778020165,318.868945168235,293.76261167359104,284.342765356585,279.31639439276296,309.6539786390839,333.18234606870135,330.66862070703735,363.77687776874956,373.73636605988406
50,551.9903181531187,534.2143067871964,533.4417919881952,500.5219969231455,466.1436104517969,480.52533591755946,453.8058894901515,457.15246608790875,470.87298984261014,438.1294108786849,434.5413088188826,447.43194440789136,474.7131135577309,460.65922059984683,493.85437767774994,517.9722826539288,528.5167376996586,520.9515232068878,535.7292495408527,557.8627783757775,544.0937696178364,578.5918741613284,600.0,598.9851008240046,600.0,600.0,600.0,600.0,566.625578860993,537.1648209400385,525.7175400514093,554.9504943356737,547.829645155711,574.9555002198457,572.3258741040684,557.5455785258785,585.5907413402531,589.8376951645605,580.0715958166634,548.1800860706105,520.9454053419862,495.69712827689335,486.2356686056358,493.7489755077399,480.280283517275,449.867217880811,433.4038294930243,427.01154505599703,461.4704400630601,453.9795233956258,425.2232027079469,430.90123972112224,460.2760448049625,480.344743725285,503.88002536839156,533.8562510955546,543.4142963325423,578.0588874782873,545.3885973698629,568.8273746999122
51,545.6640544184595,574.8330817717971,573.3049438063065,593.4478584597484,572.103486398231,579.322602160706,569.4277628261483,576.1599183724866,588.4491538735676,577.7439605458002,557.8806414970012,545.3987951171546,556.8758022746756,569.2569986317724,586.1491841534593,560.0067467535487,582.302964071361,595.4733101792278,562.6086655475726,551.1005150080262,548.7703029214796,539.0135272485567,512.2327094231456,491.7469493384961,458.4662469822054,429.9816482768848,413.62265651760293,436.0205751121041,437.8852008077081,432.6000531560855,443.9514592331839,446.8571984559343,421.0631733288281,401.6468087965214,382.22337406586394,389.2200499487279,386.5337555819821,378.6647099612419,382.62945206296706,415.5375570677461,402.5310989916575,403.94477934600366,402.5706804410918,417.73569266330094,433.85601142210504,449.8909619210179,428.99733251673,425.43385206201316,447.2160804340528,438.92319237189787,472.8210505821929,463.3561225076469,463.19280042158465,461.40959205776295,456.76605823060993,480.96025401298346,456.8295206413444,461.5660500903232,469.86816050520287,494.4536520700588
52,451.4960607719212,483.6974851170658,509.74922497533083,499.16102136002206,524.3544725303805,556.4479195169224,539.4517221816435,547.1663386481521,531.8926125121016,542.3623220478568,513.9173183661483,530.3104798969823,524.6978678986563,530.8093704060069,497.6197385826518,511.3006404473748,511.02003523684186,519.7876057749908,506.88436384132297,482.091775980822,477.57180192055193,508.6503404105974,489.59592227636375,501.9046531188314,470.3937012012493,485.6606861699343,467.35128924603885,463.9574834620921,454.7002005037263,427.59902453594117,416.7897612117655,406.2985082922885,407.84590302437107,440.91051033017015,438.8117369059143,467.82156780019864,465.1306038995775,437.6586349608233,418.7693376301391,412.2955749541711,400.07138906208405,425.67943918935845,438.184631343117,443.6662229774241,443.05229156399247,435.86123484422717,443.71470563246794,417.4372072135746,393.814530388758,380.032675126527,357.0155982788022,369.41250861053936,336.1462911089765,312.358715525649,340.54128319056525,375.36930356611134,374.5006370140778,374.1765421256009,393.3144554822216,360.84772591566184
53,382.2681631223717,354.25611484941885,347.3209616353729,381.1884905143941,398.9428201706294,432.89603146859463,450.11943526553677,457.68714029199793,475.48259859690495,486.6190157048739,484.10363779800747,469.58188117837216,470.994345331777,454.08888850487716,453.1562327558273,428.38571117030335,432.9633680982062,415.13322645505355,400.68579373096344,400.61776365573064,376.9946013672413,409.3611932217556,405.64729529925694,395.3068413731295,362.35060372961016,386.37840914746647,395.1867832189134,389.3351440578042,371.5224400114975,388.68205931877446,419.8652796206912,411.5219590163326,385.9632838028788,358.6069161119704,324.0522541753424,341.12913502936294,374.8268120424799,409.32405473522965,429.21786253923443,405.5707270199575,439.010388933876,426.9573299440126,415.31070260849066,428.4242893109614,396.857732406173,419.6616134997021,454.4724228538442,473.7273073201384,493.4446617046517,485.76661864431026,455.38111587540624,475.86783627181586,482.6689023551519,511.3226105936978,484.44001360537607,470.7986280219636,461.0445587826007,473.8741383807291,494.01629979794996,526.2877283988594
54,332.2547201631787,331.809268762676,298.8365338683669,281.5456853359891,272.7259309043639,279.2923653611453,277.2515499130875,267.76480409747734,276.45026175453125,299.4533591527213,281.37103846165655,270.3723500098854,284.7170054879768,304.1728474010739,326.9506284224992,306.60381374529123,309.3525010324003,337.3532779291702,329.7898097855746,324.8816261010835,358.8192321741315,331.7329173964069,346.1250566587214,370.6379455515838,346.193491715965,361.20521823647164,359.0868937772026,383.7892557044276,412.310917882941,438.3848611037611,407.891820734292,425.87169011134023,455.3786203603483,463.8730112073135,470.9343354408078,439.08471255867556,464.00702411309123,432.25527337113255,419.2009458180597,449.0113603881648,480.49352037923063,514.9265582125452,513.2747182054472,490.694786452118,489.8509005301539,462.0128052859674,488.09033291386527,492.3279392425206,485.6433521841935,456.2105013578498,449.5773487350139,475.21076132232156,489.44917659572644,460.2210628214941,436.4145668023264,428.87616115185176,400.9724169398661,431.3553003793951,442.0157435035564,413.65335359483254
55,519.4618357045752,510.2502507046112,492.39119582333666,497.29014175911504,463.2261910775529,460.8040272848508,484.8703768015127,514.8344085205025,503.8132378296533,513.7837990012064,494.6614396870247,498.87635465595434,481.65829548667756,486.65325109059927,463.6737993011254,494.5600782743775,521.644301622888,510.2285790843067,529.5949813090527,501.2802704603064,518.1055340696861,502.87767314257536,477.37259694988575,489.8459822031387,487.732459450496,489.84223157162705,491.2793164612815,460.4406752087029,429.0372926451903,436.1190179215571,444.78954288643627,413.0917618424943,404.58251507464155,412.4821046438715,423.4497505465868,446.4290536959454,440.8803135477271,444.2583582280149,449.7575845206321,436.6007543516545,405.3685325225673,370.6643473569246,394.19312648522134,373.2093540617884,382.3271805529279,387.7205040580023,380.6948194298386,404.03935103888296,417.9274627374195,384.5193651781616,403.8879503131295,404.3778675732529,393.66921780905216,409.5511437648696,422.57573784010845,409.3169144909349,443.1296354957866,453.53922956560933,460.9438094373819,430.8354348811059
56,326.14113653100026,322.42931669385115,331.5731159955285,332.46657014665493,350.87887548965233,334.25861536240546,348.40960503217934,370.5713983145607,389.12489660536744,408.0841575265298,435.2796515348814,406.17214950851564,419.97555950470286,452.7830335828551,457.9385790740728,438.15072091298026,473.06348731717515,450.29089781467866,438.7799366309188,415.82428982012055,413.3401906326253,407.66151130539237,407.04837406113245,437.00721206501254,435.4899190734083,436.5137619083634,463.5815093226562,485.82456890369446,467.60511108947554,433.5099279554951,442.57489940963865,466.7143870782651,470.4138949609931,450.19627936189227,467.0911357091637,478.9588854919526,483.5111631105513,508.9446952920202,528.8416599977525,540.5983063973471,552.1314132289724,563.4855976298517,565.2471297740111,562.7216448990804,577.3936770639907,585.1282907669068,584.4269301279448,558.2932249017177,572.4282401074394,582.648140047897,571.6055298660422,561.5481515010975,543.8187183905652,576.1527863361165,600.0,600.0,593.115720259096,600.0,600.0,600.0
57,240.94659329041872,220.0,224.80277125813615,220.0,227.30129144851347,247.00090344681587,221.66858672975695,220.0,233.20669584145486,256.57714578856286,256.32123209110785,235.75198317452936,241.75793106552368,238.57412587627365,257.60890576658767,261.49923026079404,246.0588294087242,263.8663337892074,265.10862469654455,242.5368833560275,246.9519459759671,278.3343501651782,292.7204884308197,278.63672373287824,293.3978460033783,278.1802877735308,281.1685064014191,283.0302098665478,265.34757139037407,254.69925538196134,285.65195721698456,268.19385476606493,289.26574782023397,300.9816884210838,303.2657276978873,277.8917685604488,257.2117212498952,234.7401549012235,240.81575302938614,273.9525767996796,300.35932519392924,267.1269569989996,251.28782071136388,227.29584283695544,260.59329176980856,242.08600819165562,221.1779311443712,229.63920169512934,233.5722625453644,220.0,231.92554051760695,220.0,220.0,220.0,220.0,253.25114295123723,256.5584328678927,274.3892600789754,261.8939627351845,277.24769731901756
58,587.1488552864959,577.1921176062395,600.0,600.0,600.0,582.6517067193705,592.6680605617775,593.4384981641446,600.0,600.0,592.7670819247554,600.0,600.0,600.0,570.7482536152678,547.0035704614354,517.3847675886014,489.9442856140357,523.3309518215511,503.1826627666818,516.5424835305282,526.0994615683221,535.2796021080323,514.7488820797545,520.3031436866771,529.0908281576237,534.0192003227814,512.050573032079,527.6648148273086,497.7918361614644,504.17583698883794,499.7139902569299,482.23405177624505,503.7512810080748,481.06376067512764,511.3724838679842,538.2920358504673,528.5331641518131,514.8938693119146,489.5179371512378,518.6608842666147,527.5881143842438,494.812965134282,495.5829241535948,466.58885050165185,471.75139844835076,472.37871873080763,443.1779419159982,465.2881834341723,448.65038583581173,451.55429132748066,461.2870126916181,493.6483300418797,493.21514854346896,522.4272526036236,512.2672664979625,537.2878706134621,518.7957065000613,533.3192898705406,504.5221294333904
59,594.6991355397905,600.0,595.9549546962164,597.6304199555342,600.0,584.252629178277,596.4656296426383,600.0,600.0,575.3418484739652,600.0,573.0531557641931,582.0952075739289,554.3114093366117,529.5384589759163,495.9761409579344,486.4116268279075,496.1824063374502,497.6905017187512,509.9082423061452,522.159562567112,496.97172464670865,465.98534288622875,474.76041271665565,485.4861140649226,489.45537552484194,471.6587481675269,493.41231335628464,463.7103344410226,472.97215969351777,446.4009672050738,457.2123073553999,451.4531125030447,466.72032638368165,435.3737805570671,439.22958975069287,414.3710426722984,427.1377568850316,400.53465107684934,370.68548368348416,385.60407955633707,355.0513149761168,335.76847223132296,358.49993603012,380.17811757669585,404.9669206213502,392.7939128925602,394.75727490507484,413.89158958750545,388.4805756382811,404.1879371833814,376.0119816410072,404.93952424488793,414.55123702070176,414.0826089089847,413.0136567356862,390.70900008482994,379.9232161566557,395.82187272885614,398.6879261886633
60,421.1363575580999,399.80357017629046,413.12893201304837,405.57130508734286,383.36403877804025,414.4289713897833,414.9048836703757,416.86744899624125,450.5634827112777,441.2119123132122,472.2233602325837,485.8681355120673,495.1848298042033,476.5941109401769,445.2170080073222,440.8618766872819,406.57384402698267,376.54401978090954,383.21689267951564,398.92992099462754,375.68630422932694,391.9613331164911,423.44214097812375,440.4644666289575,460.3945319992098,474.4444126179958,455.17603344982837,445.4383294007369,476.8870167946241,488.1717573225324,508.40348869791745,541.2121120170449,522.4126964529315,509.93076316579027,520.0668788642053,486.77190202908577,491.75723744244516,513.3654240084601,521.0964601761489,506.7739900488766,522.461275882401,497.68348960999714,525.3176324594933,497.38168463232523,522.8260639956957,522.6727239372319,517.6780141813781,517.7243374216583,496.73877863816284,493.7767692072798,518.2571563201859,539.3240232755019,515.737420689895,527.8768891589293,552.8554977065091,575.2392289098258,570.0334999406285,538.3999987648566,568.581858373019,561.2938164823834
61,357.17112215741065,375.3371682709276,358.81522335536914,382.2475779770796,352.57118723443165,369.4209712845664,402.02623561547364,436.7300513966658,466.39635660115744,492.3497249795991,476.8713406916402,509.5367260757237,539.4894876427284,541.8955631344915,535.040998942049,507.6897066911222,514.034092138881,528.0723085354348,521.3520693581418,514.774138602279,519.9059359522803,486.8508226657816,518.9014354128541,504.19483490962375,479.0571952334453,444.44138296286667,469.4237908598666,494.84830716584344,466.5197694820831,442.1766606842992,438.52981687234296,416.5291089869851,433.0365885655581,402.0993707649586,405.57902403196925,397.37443358994256,394.92068744840014,389.65368568709226,365.37482846451803,345.7945324361174,315.3310713598472,288.4010616307822,321.85369920010623,306.4387760175139,292.93056377128335,266.8280069015318,284.6895012163044,314.37949792941413,334.66203552407967,342.5451435844717,364.47144767721204,357.7675639825121,382.9323788381602,403.82869831283296,368.9494234107753,368.09501285500147,351.6181731805473,322.6544773262859,346.8882003186302,312.44467821970875
62,497.46213078103693,531.63557925084,530.3769629202765,521.3638000161769,528.7721068294069,550.100954764744,531.9185943290134,514.467694369761,521.9701553558403,552.7617428156417,538.6525411187552,530.025367544786,564.5586986470063,541.8942502114623,512.2820219977336,518.5648887193761,485.2635779088904,462.89390409812796,471.44854674646075,482.61441479485404,483.34418227018745,475.20654550624425,480.5403764157736,490.57737912810035,511.8211223685159,532.3136803432052,543.8497339292516,571.4460147552442,595.1077825069235,569.4350030821794,600.0,600.0,587.4649025655572,553.8778118680499,561.15612814113,556.8453585217771,574.3150249028064,576.03700841841,546.3913388859762,528.5194583038106,555.2961212326676,522.9343999327211,539.5012767906012,524.9373223472014,521.6221085601762,523.7924887939888,506.2981838054929,516.9354148153293,530.4763700821807,501.43053365913494,492.6054289687344,509.7118400531748,525.226469242054,528.3487033154207,547.7859379061817,520.3210804189707,493.5958691680878,504.62012018883195,518.153490941491,540.1703708139659
63,288.79401355383766,289.968029714015,301.2262205135058,281.8851906815368,283.0701412731162,292.7612929804579,272.7727587838955,264.06219750140536,244.20591421090492,272.41191752090685,253.98783925600628,227.44626307501207,220.0,220.0,220.0,227.57459579148667,220.0,220.0,220.0,220.0,220.0,227.52792436345794,240.71762294978902,256.9112514248525,237.61528933009032,263.41030066741234,276.7304723805772,245.69598773156466,241.54965734066457,260.29261187673825,247.05518674715432,238.76430092066286,247.83656883142086,220.0,252.6854528355542,229.89912357823516,220.0,220.0,220.0,246.89773558327644,269.28108112853147,298.12428700601015,300.48904935903306,296.90128573029455,288.91155405777016,257.1608193631616,285.8273073045223,285.5596337644532,282.4143539380589,283.47607802904713,304.06689429704113,284.77987031582063,299.47291784546525,314.2267997052476,338.69549446332036,304.3033463557913,281.2310343822505,279.2043140253834,303.7421411476869,336.30032146164575
64,446.0500735781725,425.8994518577839,403.8203805655091,413.5814573445478,393.2862976387061,397.00241731316817,420.43925235324133,412.7266277455876,404.21968102752265,371.7495046098978,354.53542509961665,368.4088272729659,358.6362144322196,334.71713864251416,307.12088000573704,278.77461647628667,289.91395679453933,297.79746031008773,299.09393070223365,299.11678207337343,274.8363617615244,274.87865749473053,244.07430185675713,273.8843939589453,242.94632273912777,237.59343638170208,220.0,240.0305307148271,220.0,249.74412124751746,220.0,242.45511341950987,253.41976031660104,235.9012606386134,220.0,220.0,242.98820182227485,268.32516020575673,245.59513677245954,235.3364995503627,220.0,220.0,230.25145712702496,220.0,220.0,245.61984414513833,263.002099308388,282.16537971713194,249.90909209996155,278.9682235461362,284.19991000433265,284.46610633224896,250.20708055419362,278.04343528458094,281.115768218601,303.87651058243847,314.762277834119,335.5308307798806,349.03605317892675,378.5035263424346
65,305.6839908090289,284.8309981403324,299.70890747649094,299.80654351733375,306.74782544077465,321.34579828416054,324.6657720741607,344.80431341079446,332.1250283263041,357.2543593782826,329.79170408307465,339.1719824703577,366.48125799723357,349.1698469503529,337.0482741950268,323.42919868951856,327.9276585137709,321.8286856033313,294.38583555297447,321.77594107592665,301.10330511703387,303.48890588623095,310.12524860183925,277.97787765716714,249.67774059297074,282.69602032303936,294.21188413349614,261.561446526746,282.1553919724559,282.7533886218799,253.01735866737317,265.6700055307186,265.6246319415114,244.969018019276,271.40817706549336,256.80476714651115,241.7237316282427,225.8178823537022,244.5397867499358,258.96809367657306,287.1882916594981,268.2420370303977,288.2875587183943,293.400749075361,280.00832175104773,247.49011101959027,269.816439509168,251.69143551510294,260.9134480501473,264.33420357433414,229.64567127960902,264.24972537539236,286.2527802814014,285.30576922596913,297.92966514293596,296.29126170429004,313.41230069380117,287.81529890112375,284.0598685675059,272.5474709626061
66,394.6689925277333,391.2020782279588,366.21865471250237,399.57285466213443,365.65730465730337,331.3624107945213,322.50330309187734,330.92964754615457,308.50537342319956,310.8289536964908,326.42299145393434,298.0072340867449,331.91680264786027,320.4858479896109,330.4549269547183,303.2053170277786,317.8693642382715,341.7013085326455,314.07126849578907,287.8816893016937,272.55500830879964,238.3905153850727,272.4141059886788,279.3009912353643,286.83225273281244,318.95960460842696,342.20165241078683,364.1986575785713,352.9638234716851,341.40426101421025,326.82591820109553,316.0946215254379,306.9602348206274,281.760493049269,271.6768434384155,267.9491359055464,254.60344961781252,231.17773738884085,222.31646526133568,220.9800093864862,236.43099645318517,251.2176397564121,230.40629193224478,220.0,220.0,220.0,220.0,253.5542283406823,231.22922430404776,220.0,235.75800214237006,236.40079694270457,220.0,220.0,250.46746883412374,222.68901832585573,232.14551343053512,252.60830884939892,236.1890432401436,251.94450345985192
67,284.5601680314685,269.4926872698338,256.32022943172836,291.07067877122404,271.09073943648104,245.135261960832,274.93366258453074,251.26881115195542,277.8184055260138,288.3503694612821,293.73067432621843,311.3243841344788,327.1443111348423,299.8811443941243,334.84377212259255,365.77605297400356,393.5374903743377,402.0977297503062,403.6931229435682,406.23262381528497,372.27820991126123,372.2410750474422,380.9049447836366,392.014379397883,380.26414195147487,378.25390647202335,387.7956489384036,382.7770346576663,415.1264985865131,429.50744627615313,394.59660851371547,361.22617221747316,374.54718646025935,368.43234328844454,392.1953097333032,369.30638839734155,335.274272381002,327.44003688896186,343.9645241904833,376.9854655269131,403.841237081487,402.72645991708674,424.6236697408324,394.5468017915654,399.6058661225072,429.3067550335201,422.0537153578719,454.26075943429,434.70871620532733,407.10308287266486,408.83644639838394,437.3437274370697,424.13327274920175,445.1444951071284,421.98830371874806,439.17823143881384,443.17011733593404,420.4213056135401,435.6874130741727,450.65034101612264
68,415.86538707450734,396.64812170949455,370.9086941666443,402.91654755882956,413.8234252369704,435.4703290871073,449.2582661206242,472.32142268408444,448.6957800665091,448.4822957848022,460.18102971996274,432.41832271262797,407.9153091656166,417.29409076318285,443.10349706095025,454.3326295868621,421.8669665287874,454.79727072510997,429.5627537885471,410.8421101372214,444.0898198705521,463.0621296362883,493.6224972627838,515.0858757593459,525.7072890095699,510.6259989299803,498.5076998489471,529.816674962053,555.0604680929481,545.2247994839109,536.3535187173602,522.1921260366721,510.0212360204224,535.2679586606374,501.0034386219267,496.52712209959344,527.525899596547,530.5104444593436,527.0416497694168,513.907536098388,484.0814201887213,464.79547365064724,436.1275623462282,409.9965224263082,386.4426805151471,372.5847407610466,338.3559083607341,369.86598035226143,343.5333168396497,335.3537379048208,361.92066708485544,334.3804249982088,333.23272262099727,357.36757444889497,361.3549581312848,341.079009810878,357.5646770097587,370.2585514104843,360.611564868769,328.8522261794653
69,222.98858216051568,245.7660839794177,233.2750992885525,220.0,221.29858583140873,250.75691653216504,220.0,220.0,220.0,232.31761347285445,230.64464558654797,258.4730362791263,226.55895516674977,220.0,220.0,220.0,220.0,240.34039316362274,227.59217631181994,244.70600077607412,220.0,224.25073989437652,220.0,222.74475616068995,220.0,251.7423992732636,280.17738744938805,303.02512874973206,330.5199263868957,305.7880772995997,306.0486014109763,293.30224252393293,320.419258415224,298.6798961901867,279.07607105012477,292.14608299497553,263.3690591311123,279.6347615152771,263.4036716972657,274.669147265966,300.7817923112122,308.4545884376615,288.3424497676892,256.78403655543434,224.90701457408895,220.0,225.58725387288013,220.0,220.0,220.0,251.40070723321693,224.71786754566213,220.0,220.0,220.0,249.4667231233007,221.40362447650799,234.17656652454005,243.19714992591423,264.83161978324586
70,467.527337613618,486.38445681873657,480.8718594339335,480.0811740525471,494.19752120405644,498.98739167791,499.7950901965804,479.1841786203989,462.25175687684515,452.3465637510027,417.9964707306479,412.2119122012645,377.4057055047384,381.95678601923197,396.2387998472964,400.5892040603552,414.1356021846965,379.13652398363104,348.29746211353273,362.1898329748216,383.3928433317956,398.6319532940532,410.0428102728018,424.559596739611,441.3308915453426,457.03731643107244,473.69790986925625,443.8792893883189,413.30829799294264,403.58669401900335,405.51846403741905,423.90179781194,412.3313451273109,396.58954049166533,416.2909220599624,398.74450166174205,421.2033980387545,398.60274651915717,388.76589312023054,381.84118578007786,367.8069170916129,333.0419010637038,314.52754911119115,303.1632982327123,290.1170408495787,310.1059256029832,278.4216689805363,270.64807795640314,238.27415984696404,268.4194894759947,288.7341500681714,322.48546201483236,351.19669923355366,338.3035932816796,351.7144321448202,338.1732182683088,365.34800142338247,359.1007023210964,350.41283025439265,379.39764235072596
71,537.9613092955447,570.6102580310458,540.264424021257,522.2981454839772,508.35818783467045,503.0628321015038,501.1819353179013,486.585005282573,506.91653490272495,487.5436250166789,501.2998369476168,525.9236190390636,533.1824957802347,522.9736205927322,501.1260075464978,475.53024115475654,492.62247289519087,490.461712726037,458.7040813077527,492.5728467937361,504.56406960296545,528.6568482028539,524.3300551950447,556.2107586516064,535.1775101162953,513.1370387220123,540.4604701559374,567.8806646363383,567.8120286212713,541.6170734960499,527.982225570279,545.7728892326917,569.9923227927829,559.3281551349202,528.6145128621009,540.2153805721956,556.9801734728761,551.6612007833346,557.4780335965854,591.5940384232713,573.7439403784474,578.852378944395,586.61960789378,590.0571116154924,600.0,600.0,600.0,573.6110518662821,587.8356958168218,562.0832111214509,528.9431036569465,528.1402850713889,533.2114541217302,568.1452384179017,583.0081140297718,600.0,589.2471627321529,589.8711905127507,600.0,594.2171986499943
72,526.7703614249059,528.5895996670206,509.26692927412506,514.8962338788868,495.16057586480935,460.3724651561112,441.88518623924523,420.40525450410155,411.3697369080619,438.5715201747121,430.72123532661936,454.88436925098875,458.77728066019944,424.31030995577913,402.5218798590042,432.7113430235667,440.003484257407,470.0717643574662,456.7801657787079,471.93953225849987,490.98129345130803,524.280265642846,490.5526194646732,522.2092245233005,514.6205397555921,538.2800081577327,541.4099124332085,545.9353804455441,536.0918326185956,559.0849139450695,542.5658639037179,542.0227609362203,546.2349758499436,563.2114523898678,561.2259259827754,573.8457289015399,572.8163156458982,583.9687602329998,596.1588035675702,600.0,600.0,600.0,578.5294714708925,591.1043303842264,561.5025962286777,541.8294478009606,562.2804748074965,557.735384910601,557.5984766461862,591.7162609400333,573.1783349494575,539.5470274169729,512.343110083222,494.45824025948,510.27264196723286,529.5801842061662,534.1644109871542,517.0176588960254,518.539591512903,484.5866204282784
73,479.08435824188257,487.0851871205243,453.6109448772324,475.8017592315281,494.2416166928766,480.8172788826585,490.2936444269199,497.39815186946805,472.42077141534895,450.94892249335453,463.7733520293236,494.1219672682242,499.4618697171369,504.208789906305,514.4765085355737,510.31698954804267,479.1090325931367,471.86430186386553,499.8819565721178,521.2282325995262,551.1478823999208,526.8460933591896,527.2631363519076,533.1941071888137,512.888892888322,491.95680963714983,511.699114922146,523.7287491158005,534.0318766928617,517.7209987516727,518.1948584489771,484.8097551932301,458.9059788752601,460.18353926851546,446.8605985627494,479.4574815455055,477.46141217419625,448.3109031191758,414.55986742704766,430.3279185963847,407.33339025990665,385.4802560902608,380.14676167510777,363.6310029158503,371.79139849808354,370.789874003747,343.5914161071531,363.5232754608145,358.33339526981183,366.09179764106284,331.36776091835054,340.2157632589081,325.01525325107355,324.6212052757731,310.4616475432634,345.1998996682204,326.35886169803405,355.25903380228203,384.51669803037623,378.986743735782
74,335.5211838988754,327.19367218179076,361.4474082992166,369.763144212849,372.8977608602937,340.4120125540536,364.7610246818454,335.62740658834934,303.91547228075603,288.15553830901547,286.46074066304175,314.1309678633498,334.4364837991485,313.2707339145575,304.31630090446686,323.93311942778865,325.82959075062547,303.04402669231104,295.7678908797944,304.5833971954739,337.7091944320923,349.03603827204097,315.16969962823873,329.5202789925157,312.0808155145219,337.4319395094889,329.30423308531863,308.27728572811964,306.0335887838361,288.89744698588646,270.404951180736,275.53327723488053,294.2475161944421,317.69432238563337,310.53121331856073,280.2074767703465,279.0857266629352,274.4504300549222,253.23895643263495,280.96909951272335,314.15947722417155,282.78178038648724,303.4840269765075,313.6841860324152,296.98472410402877,306.4456523838257,280.4506758016689,250.30913138249372,284.8533666361519,294.39925672825814,277.1248404455845,273.6272173588481,305.1333901196969,300.8441449067736,328.87526214693764,354.69190600543,343.782848131789,357.5034784171862,368.7383736819677,387.72320462535663
75,359.0530824216445,327.7096373165138,304.68238419438956,312.8411423315527,332.09815541436745,350.0215598318592,355.87927078991135,326.81234098995384,293.0225448929607,312.7724679055058,316.22881829879617,336.0186654900017,312.4138577935589,305.93347974753897,335.27532984299705,312.2871892302986,281.59407249717674,292.33678936189915,298.9543332054221,330.59646861546344,359.0492580893048,376.50938540474476,342.8503920562224,341.4774798446816,369.2046154022743,364.5601915702877,396.91039194319734,407.5845505882761,380.24654951627167,380.8955947793395,394.58879427449983,364.1646223312733,353.290089576227,368.48576399000603,344.4807593514984,333.864552230435,347.15827480314135,366.4461379336293,367.74196350140875,399.7219904404094,429.4951505563391,427.63574432988406,403.85495303767664,422.9601625095537,404.9799327870738,428.97742448701115,435.077528367868,427.6640388157103,431.6108739164884,433.90748770854333,463.63878692153753,443.6442004048469,473.6152920834643,440.80916498565415,459.6533946929695,489.0301638427791,481.61381721183614,451.72852030150483,473.0552475060645,497.05578740448595
76,347.7778074356123,349.07933743362577,370.74217219433626,349.18518060184465,358.21348354923356,353.3576297153409,330.56673237313936,353.7675468807065,341.4952051347014,371.90503323055253,376.7304041179387,377.74610281487037,372.3775189102255,365.42448120016684,387.6821204387641,400.10717990279295,419.2654890814325,413.7413802542171,397.0419859834086,368.12255128038134,387.48847057926446,381.55782071550374,382.20347216227157,380.0574986260647,375.2371485719115,388.110118966661,395.72150706976356,428.76527297486496,403.48854651031115,408.6348984366013,378.06170987476327,399.6159991843373,407.7577925119138,402.74430963139145,423.90080545646765,420.7509880508781,401.6960147228194,399.771068000543,369.72929376515674,397.5795714399139,413.74665767132615,431.9687627063781,458.183293987669,478.59337520472485,473.82305652246566,447.1276046292471,438.2631392279138,468.6490692344944,500.08540362069095,518.8363642073566,498.1465050223537,476.75799511484496,503.3420008764954,478.2761154872741,484.1657389005484,475.6433566600831,461.78412721736544,474.20086901475406,506.3707043803897,525.8050660572106
77,404.7417853785905,400.59159095274566,429.12808413531275,434.5955810284755,434.3603126431092,447.1588235103088,428.7595907093757,398.22107483961724,423.0788756735913,430.5871947225533,407.1285918083081,392.9919466633604,427.2872925446276,436.6969468170835,446.22479668478206,416.2762531093926,449.10567450646784,476.6004767755783,479.9452477340037,466.60247188556485,480.4663378725913,503.8025454856221,523.8310441732499,557.2243602166014,566.8042381232874,554.290018332408,554.1449512472053,576.2871530037485,559.8611341088249,541.0597119549043,556.7981325777572,552.9080524338359,575.0679800971164,550.1258311282456,538.6245835487041,522.3915770100111,536.2423473746503,554.3953923075157,551.3155810195747,549.7776373675001,524.0198691627392,538.1478357296528,572.6100700816002,592.0645989398269,572.6824615629608,581.3010533345573,566.948030081055,534.0603887851948,511.6479886811032,483.82953873957206,462.54481748934563,483.2371269907759,468.7353763729061,486.72817293906394,518.1485517780579,523.3476698328021,522.326295773506,539.8351980648245,511.63150785734075,506.6063539812827
78,409.5533460741831,432.72693780206953,454.7221740182605,479.1007492077592,492.9518541584983,495.09076066143695,518.0423131554737,544.1720822233426,542.8060037094596,576.8023372616735,600.0,600.0,569.8501316742975,550.5645752353303,569.9124757916702,542.6932737815781,540.5792784239266,547.9189318712574,574.4032098571935,598.701180259737,600.0,593.5385969827839,568.4960447867447,580.371496455794,558.0617000299872,562.3537138685903,596.0011866410243,599.5228709475335,600.0,600.0,600.0,595.4486474674934,595.2743405411683,572.5923815158895,580.6199736575147,566.323034100222,566.8567665224309,585.5157700681237,551.7456633958628,556.219750256769,533.3609014685172,517.917735253387,485.3476648594769,462.21005807249,496.27411560259065,531.1707088865425,546.5600632788178,554.3900431128013,573.7805298297499,600.0,600.0,567.469879959239,582.1275873998427,600.0,583.0637069180373,580.5062965003143,570.7955045739039,563.1282291699944,578.6262287412693,570.1145360241928
79,577.6119676743161,597.8880594377654,564.823351193904,587.1217729362647,600.0,600.0,599.777217772249,600.0,594.7349702414125,570.8973342719434,557.8002525713756,541.3644208063998,554.0385528820013,531.5596873848605,541.693757935157,539.3114442436204,563.0877093024451,562.0376213276678,592.1238967475247,600.0,577.9701305372816,591.0017752019135,571.0255076403678,593.6568090764998,600.0,585.5882385997156,568.0268925865611,563.0973284397412,584.1479364420204,600.0,567.3363357888455,553.4964408718085,548.0960083146888,554.0867492557858,529.5536398728148,518.0234513098395,545.0152427495966,543.373568688552,560.4635945115928,559.3980899663366,556.946870314369,565.4816570702143,548.6371729234875,531.123319874925,565.3780897173376,591.2075303696831,600.0,574.6001177338874,541.715847516821,518.9947228106175,549.6358903261439,571.7761742435731,573.3914951177735,600.0,575.260747203161,579.4012780035836,557.2268268514932,543.6768291877946,574.4862805152204,600.0
80,258.6835385396227,241.1516049288884,247.76712779963194,220.0,223.50592531460063,229.42032582018138,220.0,220.0,220.0,250.497345913723,242.71832576265842,248.68716018063074,234.79738037837677,248.98386068742008,221.08474966152505,220.0,237.09986324073205,252.96662032280653,236.51671385265288,226.36998374338106,258.3782188366786,230.68133948635062,220.0,220.0,220.0,230.4305984042545,243.77271901052242,245.61988488282907,253.40369598102296,248.74315422244712,266.97026198320873,234.9171568324476,221.81955039835927,234.72965329600186,222.80481084727865,220.0,220.0,234.80463402520644,220.0,235.72419549481583,255.00609563984614,264.47714774943506,246.57353114850517,267.9442061521595,247.95518127665207,276.3626479286466,290.82784686859236,259.65824173388654,280.60834004020296,281.05868786539645,277.74411060731006,272.1798940962041,279.6439987470683,295.3644938018756,323.0828569025948,307.1889938089006,316.3433329126303,329.3873157153994,341.62311550048184,341.13316084528975
81,368.5885683174064,386.9550855121028,372.9557717949589,352.5194931628359,355.72753672604455,339.4602967623969,306.78661815591465,275.396920192676,289.04765703975727,322.16786625920236,318.9960531130276,294.290331903959,316.5561566410137,299.8566694291741,334.5505217414457,338.97901334933994,320.263291748547,319.98362561525107,308.46031464332646,328.0233535672128,300.4304655737767,325.42065576605506,344.1342383645445,369.4297046376486,397.07926686056516,378.1637144665808,379.63412097258424,404.12867638423063,395.54583443235845,364.7743648080527,350.1887697657489,332.12319156898565,358.02757487722295,355.49681933586334,368.3449159571053,400.6932564355163,386.6364061024805,404.9203751293982,371.51386363570873,343.8019959075157,320.13255220774516,307.00183578882076,300.2109408478772,298.602053199135,280.7752474389728,250.41031981168234,262.83693624049937,229.49323098789787,251.15617542800862,281.19701318859273,295.92283714476713,302.6400733540054,313.6313704070097,324.2869136702413,354.5062731948963,387.00768417847405,381.8774991120496,390.07304144243886,411.2695352038309,376.34220620588053
82,420.26604839453194,430.9673921817708,446.1717736634015,436.98703232114116,422.6821417639526,400.4321214237062,404.4792098573941,433.8304501150426,461.548920665726,451.74653556676446,434.79639536243866,455.011962949393,470.7605642264862,471.1343524061107,463.3664705738307,437.032323835993,456.99202507244956,465.2145361231684,456.59625370482956,485.9114120295055,497.0885014783359,527.1352221573982,525.3440943811732,522.1673420656483,552.7740923876339,584.9594923646812,600.0,600.0,597.3684301377037,577.0893807365378,568.9302424259857,599.6110668322309,590.0598674878519,600.0,600.0,600.0,600.0,600.0,599.4316052255609,600.0,580.2725443206215,558.3996626385549,590.8224234807634,600.0,600.0,574.2434854988913,575.1703029300344,600.0,600.0,593.3240035707674,596.9012136733264,600.0,600.0,593.0061715957027,600.0,584.5441828877981,581.1201536188914,561.5119381937114,563.7149965243017,569.191805971828
83,348.37795972969377,332.42624077439916,307.9980332386008,282.76608987303194,297.5683679730202,278.0830282231094,251.34141970056865,286.26243798406887,269.4565931163029,297.17997519627215,304.82299195890636,319.8779036353834,324.1422274403579,301.7990110945557,326.09262109623785,349.05071475031275,338.52869732483146,356.99824607363394,360.0110641577439,388.6445039969484,409.84220998822616,377.7119138743683,404.2612319277564,437.0608811862507,454.011815370008,427.40576252930276,448.92207481790115,459.2463078015522,447.9641500280908,474.84628861157745,479.4359568032995,504.1409119746577,516.0488743755546,501.2450016348996,534.4963103451721,539.4666987009412,540.6395656287933,533.8852396065212,508.4293338219593,521.4642354244907,516.6201792848976,547.0430550097926,579.5998568131155,598.3347166876121,580.3093501467895,595.4279278030672,561.8574503706211,584.7054855672086,584.2587852635456,600.0,591.4432028928176,574.8653552066867,600.0,600.0,600.0,600.0,600.0,596.8999747863431,600.0,600.0
84,586.5708880083039,574.553435664184,591.2575624125733,576.2337758228705,584.0004887160759,600.0,600.0,596.4101328995473,587.2930306791598,570.0346435199219,544.3738454491951,534.9180752542522,560.9565215866015,555.2731877213462,542.4837093281317,559.2229664491807,539.3138794629964,522.2539556371341,552.7675610208153,523.4788395040205,517.5030221210601,522.8756055886964,503.9938556817188,488.66472957814915,469.19390511055565,458.35689515480055,486.25229801029195,481.4634122703085,475.7114434269487,467.7721050391559,500.26020592478613,473.4711664601732,499.50244592592884,487.4037206668871,519.3595320862619,506.425439323318,477.22664475126044,478.62957665593655,459.58016720763027,477.28945429076657,488.3008475737234,501.3536886282898,479.89795283103433,494.5020713729942,481.29524326161777,516.2024252258227,532.4261616410031,538.754967159599,564.4532117046874,570.7050306850473,574.3975213593346,556.0096135557112,568.477453228491,559.7025632059533,527.7183471528024,549.8426728986994,518.4737945641114,530.5348031629482,506.5052655668922,501.7851317268527
85,546.4548302477538,518.064198685744,529.7647461844275,537.6480581584535,563.375140403394,540.4665813960786,561.451706720585,557.960190492478,552.9652643670051,543.2901689257964,535.2803591595106,536.6775330092763,509.15352061391894,503.908131505026,514.5468165591926,514.4202812998747,491.0283441193483,481.4419632447625,477.4492804545776,489.2705174788854,517.3241600565102,520.8504459376575,533.1962149058729,503.5994886866312,535.4121807409628,522.4767890658494,512.2772115440039,492.87620618890975,463.8031112124982,484.1063865224278,465.9406922418599,450.72883371603183,428.4545730784709,461.6965426993925,481.36897850893683,511.46195400758586,536.7825897013316,565.2233656694999,563.7557492989434,540.6936499139405,528.5752733189686,514.0468795076879,529.2462481397829,496.04333618129687,470.98629122555525,483.7882496433955,457.4292144094264,425.8096439633544,398.45470548613775,411.8018961991545,386.5546643574835,361.79596963703716,342.9169834101741,360.4807327039307,339.505436562185,306.9817143328795,335.39214922319536,361.73443892355994,339.671768986313,323.24575027045483
86,291.65187714858354,307.0192948759046,289.5199167691509,319.72139978564604,342.6562714924959,348.844350422373,314.47002615233293,341.3268846014996,357.2701998587784,377.4237176166489,347.45148193668825,362.05069385198624,383.3719570056763,415.3364319366701,420.9693650314406,421.5322946713896,416.31006997012344,430.4002076376485,459.85769896767147,466.840552377794,447.75040728337774,413.9805838050201,422.31850208374703,447.84035424508073,417.45862367521937,410.2886083025136,441.09189312817676,441.2092828381531,421.65535892335464,411.411307747174,404.98107738081046,378.1913433899859,389.4468004593747,395.89830349584804,406.2389049464384,413.9943147540516,380.1613595342354,357.37375900387775,333.963799140088,305.82040318094727,322.3037073048266,295.713312318321,307.4868974598451,284.9742191356024,258.2559316129573,234.63303501608283,235.22127697374424,245.40505266378713,267.23979286782173,241.23914725034587,249.37221956735397,268.5409915261413,255.4093535316932,225.98944408741383,220.0,220.0,247.10483517158747,238.4739519568039,240.10835431630892,258.9165249426109
87,361.1694004058751,371.606586229808,341.97417595509864,340.6375712849007,312.3938989168222,294.77378876443817,280.30764669612097,295.5385129682072,307.725806008455,325.0214122336296,294.34426554024304,328.91826039235633,297.72766240204015,320.5300078027809,337.34883314641843,343.7721584808458,339.4921600409949,357.4914247699077,374.28147099872695,348.88395448301327,369.36822759027416,339.8672174107217,339.9054473597191,350.0611752194227,372.57939523568865,369.9971105022024,351.57717593176255,350.923349013725,333.4379167443234,335.44869344625374,332.82426626371,352.4595801262376,334.26588806721463,313.2648509605384,311.45782473022564,279.9931302935852,261.0469742840706,250.80631827720902,249.94039815647272,233.8009679422482,238.04552257183667,264.5345492229987,267.5954715180308,252.67423803958104,222.0129060797431,220.0,224.28521579830334,237.14483446560993,220.0,220.0,220.0,220.0,252.08849099245725,231.35243284842684,220.0,220.0,220.0,220.0,220.0,220.0
88,254.8561749390366,262.1574149989581,262.27639862038257,232.67337544697395,258.06548862796404,242.99540270282733,275.2920576491299,305.4997619280727,300.8865257633854,281.88621159406887,305.32590147118447,295.61591038475575,272.06445901174664,275.67699911907255,274.9351701081612,299.4364216251381,315.48611821389136,341.8158822924641,358.2450861595803,368.1973334049261,368.209734064317,402.3384643290683,434.48000200908035,458.89971071658283,478.17205568156976,483.6012241898656,466.7839594267001,493.06469132285764,458.8218207643847,439.74261843996004,433.0038895958729,439.034890462258,443.2964428874829,420.6035507344528,392.93942472140003,373.5024496523696,362.91206487512346,328.8958230295295,342.3677304680194,324.70865096964377,314.30696152802915,302.7500798689021,303.57816593039865,328.7641464770214,304.22144322240933,293.07234114859824,306.5143576898231,274.6105566194537,297.70906108080936,330.0368209156292,337.57142509636856,369.5270110685191,363.4413391287414,357.49356027460095,329.9309839335416,297.4122693835255,279.52757165294287,277.9965776500232,278.53434501042545,258.7646217323258
89,452.86615637134247,430.55056761002965,418.3853474288667,397.08501349211963,410.8514654914293,412.01154106699113,428.5386180020742,397.5459898734897,392.3213354899496,425.00843601864904,393.76180204809447,388.0483103268118,355.87618564670527,331.1419181146613,328.51876972477487,304.5447075626586,305.8575873101276,335.4488051040325,314.47733417785236,286.9803898577062,309.7497491965128,306.9686385154757,333.75141543456533,320.18004606114243,329.10728642423874,358.73923522535523,335.75794118670865,356.80894033808687,366.0151128272458,387.92138495113954,364.8699190978571,360.255972021448,334.2745780148347,366.4803255738102,335.8687461810196,305.4525840406268,333.32351749334595,319.3768678629832,326.1682701622837,311.29155718579517,321.7046434797224,300.1774993286243,297.29836139222715,299.6428136268548,287.9978159469539,270.6168587357805,245.43132547276568,259.86142901432004,236.64121913392967,222.09006651709979,220.0,220.0,234.1798089685047,229.13596839426407,255.1125218947479,267.69751715816085,291.39158728727347,306.53636458043934,281.9405905690363,315.39550169952264
90,518.902780991979,523.9933047963598,500.5594706480286,477.6471160485568,485.65029828876675,479.7840975989075,492.0942626349677,483.16420337794693,484.0633653799086,462.22042803738594,438.0845081379538,408.3796415968481,430.75439293974677,434.63143055032305,465.9313033437894,483.39534303894237,502.20876425640694,502.84285465019803,524.9246302069936,555.8690713789607,571.3908890424414,543.7821149045315,554.3535050522769,527.7838299091533,498.18939947846,511.6924278365757,535.1274080712584,511.2463124223141,481.4367149799372,508.4933175733803,482.7479711627411,450.2039977248027,465.67780353845694,490.01789232513096,491.0310262276268,493.82579331419197,482.4060292051085,464.09845312574475,481.9646980380358,506.41460660650876,493.90173967807254,478.06908261936815,461.8145029875217,430.3561822490866,415.03143398791326,381.8269981757436,402.0155317485297,384.93040978069695,398.2412730352924,401.26446002313133,424.88691412153526,457.11342505052676,447.82383803956833,419.00769543184293,436.48289893885755,402.9740617728004,383.5814951868376,352.3090419799573,380.1794279933444,345.55022371245445
91,407.2420227057881,401.9219616069167,412.61408812528646,397.8961743251339,424.054852357996,440.45905426869354,435.71966408814984,425.7815015540277,447.8936788788586,465.8878997763626,458.81790383804594,447.7139342207548,415.4360934971328,386.15560067794297,354.9298925667394,321.63897661110127,297.3400433609559,322.33997059859615,343.21112235150673,367.4012916994805,376.06731699926354,384.75173408611045,358.42695634482163,372.3545310997887,356.95637986072177,358.30411294575583,390.1346952118158,416.07777281410574,397.4013183248112,413.96686142383174,386.2532139209765,353.1251879230588,320.097387157789,297.01464105304984,310.66102919961537,301.0924417416767,267.2084124693451,301.369996665724,303.7064848919635,296.27809994975576,297.59759260317395,298.99555629327244,296.912116689782,304.81854000232994,331.81240339311137,317.9323618385074,317.02016543772476,282.27524517149857,307.46224486377275,293.87551708769087,277.86629997067666,312.69390181544907,318.6014075276122,292.2144347574815,275.8011826500315,265.5270438286733,299.55124717961905,294.69476463365913,275.8041438141558,280.685311533053
92,373.808670061664,342.6558972315949,367.9202701033977,334.01839701322893,361.9122515154123,382.3423607675385,352.64998547750724,368.302760924421,387.2686786741733,394.4301738141812,399.8671298251098,368.345221662468,337.5099676900628,353.4201731785616,325.8097357028853,307.7388227523387,307.6573843199738,284.14884147286153,304.43761071136333,325.95407237589956,349.904097164162,318.37386561839133,313.32498690474506,337.60922399474856,328.0345813162175,341.7420077988291,347.98922109212975,337.29382426163227,321.64216229796193,332.3341787449204,306.6878683351232,331.8964446712663,337.2474855469155,310.0527309057243,324.29966606925973,319.47754456102905,298.76324363645136,331.038094141192,346.41343909220177,352.9229927251615,377.34369539931686,380.41458069106756,376.31752355437084,354.5788037446204,330.3161335028929,325.55398564892226,322.4722061808484,338.80408154699927,334.7500322495806,341.2711762891599,364.5474729744971,399.08090166023504,386.6576737208248,414.7944861818106,436.2180472115625,405.9785155339312,394.3696406937036,374.70264788211045,386.2095469517203,390.0804864869585
93,408.0433999840304,426.4928634505608,414.8244721573996,406.6171328461282,432.21150922190964,465.2661048701101,484.61111872385834,464.8060869582642,437.6917012097335,417.3360615533396,411.92935710494237,393.498149047277,421.57102941231784,433.5216325360387,427.69267967084966,411.8595009711589,403.50577133102644,401.82931300669753,416.79687765899854,388.05078673502004,412.46909252024625,386.39829469935887,369.7698004374295,404.3210931415104,382.63569752460796,354.7156506696522,364.4040218039681,356.92305739355385,328.35153779234946,293.6135077767826,264.15481812348605,265.7463086375195,246.90881479668548,266.33746419901195,291.36306851403396,266.50137975410456,255.09277070551747,230.35295948829128,220.0,220.0,240.08054306560305,229.26412052658767,228.95365643868,241.12631382178873,263.6842792624418,249.76891558501342,229.41436232429476,262.9060984872055,250.31642661253028,262.29119355519157,274.74006640263786,275.72212759460575,256.71344877852476,231.61546824531712,230.7065983893273,231.4716659591237,250.60733893335953,265.2956800100131,294.13856952852376,327.098808860658
94,496.5835039558255,466.93929137394326,460.29757301914043,467.9137389079882,474.2273939094852,451.9284589176271,457.7345899791881,447.2122255308892,435.93710466994935,459.3175950410359,453.85291614781124,455.77063293232294,460.1717332047365,464.5815077943496,444.50001375918566,451.46174917961616,439.88540180570453,450.73682242743644,425.93565435503734,460.5237459793942,479.5667763811319,473.7743767250334,459.8690062855332,452.0151487227824,467.4997278169536,478.3782737878732,492.5247496279143,519.754693309522,516.6953591512507,528.5618395425872,524.4673963897781,534.1342618581695,532.3719164455757,551.7383703592283,517.1065789890896,497.20634589437435,482.9569796558015,514.1345950933796,514.6278300010639,505.13246160093377,498.4343096938908,495.0618695341683,520.8099968421462,553.1735074397559,577.265032221572,600.0,578.9310577668823,562.7385227902402,569.461965429307,580.3915843701988,559.5809605114245,576.8206916036806,555.8181403080517,539.2288855693107,525.7045732280235,549.9239723823457,566.1698451633075,568.3178256640002,590.7002765334429,600.0
95,368.1365764605149,387.8371865846343,367.27418062475033,367.500200121636,340.77712124884295,335.652735240231,337.0783391239343,307.6726241780592,305.0555174992817,315.672455506491,323.65863193862265,292.4634040909966,264.1371821045707,253.73211932143056,277.7201199255579,303.6030436472733,290.27594452682814,305.5983904937301,311.0157319583451,344.85529007150535,316.48036393178376,319.8320158886016,326.30965130958936,312.8464512761675,281.13317860057043,249.78049609871826,246.53375989276293,260.0069251538373,274.0192301600562,251.68711964058392,276.74516951098894,268.1465393288711,300.65229246694037,273.92346687673495,297.4752957812187,326.05896650840003,348.64625333846124,370.2651332224391,360.5568343007852,375.49085177125335,381.04511139204436,375.7586505922296,410.27646931598724,395.6082995861456,389.5283811392905,417.72865375295873,402.9592332896979,378.64691323869556,365.3468957155595,383.49871311268487,408.6884937918435,381.69964292540874,390.2195306006466,394.9296139922786,406.7454589782141,418.71940495708986,450.88212787574685,440.13917246561857,426.1228569871231,431.80862699465087
96,383.17901451069145,381.34181357257194,351.1912031178864,326.5681555046379,357.0444010661382,326.82480268304676,333.1349941706902,350.95524620194254,316.78569319280047,297.3780635481374,288.7731057075945,289.25032700240126,278.1619976352975,288.591945705731,269.4397719132809,236.2235774633122,220.0,220.0,220.0,251.40228821705807,220.0,222.10455420946266,227.5514862079319,241.50073704077226,251.2121590506185,220.0,229.23003713863082,220.0,239.10082729434612,220.0,235.13439563840257,243.91906899663684,254.5794309695601,231.89576906568888,243.73794915896124,260.3264377638953,259.5851560505417,248.41075385966985,225.06959330984216,220.0,238.46798537167646,232.12603608991435,246.31596302944237,263.12235577933643,275.3142714680367,287.46196112584306,295.21853542866666,296.5080739386266,275.35524201954547,299.351479104075,331.84997117820666,329.5038557702183,359.8305686821442,394.690186322774,393.72390020378145,409.42877636627924,419.4941000438158,401.1026371638681,369.39889822667044,366.13377000888244
97,519.1378990105834,506.89732539886217,526.8080358823851,537.644153619792,551.3320482470231,536.3339104334403,534.2372272324536,511.95649323421884,494.21713019979967,465.5066332162687,439.38077165700327,419.1167152077118,424.73311000402043,420.6178883723552,404.3036542519445,429.58152553478277,431.3418639287218,460.9595270832274,470.4070744426571,436.5122061996673,465.4555045707659,490.4779380684238,499.94692366308675,502.381072564244,499.085897696545,497.83813690022316,516.6835817591876,517.6034939242957,494.9252228334665,463.997652535576,437.8306918756318,420.43156949424883,411.1729579950283,438.6420788472929,420.37818510126965,407.7500841614471,388.36110192832126,391.5630292377506,399.75909797836465,402.0080252111659,433.6379907963517,468.31445203214037,491.9321713185298,513.302901460851,503.9265958333236,509.51144126466346,499.11451059108543,519.0194198232472,496.0475995596757,476.2146195603007,443.9232045212223,451.5489816548818,464.7466597701088,429.98201980630535,430.73702328590286,422.118240980187,442.5848957075008,410.3072479274058,378.7068461446713,387.12148305548294
98,444.8227647403103,467.999066350171,474.45774859118626,505.9137065925913,492.92063154900086,485.7751299973369,519.2123566525411,491.73905368856555,512.4523934123051,478.26220343853595,477.3181308967706,453.0562945125778,459.97661377354234,480.8485116530903,448.16147281763847,424.62556367906063,413.6082903603938,396.514217970291,388.33961025672886,419.9703912439505,392.0548201647673,386.68456777137135,383.68096378390214,368.30490741194353,352.8003664500734,367.83301777252586,376.08208675809465,397.98032813941535,391.33545371287903,398.80522560145613,426.356395449237,450.949388469384,480.35102594438115,464.1792775213569,498.1587604386053,520.3060545216044,540.9426009444957,552.6731030116018,586.5018611476464,582.4112871109,599.3190384442688,600.0,600.0,600.0,578.3529123784849,567.786515257653,560.2442949654663,577.6042819440637,592.741640244415,600.0,600.0,600.0,574.7963940541209,584.2782622003865,600.0,600.0,600.0,600.0,590.1441563116473,600.0
99,425.18428038819206,422.0323064377637,403.823001946236,386.03702366595115,363.9850837391491,373.188929194075,348.1326459590922,343.32969884628574,344.96302559533933,340.63943899856724,365.4845049417414,361.50636012731167,332.30460663481284,366.75857451689814,390.907425891113,402.110469869533,420.0531233261355,394.0264723089746,412.6405078961968,392.1829338160435,391.4112628862218,368.87005813892165,386.6350056421751,368.8503772780464,351.57496657246486,324.2205310262858,339.66298301375684,325.37210716841827,326.65170809255596,314.9087571082487,334.13784522580505,314.9917011803851,345.8501161836325,333.34391442591203,305.61352791626456,287.4348942133098,257.6107592480121,255.4224704174818,237.94005586812463,264.96327897926597,266.1622823946762,247.49807380572625,244.08699689907215,222.80659594890184,220.0,220.0,220.0,220.0,250.66328110967953,262.3394655385019,291.81665198051047,274.7959378832553,299.78687138931997,290.14596786909885,265.2396165476728,286.5691135479666,255.74462277835912,249.08432150380676,271.4363482996218,279.63929308087745
100,416.8649642518834,406.6193387571341,376.8732468842955,411.2412859068084,388.4754467775618,371.34704002588484,352.86114340050807,381.4170418685073,399.8752293591544,396.888315319908,428.7679276965381,397.46276435158904,425.0196910371047,394.2496045352758,386.62875325069524,355.40909473704954,390.3369241600875,419.3441893351296,425.2801162023658,405.52923638224297,389.90367714606583,386.3717127700643,373.9663255445285,340.4582989249744,351.3962194931738,359.3361727797049,387.63792200502377,386.0177048124053,375.1473321382925,375.9535349425362,354.58218430524494,363.37000893298,382.2723107282913,358.01463066458973,345.3014558990628,371.0475244547107,371.43474685907825,373.6633121265065,389.23188592024115,394.68438298573403,364.5549667509014,385.8322865813139,415.43080918870663,384.1602154980635,357.6476984500921,371.78596260461575,379.09913788063255,370.8753278086548,373.6227332344808,387.8564329945549,388.16978532621994,362.9829680507154,334.2434900900457,329.9636015532324,359.5655346026508,363.6100768322454,353.68548166349484,382.29491352996735,374.499164462493,375.13941812789926
101,264.26974563891406,280.8878118252708,294.90901882533086,315.5060983254839,303.26949026542735,298.79321560006076,275.57713540696466,308.0924767337196,279.1178910522714,289.5488223095079,303.91683992907093,279.9583930846395,270.5310174927738,238.54987716614764,242.51245519721252,277.1581251948662,272.25007217241733,306.5506475985229,280.3864272651503,272.858231293896,300.99577919728904,327.3644629133121,315.015873364197,327.5186142279802,354.54982623702557,373.2312488677515,382.22458265305573,357.90487567225733,328.01506415219677,336.03861673935603,336.0579133375936,317.7204795187975,303.2143651659292,295.66046757002795,295.34692721860335,287.6650550547922,279.7754721008099,252.87676889260462,278.46809817047864,286.1088838949452,261.33603681708604,256.00724501854154,250.17735886060973,257.22082035484834,264.84169360430155,275.0072431928849,288.8604572069514,261.0952404359826,247.43979447607944,220.0,220.0,220.0,236.40288511256352,220.0,229.20461199878577,220.0,220.0,235.3500803660018,220.0,220.0
102,368.7028274530677,383.8052792826845,362.75098833763354,394.06989789596594,428.913234591557,451.23694444896086,437.2168195514078,448.6874853365076,419.50784755536296,445.4973996548187,446.61690064303787,423.96764228542287,411.88680145474206,432.9387935689003,458.8546672887935,460.2346043742032,458.8564093959503,476.40784165467846,499.2411152309773,517.7803920986847,509.6903556150793,519.6251589277316,544.6403525066966,520.263596890016,512.4331648480634,481.3964867193319,475.0178967174499,494.0776425917553,472.86963363154644,475.8017342102533,443.3627355497812,471.19823490099725,493.5985635440288,495.30720696912346,509.71229668715995,481.98642822798007,506.151092975796,521.21940015082,494.61711792157564,528.26536787989,494.8424989743413,503.8382593558355,480.86110912769266,496.20914457306026,466.13758235087477,436.8146441498929,434.4550659893122,469.0357285674461,453.3918653513917,461.2688366043483,462.5707718105448,486.5191444860754,471.72041702543663,475.56652367524066,507.1101697326033,495.3911763161273,491.14956700784,518.366499023097,506.6414190295091,498.2885825538762
103,335.56514737352535,357.23234364628047,387.3594315769251,396.5363532236085,405.19046241178415,397.4907157917064,363.3645782617112,340.54021017936134,315.8608950006778,288.97263519759036,299.75594732132805,274.3003739874939,245.29475066506427,237.07545612439435,220.0,220.0,220.0,220.0,222.5794834363229,240.6461754427105,265.3405404703603,282.93978995207976,291.9147181313717,320.4484385577356,321.8300147491331,331.1649936088915,324.9784321321223,312.8953261937745,301.11515075606223,276.49736047592273,297.25919602309233,266.1349619264404,278.3629289899568,303.87514248854933,303.69512677752505,273.6091815064336,268.59840382101595,257.62426602278043,291.61201837374057,305.00058248706665,320.49576882509103,321.6036531524472,336.2626509633939,351.8426193339457,321.48774098617304,302.07019769958197,267.977926579604,268.664444994604,294.97043483312586,302.63925226179884,302.6537792083385,332.4713885410833,309.52668431260605,279.748985883644,308.9603874323243,337.1551102766412,349.96318431154765,332.18172565827126,365.06520738757723,383.63945201384513
104,476.07994176217426,456.6837344432556,457.5999764575737,480.18031334836365,505.3985290796237,509.69863718571247,511.294206246061,525.1320742275958,527.1094933294689,521.3471659940652,492.32649679377244,466.149974093863,484.3692568679097,451.0957413916085,419.7570931974411,448.08214366349034,462.3619416053183,427.6568321393085,414.4998683441496,432.9321605858377,427.1642165842456,424.9800641843134,422.0959984575373,401.24540668567016,416.7428073385484,388.9532504750443,389.46082786331124,366.35773578546656,334.6150324558675,309.6421043671693,335.4955499089912,312.8258864436235,297.3117310744881,271.9783662499165,288.46652336595963,284.64796507391475,315.7024177790697,327.2051385364229,329.40238397049694,340.3665491844687,308.1963260091452,339.7425442181535,371.6926169473609,356.02240774624795,365.0030915382673,344.13715862805856,347.46018425009066,366.4154309887982,397.2029517251757,385.9481363537727,399.493504766766,414.64340277106857,395.12381885260044,404.1560680571379,415.0355583002822,433.5208857445046,468.51719376632195,436.33345962617557,415.49481268360466,390.6503029179865
105,278.68493991986696,275.4823461634045,301.9799051263101,298.39053396105294,310.1841618094619,301.53910178657725,288.91553385835533,312.31199679638826,323.2003225046776,312.7629926704551,341.75421095775664,341.65002051599174,319.8292528269419,318.65478319967957,330.8837438550229,321.58162510295426,345.6465566422318,347.9666352846589,345.71016988007153,370.8199695085318,368.22421596116254,362.2329258907197,334.4930735640644,324.86750508405197,317.66088612346766,295.3044484691819,301.45207258910364,276.521017527628,257.1793027299003,261.4557417306602,245.28459126139177,255.0613729703765,268.3972922748258,254.48762101729133,225.60475872206172,224.866387090086,220.0,221.06649770667076,236.90174665569796,245.32483205865418,241.70356694349542,272.91366529632376,245.03597161207568,271.6360770959109,292.6450981807951,287.02679880631604,262.72750083936603,238.63817584380092,268.16457909579674,249.52390559527495,275.71200515442297,275.9426705495432,273.2640951204589,281.6298838513263,261.6826196538526,256.6685668380312,287.3624775543763,269.0404625828888,298.5513117044714,333.1459904671139
106,239.7247314686888,241.9212700500848,220.0,228.5199979169674,262.78798294200874,290.56964562128314,320.3090379337279,300.24352486557484,303.20589678782596,284.6440679354725,312.6037974659081,290.98457698110536,266.76170084974933,232.61308506973063,220.0,220.0,220.0,245.74187723892112,265.3417238476498,248.15542866195779,267.983467893742,262.5349861695179,281.8214078238908,269.431943452353,273.9577393065044,265.6704772432962,243.80778443493904,249.8020863150791,267.36024231352866,285.07774103511906,275.0180003174661,276.3278241058741,294.79232600683014,263.60715762341147,233.6393409544717,224.9749327525171,220.0,220.0,220.0,226.44056214727013,238.46239756687493,258.8912331194484,269.42783878472125,262.17453643514654,292.6195121723966,308.46275329435593,310.40044050223025,289.8799690857217,300.3082181572568,306.7286549132738,319.56175483890206,339.2404884104831,368.2939617389588,399.72792313402897,408.8409082828207,441.45783078555473,470.2573987155945,435.44040370665994,445.0736263438805,422.56648503226495
107,332.1732086942294,317.9982226757206,316.81729745031816,282.5779299098538,264.0836784715798,231.12214545876836,241.661245059115,268.91137556761333,303.7565817558486,300.1555641805954,283.36544190118605,308.0826936723345,281.00378990016765,314.2005185740975,329.23914040437165,329.51456698009065,301.280104592787,267.55382009247097,270.6710739162067,264.6406094370082,288.6271240423508,298.58850762089133,293.82125187559,274.6417460826736,273.27130069951403,249.68090021454498,261.37178658766794,268.7728216602711,290.4778174291053,286.94486648606465,271.4502637979917,294.99793894449454,308.3677346466865,322.837376130841,324.8032961292852,351.12179917136626,332.0666446943738,325.1850864690782,345.92136648561586,320.22862962342356,341.7962941345586,331.47795958571743,305.26321851784314,275.80368250530915,299.81569281807054,319.31878101186504,304.4816751891312,277.62702843575465,259.9334382583949,239.84257275695222,256.1564683754061,236.24588428039036,220.0,220.0,226.78017818166626,240.00874655959376,250.75307938595964,255.55502031688513,288.1802667357436,286.2719625881398
108,546.8518730860692,557.0725668124829,527.9639026606314,549.6700949289577,555.577292847245,566.3240890000254,543.940009493695,539.5643160836601,566.20508928986,546.2852728059021,511.2940162635056,494.3196261117289,493.44759755407773,515.9370605852122,525.9674236253468,555.301866452349,552.1913766663016,544.5484422732942,525.7477174349941,506.01209135273143,522.5397841432957,493.1649227564674,475.15487369477796,502.16754186258703,507.5519991295627,475.813131764346,490.110985147431,490.57875089014914,515.3952718150102,528.1656428928986,493.4769040513438,472.87864015358826,455.9360991931344,470.0923594344499,470.7443518713565,488.06567666773793,488.9663805825803,476.8833033313424,449.13954860095066,428.3230955077622,421.37770113195995,424.9795027046845,455.68412092802805,437.4645333226831,449.090479083951,424.7686928884821,439.73141142304553,405.52527282312406,416.43966931819716,392.8649052882139,370.4876165348715,374.61115086689193,365.8899590805018,363.8813196190603,350.5035413979984,382.24623486498115,367.59216187071337,370.5354816021984,395.3403704900576,406.83302734831506
109,342.65523985305384,346.3258076887312,317.1351865250221,320.33323471456055,315.5304708993085,333.5858303944496,357.93902941383783,336.91218592915857,307.619699311412,299.9586879985505,302.3492165725888,293.72535295464036,302.72463492450595,303.1202245048412,333.68404693139746,327.34142556376895,298.1160176701697,284.2514691500731,291.66403951550024,274.5857964179963,258.41498804439067,247.18506192595524,264.4149865195891,295.2243129201664,284.75067728951103,263.4348400727455,257.8794267244427,247.5082052330165,281.8099492216388,279.2807273178983,291.8305620147288,320.7957266798685,329.83003709534034,312.2865303397301,319.80523701305975,312.9365805376179,307.5010713983344,341.05379209426275,325.5551630459024,323.3806232993842,299.5713164983282,277.0694104063124,284.31332009232074,301.88441966301076,311.43661081618995,299.4864906693979,268.6597627489493,266.5782330993577,266.8771088159352,285.8227213731225,295.6429907335593,321.6310946656284,341.4398961742848,332.05134104105105,341.3068406877799,358.6168977496388,390.5985235917309,385.1631749752881,395.5429144370676,388.029382906782
110,500.37470797051907,529.2142299622581,558.5600510626283,534.556177279754,513.8429391132155,531.6880006685014,540.8586926844696,569.2162027643164,556.1822419234039,580.5436987036423,593.4080086925126,572.0899504034745,545.9445562331692,560.1352083737718,536.2275142644705,556.8305470464909,560.8271998554031,559.2078942277984,543.4949267422978,577.364118387038,592.9158161507748,600.0,600.0,600.0,600.0,600.0,600.0,584.1597309696007,568.8812453585178,585.4631187772609,573.8968382920333,589.9065904523007,600.0,595.7515205745132,567.5643155760881,579.2225692691486,544.8891814878326,564.9794279768934,566.7751461696037,566.0564004502095,570.9173516906476,572.0659497660777,559.7303587917993,544.4359824693462,538.5068047130188,566.1504544471085,540.6263866322574,528.3599084003183,506.82093835677665,501.7205267283934,476.06541606701535,494.3211090401716,466.56382652109187,478.1321730743008,461.87189581513246,459.9251955951689,438.92435291539675,455.04001047869707,486.41932972747975,466.9414998449895
111,582.1982189308748,569.9673850016751,574.0166866953082,588.1279832712985,567.0767863958621,563.210262016146,532.9581856626295,546.7519499845909,540.9150783653043,568.3301956500757,552.5096278501953,582.1617205528702,557.0345096806693,564.5221623016412,551.0687348926937,528.7934476594238,500.3690496797654,511.2640287977737,492.58578412592084,497.6827929708942,531.2421035693636,518.3594309889309,485.80553042910185,460.8031134368513,434.1556540956332,431.58550099999974,448.71104087624366,434.46214788097376,409.67114184004276,419.52481548306764,405.6074301025146,410.86935455437094,441.2344137314636,426.6287005763204,427.5031135903592,448.9799475445443,462.40021541937824,480.00368765392125,499.0835438938483,501.8776653172313,504.40201287038985,519.7242835017812,533.5596624097301,545.463698891808,537.2131273417945,560.2111125341359,541.7453147900981,517.646552434788,506.80790777288706,489.576094601234,500.99887045545495,482.1701200359522,493.12440872051303,494.05000435936824,469.72150912463644,452.809247613108,454.33012251433365,470.6474937889925,463.5251088812198,444.8233938336826
112,332.12971945563976,303.78792270477754,270.5483877810939,303.66743962087367,275.4161350264877,249.15824918423323,275.1257351398082,286.57110164015626,282.0961788273291,292.52781722813853,322.97675487526726,294.9331666757667,276.99293857803997,302.2139668209918,321.85872099206927,356.4566915010726,343.4303085561261,374.57235635582424,363.6305745464745,378.687097929459,405.47910426297005,382.43385093105536,361.8285567835194,367.4956621457836,391.5633960482696,362.0898635138174,386.65152019673064,375.6699572648874,369.1058202429625,357.89609694109146,386.6996902636296,360.85529312442833,366.05450680677234,341.42207245057773,371.42369655721666,392.27888850471004,373.6462377029855,359.49071646915627,351.1967894265437,344.5760266972243,366.7900268014681,371.3073616731115,366.2638137155324,381.6249397010771,378.67548104514356,352.6522822270789,325.1765251259459,312.9934927116079,320.19440934466996,294.6333022800464,298.1426942288649,282.01536936547626,295.6943084580567,262.6726975404026,260.50433774404274,229.162828175039,220.0,220.0,220.0,238.6911107934608
113,258.0836143434589,274.5492027830408,280.442871479504,280.7652405990254,287.7290689586423,276.241868179686,290.9656369434662,310.54224587792027,330.0179164690017,313.8801017265599,324.6535924048495,300.0202932070189,299.69966615875757,264.8837143629238,243.43478749350768,252.6561756017901,278.86148096600914,247.29346186703083,251.39215731923395,260.9664087265861,291.2337774093784,302.0938430345253,274.306132207477,249.57822918559063,259.08171820768047,239.17509558110675,269.15647882251693,298.60458287752897,330.0104930885339,315.51717563538745,330.7036691926096,342.11464267804905,309.60690737169307,293.1964627159326,272.67013379349544,263.6267359151792,295.340496073345,319.53261080042864,305.07233219620804,307.17453937316066,285.63316788422696,270.0535473449426,239.60377477598453,249.5862298401631,260.5706840549061,284.2657975111472,310.274424451055,286.47858239461556,303.49144862602463,277.9209829239379,269.08103374614467,270.16859375529015,238.63148774138546,220.0,220.0,220.0,250.3867390544433,235.56908222054145,235.6510987361654,270.4084953909634
114,435.3242172338727,429.1289214833186,459.21438989801857,439.7892327736812,417.3542846323908,419.82979046524565,414.74091211344296,435.5299375255255,403.4706404168312,411.7114481256166,426.4589881284679,459.49316138614563,434.6965854029341,416.9336107125968,447.2046369224438,456.34865610627486,424.0120883977607,394.42616855566524,414.407007799602,419.1302226915511,423.7093064048723,450.29990143666225,432.17675579264824,408.40692452018965,416.3733408537353,443.1429576895071,426.71050281624036,439.401108351635,415.0676405817142,392.10124928975466,420.2069533401463,393.4645029835926,360.1686905494562,379.41452191721106,369.7901903139737,362.5562889681229,383.54631711169657,361.14182252211094,371.6647084285834,358.6116914472178,330.9104836924969,344.035207120403,331.34169653896856,357.0039838385735,386.33647935480656,410.77010268927324,398.3347250097556,379.8955087149315,407.39155368347747,404.09784255482975,418.63962320389084,441.54111730263526,425.97918314338284,399.31600309881816,408.0539325328482,414.3673904362739,398.2813955223742,404.2108660193482,424.5358738328322,414.0366425969211
115,312.0807331917174,327.83081814438634,347.841859312112,379.6421199629364,354.9731275671594,382.22161469933303,400.7785314826262,414.91152503778835,401.82527908111484,368.3787856642856,368.90732025264657,353.9111766066467,339.19864793151504,369.09834833500076,344.8061707787254,375.2024373500642,375.46890705081603,399.1484563750816,383.9995863760153,393.3740328619468,397.33522056258596,427.02684682183434,404.5777367008038,383.8976289827774,415.3251369445255,387.1826603995529,396.61043323263266,365.84992115770035,336.2392777261426,343.0396897292631,346.63544708004724,351.7472809927987,349.9029277512947,366.86808159200706,401.32127913754994,385.6259663848748,373.2667430969212,360.8802110609462,379.3090373023558,368.67012238101677,381.0417171118023,377.25384610263734,384.8001727942482,407.83124889059116,408.81535701938554,407.07748107865496,390.7657019310262,391.87902265841103,375.2478817620833,399.29779616234043,391.5182780426513,365.55581227109803,347.3535392259432,349.77424194865114,378.9143680567338,364.9536729569684,348.4607072439202,341.9198956806297,374.66270916107993,398.82808637337473
116,276.8738214083828,284.8365515054013,305.2670457394837,324.0277696354003,323.2469540582234,339.4751510554064,345.3262137969152,324.4273625965694,293.35111744112504,284.2160950446486,253.5518251809764,246.20276345543886,269.22429356539203,293.3248839536427,260.71005844744394,230.57754117310853,242.46823730449566,242.46814595044964,220.0,241.38707324124653,221.54180463069605,220.0,237.46549966700059,245.03431789123806,237.6453096024307,251.13614386727812,279.9327920756623,247.32556306932764,256.2631237066011,236.5348344976903,234.72447769358718,229.40315671542305,221.70173346384013,220.0,241.18549555114876,232.75193649608778,259.85567476164135,249.6824538678957,273.4623879954364,276.57503120216455,268.56879764235,282.8510526642097,302.91687638644925,301.705231705663,296.48466169251054,301.90398961857306,307.86542611397334,302.6489712238015,320.6853727147861,313.6658740575527,310.37575805932715,317.74803375889303,351.8274568940395,335.07548466502675,316.3121806588335,293.69428931474226,306.9553843163116,303.39200893560013,295.59445274079934,274.88077893122016
117,558.6325834132685,554.6546958788356,562.1932276828786,535.0702981633556,507.6283533312986,477.34317124777834,468.0573969064589,466.1594590598927,448.2799295213393,437.75735493275096,403.1955573144148,392.77174988271247,366.1137433208718,340.10065680704406,305.4160836362443,319.1627232608018,349.3525874442587,357.86077670390966,329.59492033886335,363.8703817963386,397.16134375769457,394.9377612537188,367.4886065421595,382.9403582174638,415.2431325313044,434.7521048210129,443.44630464098157,451.204537806957,484.658805801351,454.77715937873484,430.24608075007865,453.40288188185633,428.5607975042395,420.39155158927156,405.0964995131041,387.13762966393165,353.9381662415215,358.5757546889583,351.66252114730054,355.27383603189134,341.5894104867166,372.491670340515,378.8859737974219,411.17046705468056,400.6708838527867,365.83115146702926,385.5197410144001,408.43626083364506,377.5454986376686,386.3213446300309,397.5925953228393,372.7939660161689,376.4706847158496,358.49460636344566,324.64622558776176,350.33000191409,349.7486638999425,369.4676009636923,385.07011321972993,419.62948149074697
118,386.4222934824534,381.35083595545586,366.0737256490378,374.8340305872628,373.86190562613274,389.8751841760496,379.8310030669495,353.9901349796023,379.3606166279641,402.323902565492,391.8939156635941,405.21853588943407,404.6867393287269,422.9547861279039,415.26405193441974,417.7587984118058,386.80592569633814,364.0496244075038,383.773216951761,375.48280070386244,342.94018039993375,319.67472039977,313.48658264576306,328.7405001369371,319.18445306344324,336.34745586996405,361.41169698061987,350.2912599750197,371.3175499348295,345.19919654994277,339.2690433049589,311.0984110446704,279.7753702603047,249.292286684286,221.62492858000056,245.12574321914846,248.18314187350677,279.5003150178975,282.1603361097734,291.1701293715005,269.084006651335,271.9246780956946,263.8958565119275,294.0963304617534,324.4708155664788,303.36571844163564,311.77487891732125,321.4471851252897,325.82464068735095,299.5277202470114,310.3087925658717,331.24476251056575,320.4105848802849,321.4292040163759,294.57216026082534,324.7203700649173,297.38801978697967,276.97441725375694,262.86791055975937,285.6732273025009
119,486.24924979089485,451.740260451112,429.58956875227074,447.1001512957039,440.36856566576074,407.2035129384689,439.67769442087064,415.26399832670995,415.9966631299879,398.37878996512694,415.0016423809021,434.3724693142123,427.1778975609548,438.2693710630871,466.9045219813411,488.9411602758235,482.9840005109675,478.8873242837322,505.96880346562364,473.3748994954676,439.9717095574355,419.377383466987,442.31089859496103,418.0358217281651,403.0053716745498,412.0401799843621,389.9371766886588,376.1553205757089,373.8392114743324,354.8068613380881,389.27581921654337,365.7170404290321,390.21263777344984,388.1196259783602,362.1582835587734,335.45231456015404,335.47303848371394,325.2194504865586,306.6416114244682,338.7673510260706,336.203932870394,366.2207015664569,342.70068239099425,320.5433070970951,327.2652454630667,311.1565404462443,289.1021903390326,260.73016731796434,231.06911423946582,248.79090121840568,233.54232146429283,267.03166219582727,244.85014111936601,234.66140662103538,225.9050099847987,225.9157054763768,251.86021630493852,275.29413100243164,240.99107416289732,234.6389288499757
120,534.6159577954211,499.6298043432908,501.9845743985679,485.147867891892,479.04166633883904,473.4629953303556,465.88580618058165,493.32231473537007,495.8747673632375,524.1370380311964,540.009006543691,529.5874115118714,529.1368692202983,521.4269668946687,544.4271663686911,522.5590132066586,553.1078729649672,558.7375875626013,566.5606443403672,567.7367423580051,571.5514957511493,583.2887749007473,594.1412427578075,574.131538978705,579.9023502398202,569.7262010880112,579.3183224942127,582.666743112967,560.2443384728415,576.675712700574,573.6666540241383,577.267562684168,589.3525632289048,600.0,600.0,579.4726210050183,552.2000073666333,564.0425775938373,545.561523860435,518.583864658923,492.7704891555815,479.6664978285475,514.0915911919947,490.09981406009064,475.99737342098337,505.4487640527334,537.8803284725896,518.8993637531959,545.5310525467419,520.2553086633528,538.5628574543889,504.4734286997049,497.93680274657214,480.2502672167893,494.5308282079279,460.65475740279084,458.19787682639816,471.9689085585436,440.2382496860564,468.05626243515445
121,357.25501481065055,333.8236230676075,314.60613778973976,303.3295528043722,282.21580993193265,282.95632270599685,292.2615442609518,287.6016518827845,282.49390237544304,302.21286873125223,288.2840386383042,296.87785701181116,324.3823679648542,304.8883735215751,313.2814246232871,344.639449227122,346.7251170740038,380.1079577328029,366.81118082573863,371.3117533123725,358.08425589643923,323.34461565115726,358.15618268235335,339.9603874449627,373.0775264115339,383.78982427683275,412.06517690323284,444.76936919698716,449.51741364092595,484.495807742014,503.2089013912899,504.87592031784004,515.721950211202,494.320945224064,460.0932287248885,443.06848305738845,438.5164433777819,419.4801244581047,420.46263731713856,431.5187272728652,442.4242967098678,469.9878068471868,502.63014360101147,529.9787945362036,538.3910416904885,517.7945325118675,548.8361136537624,526.0763412874738,501.6762580632064,488.9061110165868,494.058500310267,506.76158454927327,472.6920719634678,492.15363098385035,469.4049994199573,455.1589390258688,442.7050098315644,430.9762297544764,449.20196190913936,417.06806726329194
122,294.67677098908143,261.23911716975283,280.72007913957646,314.5806428251351,325.7489439737946,332.0586866381114,360.6233215753066,343.4701006207504,313.1224619804107,313.82035532846584,297.04476455063383,293.62047757829697,290.56146711902363,277.8796948037885,276.9224155146022,268.53304715309537,241.44720072782673,267.1180002462313,281.20716025634715,249.09878080633598,222.20383057532743,220.0,220.0,220.0,220.0,244.35085859709497,267.32718933096726,287.1474426004542,295.1768980581543,310.8214467831087,327.51513154193015,354.7670324634669,371.03104453797044,387.58319609943806,408.8688781893819,412.81371810431614,392.7257334072988,363.64370683713287,357.97675606386576,329.39475308189014,306.2460352906933,272.91483611406375,258.9292764866194,291.8291240547607,283.3543131412695,265.21679556484514,258.45825896452135,244.55195537898877,256.72333298397405,266.1360062651097,233.05000980904444,233.8426307155194,220.0,232.41542864899924,262.9220117929073,291.44616330382667,270.84601115019154,287.8311714906891,308.34578946352866,333.8515167811856
123,318.64749490419797,315.2059341222492,295.7112441548105,262.4129061595939,273.5437901101409,268.74624336266106,251.11442500211078,275.4117013130836,275.1093461116278,309.73538351650916,330.27043140223685,356.11521538375126,375.2484727995883,347.6632157261318,317.21524577188876,346.2707598549012,320.94456301768736,313.3303935648856,321.0241643738008,300.8570488669405,281.62700192648487,279.26389588688124,269.52655228907616,281.88684898046245,252.14218266690636,251.35528953035373,228.55348377043993,236.02423440049228,220.0,220.0,241.27222879903195,222.73391810169292,239.32849181726073,223.4428807954341,220.0,220.0,246.6652389095924,239.46683506316336,221.53007215504152,224.09483531382546,220.0,240.3138263840164,274.6450196659283,276.5052306525367,273.12765348823615,262.14013137020817,295.2738426291178,294.1036719494455,271.563452144969,304.4085655218963,336.6703143418513,332.17106800530667,321.5440889176137,334.1747101858182,357.1993993408109,357.09664860065783,345.25355797437015,331.3511387347811,319.21304963979037,292.4753554483591
124,515.8757658149793,488.22295626131887,481.10497090668855,504.5510045065491,497.8384172049821,483.47174305979877,514.8495037260275,488.7075664733382,515.6473396682514,484.99271557982775,478.93977447950766,488.1602483643584,479.06293525427606,481.48538472157816,460.7655013826809,465.5979176053595,440.01702778830617,460.7437699145765,466.60906385552556,465.3443118928452,434.1709876011609,434.1551911153315,438.6050512406183,422.2017771791198,434.63310104269533,405.00666145264177,384.61489715403644,401.2432933667329,376.5488486915546,358.73726606513776,369.29714041844466,385.3160596852225,353.9203075088628,327.78156643651783,324.00982684554623,330.50547298379996,327.2701593879927,337.56505888481576,355.4845623413529,386.9526316669061,376.44428158596736,352.86161538128,336.34749568145423,311.7190068350796,304.3162017731837,330.3959103862933,319.69010317239827,295.10769232798003,296.6919940695879,331.1280612357977,309.30074654261085,328.7519931655814,351.38711921578255,344.48080326085267,352.8494039673694,348.1155455199526,331.47843107775066,326.3067470828159,297.9770566469209,312.4639846031834
125,535.0933520191356,521.6113473550695,526.2647250616683,507.5151223044288,481.4373538165256,492.8906533743768,467.2781851299307,487.01671997436245,471.0395383869271,493.3354758971134,484.1307961044433,474.9497775894522,492.4898708365261,493.2084750610091,472.2768949097003,496.80549327344073,485.6162179199439,457.81059117863197,451.9306643232334,457.1079877451109,464.79996112084774,488.29251029211514,491.19098795765836,471.8507217723729,455.16736492388645,427.2262061044946,443.74090635103295,416.156814606016,423.5636988652517,430.3500164485146,450.33526543678965,420.55934441476916,399.76313846055115,428.43250485217084,433.4890829145117,430.5273978322172,447.86473641457695,476.04186799081805,459.45254257728647,487.5558365940805,460.16446041693325,493.6022737580247,470.1419015149974,453.778447317158,425.5400231235729,446.79737860563495,480.6936229485525,466.48197854843625,454.2748157765618,438.80340901316197,414.6413760282067,434.7624711999152,404.01286000055376,436.7570491337535,466.6691358493869,439.95987181928416,442.0265414040179,476.5261365091215,501.2094839425113,516.2688447596105
126,228.53515926754272,220.0,240.58119689098845,231.93233668435627,243.7225681064896,260.4652819995107,255.01817442626694,230.0548969753215,222.12351219086634,248.09690315316865,236.27290768540718,220.0,252.13919920293472,264.78658283110553,267.64655546673515,290.6840697344218,284.46531720121857,318.42342278196026,343.4535376398079,328.09166955572726,319.0650286581621,303.3670361520533,314.52089515143,324.27413032614834,325.84954147203854,358.4583676921367,356.51763786457497,376.37820545833455,387.44486366070146,388.71780947082823,356.6644669756261,367.68911864303533,377.6707745423711,351.41195416384943,372.12600243909606,369.815588280249,357.5058092885856,380.1829662978032,369.21893346265085,377.7484888525187,386.00252495447313,354.6989437346018,349.29729787483194,329.89181037006887,308.86175670314276,319.70908890704743,285.5077885770502,318.34331705206495,311.0206874724024,296.93693446354575,326.33514245916774,325.4021924066469,333.4049600106164,347.1145124152037,373.11330155911617,347.19524084631007,317.91096338275173,352.47071828618346,318.0925844000084,332.6662171530602
127,452.20483754427596,455.88340906391767,475.8913662065242,510.3644725410063,478.6464800455812,486.6636145306038,501.8380513283374,488.25380276044865,515.7540997049139,512.7435986063937,489.25709094302994,514.0656380644509,545.070431494176,517.036475779988,534.6541364808068,514.7051318223721,480.1756870592036,463.41865466118077,488.262343126633,463.1452145014943,437.29203631138654,454.02537574539747,447.47055044492214,422.8645755223443,403.9646018760963,424.58673662508863,433.21555192915,451.48056600880494,423.32469273796755,420.39199253744744,441.1894300921407,424.7949226529309,401.6381504392529,393.3630230064564,381.69962117517105,359.6827156969253,391.45886047186343,390.2757487907443,397.84109371843897,371.3185773309106,379.0210335001165,382.893622024709,413.12867496882126,406.9908510438643,426.7351980771995,413.02786656954805,418.5536915124997,448.44161931959354,457.1966110727163,471.97771893637184,498.29663570055317,528.0763411321691,507.6555823963838,486.3642446104268,489.8975734940418,524.583719835487,523.8943824672416,512.0577298844815,514.6660191297977,484.1737233178969
128,287.3385727177673,262.76300193202303,229.71709008699668,245.27195130016656,233.0551695104942,220.0,220.85706393679362,220.0,220.0,220.0,220.0,233.18302050932476,220.0,220.0,220.0,220.0,220.0,220.0,220.0,220.0,245.93940840188804,232.33008589879785,220.0,221.50684652664862,220.0,239.11652410197928,220.0,220.0,251.06784310810448,227.19567686419344,220.0,227.03254379766508,260.62232880933885,252.63083118933042,263.0359876837349,238.6981820784493,248.59598140695044,231.28232595379296,239.2124584781861,220.0,221.74783151937305,220.0,232.71960923305892,250.056494327841,274.4264714669988,308.89414729133455,306.0489818670608,317.9905910715735,284.280251209222,312.63634354065675,320.7383637276573,315.2325122767839,310.63440427002945,328.69409951525716,352.03699976276977,373.5902571048094,374.33118281810107,365.3114474478633,396.4992027469508,405.8931694808655
129,426.5882954178004,433.4706206597809,442.56127623282066,457.47637812030393,461.1993067731855,487.474181585209,512.6541765843691,508.61221871006774,485.4097465588553,490.7756465228324,499.22741307201517,500.86398324877666,528.2044301779544,499.71584816966,484.835143508124,510.4404327507073,541.1993646622617,536.0141198914415,514.4991986203072,508.92226337600266,505.8539145556922,507.2237710270707,491.4284866398773,478.3124051380549,489.2035393322813,497.72912990204605,509.0763059601195,500.4862547839502,489.03823347894263,478.64594058704836,510.22829457132514,502.8954517914277,510.3247195350825,511.9237426367402,538.2592697563547,529.0974458109182,524.4875569158502,548.4831571306049,524.7501901126983,531.3508084639693,524.3443829990356,558.3497921238015,573.8466802998449,539.585618696274,563.348791727539,577.5713676602309,581.8386317510159,563.3676250629181,538.8197905914565,547.8077599915457,543.6035790885092,568.9170009446882,552.2831508641252,561.9095495233627,544.3285620894939,553.870757626024,522.2548825811239,514.6744024581308,491.7623955687334,499.1777753043766
130,340.3566602075381,359.36394344491055,332.3855486750118,336.32046335935877,342.8779137652746,309.42520074567926,276.94420050521416,263.5210125681754,271.1562933270093,303.54039298836375,274.89523868757016,289.11663281232654,302.6067613609209,314.4699584061643,315.60027231341843,348.2780888561285,348.40234855033617,372.0831440942807,355.45958629550717,376.901181246987,411.6593826227123,440.3654017668755,426.65042207951166,450.88144538889964,422.54944400091,434.9889731738237,423.9392094828918,435.04611575458364,428.9035462851462,394.5358667729188,375.72522555627535,343.69226185635745,338.601156452347,362.4061465233198,379.0659196515753,399.2897726886599,420.793748104991,411.82953326803425,412.2513343325721,412.8429162385502,385.7675124240752,392.63746097305443,408.0500455030779,415.8177928410085,433.0354082706751,406.35779703941506,424.65642328280745,404.2262305186008,430.6041081173681,412.7492999819238,412.18876684025463,411.29740760621905,395.11693003365997,385.4366009430316,363.42837337832304,368.3354222004215,397.24738397376507,384.4099140390806,384.97429672308266,410.30593955668814
131,391.94963783927955,415.1378608313339,411.3852073932248,407.2021800629859,383.20897741553983,356.95749512540283,364.762267226017,387.67561395352743,362.15406803304097,390.8606442605301,380.9822303910336,375.75023484749113,403.36197298876016,431.1027245112586,432.84284589506865,417.2163920068025,394.2521550704748,378.2627583906131,397.90667622437184,385.6280323793273,399.2473346516379,377.9113922112097,376.40664649943267,366.05408162355025,366.3069442559664,371.20311462037876,405.5685621447899,433.56121544803403,447.2718688747274,423.0339118118567,452.36591075560193,479.8469357051619,506.9161758103586,505.4473563150725,482.3968260893465,500.20505113717104,492.4011038665007,481.52088414495717,473.87562502410657,478.01056404671345,466.35688219880456,479.65132496867284,489.9919906707292,490.6123736386122,459.3904998565969,489.9484876225789,483.76722744100624,480.2289510410184,477.15122689803997,467.7031839747328,479.92433771799347,445.8985764256629,472.0441594774104,444.21489124627965,479.19484850361687,488.1606325459873,457.7978857333152,462.16847989319405,450.36002536578707,482.0730509846234
132,507.07898181711624,507.5700086225068,502.65442658803,537.3652471932976,549.0821331405508,550.0572151079376,542.9133033273583,530.6341033481976,545.0134630143117,551.1654490577336,575.5383875290088,579.287638160245,585.0508354694717,583.4657901084944,600.0,594.0494523268962,600.0,587.893133280836,600.0,600.0,600.0,588.9825699761166,600.0,579.4889370226981,548.5604925843247,568.9572143594643,590.5178524256809,557.1230181497727,588.4686691206709,584.6816570040328,600.0,600.0,600.0,600.0,600.0,600.0,580.9081192936751,573.1775384449842,590.8090858483199,566.7969353645342,596.8858988970655,576.2554228510908,600.0,598.8606761387011,600.0,600.0,594.5503216453008,600.0,580.8702322386546,600.0,600.0,585.6671992822958,552.357052655244,547.5414202798318,524.4414576769966,546.7400332958177,530.0168427570187,561.0753382352756,594.1019655106578,600.0
133,447.8535015283462,431.57346180736033,453.08155084567284,467.19322753023386,500.5950118237522,492.0026523358889,461.1164122776293,496.0034552963556,519.6819100570768,500.1861882379753,515.980138850951,481.0284511054855,485.0750851573361,475.4737620274501,467.16707491408397,449.2834613461293,433.52262644046334,430.34943291039394,412.71958539383826,410.37038167469893,415.7847221146308,430.5625217143065,442.96271726210375,424.9019663794204,392.6452377093883,415.93296833590745,441.99486734342895,475.51713372475797,507.69694273129113,517.0639245998,544.6629438757104,541.0235332282076,561.1370280089607,593.0104459669309,600.0,594.103575616626,585.5467229112995,570.9547157044121,561.64916240638,584.0895287318342,598.1945512171346,580.6860937850554,595.4935527858479,587.0512354086474,591.0953109012125,582.0211599950668,583.5352146970756,599.6214873535538,600.0,600.0,592.3727156843137,600.0,581.7098142012958,580.1298036306864,585.9472878069157,599.0010409159574,600.0,586.3338045577854,600.0,586.7786976406531
134,429.72557923342424,452.6925685531602,468.3130409220385,493.7139177434516,515.7556012195977,500.0999095550153,534.6054765748421,565.1953668293372,560.3075903160175,528.6122536142389,514.8570207374779,538.3876978792277,569.9486272441461,593.1656640423379,585.9376906046596,554.8952455827027,556.1260446633705,547.4728202837915,521.0808873862575,493.49062163349487,469.2032034894216,448.6108606263464,466.3759092819294,458.09515221697893,453.68082133064144,460.5675147794597,492.7768581997009,510.7296916227246,520.9295745944087,537.9978239469559,553.3483004252571,566.6657486948565,566.4142470598464,571.0935426696449,568.3979453210711,561.045040114361,544.9988051372986,534.8637292256659,529.8608024373417,535.4173607862557,535.4086175904666,507.9650443898748,496.763200271883,488.0967430739971,502.5815606319136,490.8840065367954,456.4409136277201,427.344477260823,427.1343665187391,405.32905181780507,404.9526206073514,410.14699665338,440.4876498332348,451.37824453765217,418.55109512199243,410.20223140193156,430.74421935663923,413.9835912759342,443.7317062809511,445.7624558804057
135,255.1301228924382,237.04706070505785,265.48800464126424,299.8901872235009,325.30129970321565,312.7486676288501,331.565998504557,312.1219335562949,304.03849367766384,317.8402626797127,350.663356422632,346.4072357973305,346.11578526966406,326.5275822962379,319.75317428869346,289.16447682738857,314.2654895212673,280.89891076626134,293.74563168779594,277.8711507895876,276.1988110319089,260.9079018388919,253.91284860077522,257.18730065010845,267.0498394503621,297.8698694673002,286.1239325915955,292.06395849975814,320.1845088043352,305.5007353608592,331.0542340396429,363.0830907869323,387.4076501808163,392.29788527472806,407.8459730742587,406.52058387283176,413.32849018431324,446.5416748727923,429.12011380368045,449.5984123815255,450.03473286436173,427.4158606045928,437.4633372539039,457.93322071135924,462.7461280639951,486.3664241334113,476.9772271195004,505.94100804862137,516.3234150476643,537.5445677928737,521.6535265329553,517.8825083661595,546.5557271879698,515.1184157231014,508.39713567252403,528.0194417362925,545.0864700487526,569.7000682026082,586.4573916301202,600.0
136,409.33863103301746,418.0389196127478,442.3783227119637,456.496689201908,428.64065952306487,419.3304112047003,423.01176708793133,440.84199515824116,443.8917249755413,463.3201718724067,486.95283522481026,470.51181414547295,478.6386862668209,482.6364126904757,463.5486203763165,462.84008662289466,466.2398665427049,488.4536578071154,485.72291403207504,456.3870328053915,455.49774988164603,479.1543159879963,484.1421976509245,471.46276359007976,500.93072994897784,476.82632687280216,464.7077625473333,460.3071908914039,476.96564304621523,500.4679184950185,469.5671518321825,490.00965926463414,505.4466483321806,533.0723096690077,561.1033190267957,580.530108133027,558.8442960314851,545.8153014974087,576.3576804168035,583.2298114065736,585.9430628138238,600.0,600.0,600.0,600.0,572.9684484036839,590.9965260656775,600.0,568.4283754596983,549.0415710850426,569.619358305622,571.0226598157676,542.0859446336559,525.8430066745774,513.5271786691627,501.0015691983791,527.4386616611973,538.7812136762602,555.225423162091,521.1753293842896
137,382.4545611249641,369.70200508955094,394.3367832463631,426.10765902075275,420.7415184918431,453.85576151183403,419.8609057948978,407.6612640895002,426.9064465445967,417.113420677849,446.5807838043031,426.87332627917226,447.56999719214,426.6891548603167,405.48649909741533,401.68895418424455,432.8347953673678,438.81664270053216,448.26894534168275,413.95023241448587,382.91329673870945,352.5986785349811,374.9736307612674,356.5532792843509,344.57195220906283,352.26864671309147,358.1454489488238,351.8825137786146,317.1835282010533,313.6557084546104,330.37749155501206,311.84424362779396,326.4293043469612,292.4900017341707,321.0505480361879,352.55329257209326,317.7255964118124,314.77288537826826,308.7404211949751,332.67225610934054,335.5227675019693,343.3183503974929,322.4937706135425,292.88829737333816,306.35147417612194,314.7987936139819,338.06180499281135,362.18964631375525,371.3621154918608,374.04741229838095,403.02799112921053,424.11648063887276,450.8862302866032,485.5950931657827,478.8404983094386,494.02592466979115,507.1906717360016,484.3806616692976,493.9390636478106,488.90531295933386
138,391.2415242432102,368.8511835329942,385.982937762512,399.8388070399899,402.09911677014134,378.06946015594883,382.0499951309477,354.05933468123914,342.8153765111971,333.880425506687,360.72020298453214,354.8095482656391,361.7024390694449,387.93696822272375,382.7401289356178,409.59937534056905,384.15166721743384,374.690688218631,346.3215956532835,350.58666970297344,382.5964139315196,393.58304240400815,402.40833561842055,386.87943987544026,417.0569129790588,415.0643479133574,398.75449162656474,432.8934902568753,427.51216562250704,418.51709439117514,385.96438310209356,363.44503122222136,385.088426077281,383.8770833994315,415.71831428419506,386.59032050984575,394.706361477736,410.10525180576803,418.5880706582903,420.67949986710016,426.16038229080993,439.42885368715935,464.8573017417864,453.4014268417144,450.5772124726311,460.0908835358331,447.0860001986844,424.6008008149531,457.23261378942243,435.86363600515904,417.1549526833166,425.46297971709805,395.87876141160325,363.2620971786677,332.7430494450421,306.3715046500459,301.415284999439,324.4635300419534,313.4015625586403,308.3287615839597
139,448.09541527762946,434.2455250712927,429.5231765850514,421.56499466555664,410.49684258105805,402.6843644448007,368.4626041736451,395.50085094215603,428.9151267635644,454.2898601626941,419.691819346491,437.2538076151145,442.37081969618447,413.963063466727,444.26320290829887,463.59840195388347,438.76914200525005,471.2520420837948,445.08595478053957,441.91354627618944,418.04184756233155,393.5552032163849,426.3016049026076,431.3501996000714,414.49244383858155,433.84039979923887,460.10750775041436,489.33978332555887,519.64873129324,548.0394593761106,557.7647270909705,546.7373925774644,576.5271299981862,550.1018869582132,526.9178740117704,522.285801846469,507.1423478013917,515.2436447970626,543.6147794045862,542.9869722506576,546.7579137899548,541.3772748186313,555.907116016947,527.955330606182,496.3566226210413,506.2503158313627,508.6918139921533,502.2068760235097,490.58636095505176,459.2128820380706,471.85181340705043,466.35454091450066,462.5233036808738,490.06444327970627,506.6927950563498,487.0538154648802,498.05547022140496,472.313342516661,450.897813266311,465.8882601175814
140,267.8383589349611,252.45193553092955,280.3161542897773,296.99823776948546,327.0604040043568,353.78873794164105,340.6692974799129,349.9357178935855,341.4444153621096,355.2417185759373,344.6337100915012,309.72592612310535,281.3016011851303,300.2724640207245,271.15283115478275,278.1124189815997,303.1569148467432,320.0340014256911,313.97471706305896,293.5770121335797,323.15463627550764,327.80261400046186,321.18201814915574,352.12605708078524,332.177299151819,328.1370302235725,300.7422298650179,274.4838481279856,267.38558604776404,281.36181096672095,270.08438705751377,283.3562451397239,304.7195779873914,331.1500320131249,299.2803972968865,318.4416131450029,293.7415617006842,307.6199222316376,298.6362948236377,313.181825662278,293.1495227778378,303.29887310090743,277.08485919524327,253.96704753121975,261.97938229273893,250.55338670826418,264.81785182623076,277.77901230441887,286.2933916222744,302.4312295086766,323.0066963551331,351.8063261281608,322.442434191884,327.45086522637547,344.8652435798035,325.05114554669495,308.5046255550812,292.19212965856065,297.2554376617769,287.8873774543731
141,473.11600124620765,480.8327789839632,491.8306073011766,474.4928404778224,493.2088367854322,504.6913253392408,478.8367982234424,457.848897892077,443.91645813352955,474.4393636822407,462.283854134537,428.6753899211094,403.5891915572289,370.8412192127858,364.03996630281097,384.8407043706902,381.3712090119204,405.1007984474407,373.4278509426923,371.3084514328258,391.40372748188526,403.6342827176618,428.33207031749447,412.5005009911647,412.56005673132813,424.9415572152841,401.7358541463992,423.8423241737918,410.6452277291599,382.17673900325855,400.77582935099576,415.12708793223436,441.9846706621451,469.4299028427438,453.9267077634542,463.8221020287016,498.760711760741,480.827170153016,478.9285369521193,507.6401824769549,479.85575738381664,509.8332502127503,509.0041418320746,536.5169970321147,545.0129957899962,557.0134840816118,576.1224866815712,545.822013120463,554.7657968532378,584.4414039872679,600.0,600.0,600.0,600.0,600.0,600.0,600.0,567.9685787965182,539.1895688118576,547.5487288353551
142,339.4022434146244,325.5020273653175,304.04287211736533,325.11776997775155,357.62076523819564,366.56382546196016,397.7432181544097,424.6151091101368,404.869997600449,380.61681068282996,360.4278856698329,332.16254254042315,337.96408422951026,322.74958722813966,351.65375586073975,359.59229998664625,349.76503889045745,383.68988312796415,415.41349784039505,434.9165643120391,455.33442159281356,488.7433307995278,495.77526638432505,522.3766558375548,491.9145963985542,495.69897276035675,495.87511652313947,463.5157868785989,434.6024258512882,401.13115053246935,386.7122008465206,355.45798691266,350.07916484591607,371.9714136420203,379.9395002325741,392.10479409333857,359.31026219101307,383.0771074089238,358.3104339657331,344.49599528800724,345.6715679333443,375.7711081042654,410.6415498904078,430.4277977439065,446.47979340482937,448.4175565546716,460.0114702146129,435.1211624945977,418.9648909348371,452.889891379633,486.4629429998207,474.0710106262176,455.9444107062268,437.0106759434461,435.95118278874,416.6148433741174,427.00960765266603,397.2469944474415,369.5044000167874,353.8897992622934
143,515.4284286838027,503.0586964167436,501.0158711766132,511.9794143972559,532.1772089353641,518.6748404210898,534.8426992025853,519.8674175071786,529.980052092841,526.5416619484694,556.4056093030115,590.1521463384904,600.0,600.0,574.5552969416934,585.3677739700474,564.253529880116,548.6413252281874,550.2389521132814,567.1780609463613,582.6826461400447,600.0,600.0,600.0,600.0,600.0,581.0664075463045,583.2677670694083,599.8043288624586,600.0,565.8153091615977,553.7133265377546,542.677844218764,527.8752641034939,550.0949650869001,518.2499656519384,508.41039815253083,523.2283207318533,516.7001010693422,491.7845519277996,499.54422502093576,501.1269415684891,534.8556600965999,552.2524954350845,586.2848145842823,564.3294994624025,582.6411501118557,586.2558254908499,600.0,597.7286023755522,577.5959597554564,545.7975261980151,569.4777042108838,591.51428861195,567.8920699769935,578.0547329450624,594.6960919823136,598.729841658997,585.9358648757243,600.0
144,464.12744226574364,479.54266810671317,490.1906851718764,505.68089218283257,480.83559232824365,510.4172002100356,495.42395606713075,518.9825416792278,546.5194359660118,557.1050884322146,563.9861417784268,536.6195165604375,532.1550023860116,539.9701093113815,510.7009583851756,483.5032991886037,518.0469870461084,506.30337761349,495.7846517238715,478.3916922658639,488.6130761304633,486.7283882069391,507.0585552230844,507.9331934529895,474.01231207284957,472.80042939572525,441.6635397373595,464.5385863710594,437.49465231998846,417.68143336759556,414.87900036323356,393.54188424126255,396.28728145505477,393.53617116632415,425.2127539305344,396.3989033632574,401.7701467420559,417.19811941713476,391.1320100510447,400.6843589940628,426.1810927859506,446.30998782592155,476.7719361559556,492.2129349278217,484.7920130048839,514.2236099262407,494.99858365927673,500.8577431560277,519.4537993126546,545.5134810023382,574.6714301789118,545.6197256426772,561.4438675044709,540.731168045342,560.2695289494216,574.3178101847742,552.012475286796,575.310587356163,572.6358036374622,575.7057342705352
145,589.1334263465174,600.0,600.0,566.1733940654638,545.1184325220395,511.9780119955351,500.30988179566555,489.4254665075782,491.5485714350073,504.8323627244835,482.38652475722546,489.50233421390743,518.6906734309309,496.6412233620755,507.777385480651,475.9686253682845,478.1489597686632,495.05670776606775,462.43963244937777,450.7962098293552,477.25319880679444,458.03678451279717,473.6380033204959,481.49468249542053,457.9528191125852,474.8723450913134,477.1180146035672,449.959820654407,481.4158188829759,480.85316092302327,498.0088193592335,478.24783794603496,452.8506626043396,469.7421369334339,481.90982943252067,466.09736757179314,483.33720805789324,483.6866663291884,473.08847429450685,493.1709015180831,501.34569384603765,501.85447946407743,520.9719762366449,524.1099614230656,554.8073717284168,577.0712702235402,567.144400315354,564.6887478535921,596.7020626622692,600.0,578.3829876344018,562.5842559320363,553.0936922873743,579.6831248174476,600.0,600.0,584.2995912242184,600.0,567.3016788158488,561.8979224781851
146,363.4988802860603,365.9656526993804,370.21049170581847,350.9888057848606,330.3077049798635,351.5573664053144,321.89114225410344,321.42116532444663,299.83641378628414,287.2061195447526,271.61672888679317,286.21328470309743,283.1347269337159,269.09565534494317,292.29029520355755,263.2959550939137,281.9412002770685,264.32309333008936,293.58443891396416,258.9735748898326,262.94000850498634,271.4985573869179,276.90958067220095,298.96065112613184,271.8121316919986,265.9010519924795,291.36262610387763,318.574096300907,318.4582045276206,322.51588709852615,340.98947793281917,360.56220553372407,387.7278964991343,411.79791444194734,405.80754634244795,416.2902791954639,415.1167472457853,388.3740498951945,410.89171429554887,418.01516137458435,387.07552564099825,399.45630517162635,384.2733776844235,354.1219422945912,361.5831663224463,377.83777211149334,379.04767271399777,344.44305186390426,349.8248434498865,315.2874787221437,345.13605981294194,328.84742085369555,354.81788309848724,320.6655333016682,292.4706890361201,289.0692703583061,307.1717868919929,338.15110592703746,339.62774298882755,329.5099929454893
147,236.9307251685288,242.79038819023862,234.393451705136,263.03279563238885,261.63694123118887,280.2182300502732,304.5929670253159,276.4723998427587,272.33164138569583,299.89186155655767,294.60373243893605,299.16453182665305,325.2818081375724,306.56335920585786,334.18407560350033,326.9760650867734,333.48839809290797,321.4511618375177,323.349495600689,291.79950181226417,261.3677000789776,255.39829341460856,243.84492805495904,251.9503547742166,220.0,220.0,220.0,220.0,220.0,220.0,226.83015716477064,243.90119561099618,256.8699602868017,241.20256695272818,266.0137054984157,273.84125805833384,281.8679271288535,261.76731874900554,243.7222208625363,241.9547360832036,223.60220825604452,236.76764981002088,223.36646566792396,220.0,220.0,220.0,220.0,220.0,222.96606018117717,220.0,223.67351816721504,254.15329710812586,279.9866298209697,285.3367186166616,279.60164050137234,293.4870274771478,323.1067807608643,322.37507551663276,294.32661620260507,312.95279023228437
148,223.98207847986598,242.50677205471314,220.0,220.0,239.71948090080681,252.9860002434852,257.31921929704987,279.76018278676344,304.3559785388269,301.38183643476697,336.1227445285846,326.15334030332207,303.1588839667779,327.37723498517033,321.46715455432343,347.6821301403264,316.9637742546547,289.7374220601196,257.556508345797,264.6972755669657,287.92776824512066,281.1140230977277,252.46270457469933,243.60552249486608,232.96875175864716,243.0117864921352,253.66240050787857,225.8740607154733,220.28643514226022,230.2624520195738,220.0,220.0,227.9586452151513,221.15959430229444,220.0,220.0,239.32566401258666,221.7209495250888,243.96075074961178,241.64429854873944,239.7487781525489,258.68491322574533,250.515459136858,232.20910058752395,220.0,232.03369133181377,229.9296691173156,251.58815076632447,248.62538036652592,242.6621276245648,228.5817735097964,220.0,243.13058612539254,220.0,248.1489406346152,220.0,221.5576634662546,220.0,239.5724984916743,220.0
149,435.05057896988353,464.2018061512496,474.6499316441195,452.1323291922936,472.89977300513664,468.80334548172107,434.72571716571406,433.7992650732625,455.67319248169633,450.77022664004926,468.86019017364873,483.2470020910571,480.230864304737,467.8606452565183,483.71844536586923,474.5427346075548,451.44883207856043,438.909246385519,465.2879898904824,450.1252277400994,431.5724651792309,405.91187013037023,374.7743192501109,408.14278404408515,410.7171619523279,426.7922741957767,445.9004154765861,435.5626051070192,456.4860188183047,488.7899159277081,505.71324544454546,520.53456431094,515.7909293716814,539.683338178297,510.90195443693153,528.379814293868,518.719362243868,523.3375363497133,550.8450002425052,558.1963694393185,524.987076564691,540.5694157513078,570.6011311855625,580.5419673573017,600.0,600.0,600.0,589.0870281884593,587.2784750860669,600.0,600.0,575.2789049481822,552.9861715195862,542.2642435234316,561.1850914959866,587.4337725040392,593.0505824022733,565.9793546797995,552.2417307775011,577.2333412309353
150,352.0708917426057,324.26739875886335,310.41219138677883,331.8816360477654,331.42520335910535,308.43529764760126,295.3195637281969,327.07025330534935,322.3072774722532,318.2192253086797,293.9340974517746,280.25289877477456,302.28092808057784,322.31485628880625,317.79977221481965,345.3554305658184,336.97355476021596,362.47662534775134,329.6862138886805,318.99233420476025,343.8471276661487,371.9387969693517,389.88847985477844,401.7790870374775,423.86443069983846,438.3935038753875,421.18897068795,418.8255537365905,430.0749035886217,436.221096586903,463.17792908551723,461.3470539126652,438.80617037428965,418.82691299319134,443.0508721133417,408.6613389089596,434.50046424873796,403.3916302410169,395.8077230072753,416.82005892846934,410.35313530603725,432.9175083998209,404.93842681662574,405.74638266708877,411.5195639270194,438.8803657336263,410.43386417736986,399.1359121471797,410.2902787899584,443.8853845201638,468.2645871972138,492.51924151592607,493.72201857566125,498.22295712171615,523.3235637073618,549.197354745335,570.3565743283829,592.6565635913032,600.0,572.964735176435
151,331.2029632238889,364.53091060064145,367.6652417981211,345.0177120010395,345.2316063250064,355.4364985962578,378.4120374718938,400.2644082935366,368.71131282680574,365.4580619148743,331.89789584796483,359.0688245046024,336.24224979090616,344.98347845264084,349.92676444226885,358.71382486726947,363.152988465468,378.24419588113057,387.07189350275223,358.39291077670924,349.06666734723007,352.3282078626557,340.0920276755281,358.31518961200993,345.56802966585934,368.5759218670721,343.84728233577596,362.7047618847872,340.54734273975043,342.5084123686018,329.9451184760764,339.55852899446916,319.45035768338096,340.12903901801343,345.2799096636642,377.2890304501514,392.11295347425704,399.6306412394846,422.6717495707285,403.04952931405285,412.34150157456486,404.66977104620446,421.73513958645515,388.44799825084374,383.3878450077277,394.00697813603205,391.25173168698325,372.9097433869458,370.41419100450634,394.8963077887732,374.3750389996424,365.07709045371746,399.4005769587264,428.29777878105784,395.67556272992374,397.7988004620647,367.37771234141655,397.0510569974563,392.9592008854085,387.2497911603686
152,323.7194920989381,328.53682072638884,303.6867313359263,324.6135813734146,323.9983055126755,328.6507079046667,352.50704024048315,330.46745441242956,307.73026954637766,302.1863866472669,322.2153635308889,291.31355227729915,311.97546655021137,312.02842810163804,316.35186959801376,320.8588852775559,289.7906025045963,272.2745583448664,290.1453799508953,284.00414831514513,288.24033707277493,319.38114061463324,287.6201643968485,284.0977899940159,274.38697929336877,246.83843912700064,278.3940435401865,310.6962148225845,297.500385615843,328.77054836407854,296.23270083477854,329.8954201583127,353.41066130691917,333.41377676370416,340.38207753912536,361.26303290497657,348.6139603855211,338.3765858320192,347.4046801235241,322.70126368886474,295.9760063694333,278.46237583779305,295.35055801208523,286.0125038608942,286.5275793765198,265.2091183530471,243.7965150675171,254.3281032139538,226.91437084474555,238.66322174989398,231.71235141431742,243.70131536755122,235.42237875863543,259.6460316141003,228.5349634591961,256.06577528604845,239.87205769271512,220.0,224.36830953175277,220.0
153,394.49718680996546,415.6591812343127,436.06745448668335,443.09444762652237,476.5454812325577,474.00805789977744,441.7652452246144,464.1250057113475,444.61557661532777,421.9522932451195,391.85298778277394,379.80598383747866,367.63711153127184,353.8311187689235,360.3546245527309,377.9625764056983,408.6062467110121,380.1897522186224,355.7164804927927,362.0054562295124,333.8749478009206,324.82844772426904,333.5471038624916,353.1852561052119,333.4172062272741,345.17619571406493,355.38707232336986,380.56020116145186,367.5225258649312,385.0289564071036,402.6689469180082,384.4125648573962,392.89361350048614,405.15495963727864,389.3649485208378,385.9909481963625,381.49538910431704,400.64105889028957,365.68944680425165,365.76130960622015,343.66516655568694,353.9441043195673,366.5699247275338,366.64878033608466,369.59084826099337,356.64492149485517,343.5775090458812,360.7357032354064,334.9568989552488,353.9621309837793,364.81305369591405,391.72628162179893,374.93641007578475,375.368943702919,343.0982095099653,371.9736697638002,384.2510720113413,392.8523394463422,409.14058351540444,394.04360348855994
154,449.46690212584906,470.5314358542162,441.8520469835007,473.96922923382164,501.4013054089139,533.812623782349,555.3970194145613,540.9987958853137,546.7076786197396,520.1190481764274,537.9107193930514,513.6654960125484,539.3431714572446,521.1821581331413,497.41099164294627,467.37429710131437,482.16985606487117,460.2041204482228,439.04086729254317,415.91962956293764,402.32528813573225,433.2100885247198,432.27360597942237,415.53506173082604,392.46241491013814,358.7855142895188,349.33499958430315,322.0393027801289,288.9301424769703,261.1387218924786,248.43522803994705,265.99568714062724,235.68472472242408,248.19189938538483,256.6298764014721,283.36919078414724,261.24828137719135,281.8470207747195,307.38758596808475,340.7414751837063,362.3399302450474,336.00370430239025,367.3027350138304,389.35217871009525,369.21494162192266,345.7787596601633,376.32775018819,352.2266540156015,371.6238909942376,364.9920387926587,380.65840737715183,352.08800398881726,367.8420841305101,368.67588054284573,396.70236751656506,374.890256723642,347.5451821818921,326.2806030758327,296.78087878328927,330.39141664361136
155,266.6855178462861,245.74508403791464,267.42308634726186,249.6958940463869,230.25642785972457,242.31811248826247,235.23167861905048,258.7152193850724,268.3940735814541,253.5691037773675,260.42373307074627,286.0760465790987,276.58985381777103,293.14280432446736,287.2511129508681,290.2662507953631,306.62525274123965,275.8621687329287,272.7086352968471,244.37358141633047,260.123969529377,267.67040809233674,255.55548431958624,225.89519025708472,255.70136259917896,242.75162303751532,227.02799745528714,220.0,225.41472463676064,220.0,243.99971575482445,256.79339060870154,222.06743401536,226.66465683198197,220.0,220.0,228.3557014091212,220.0,247.97450669672605,253.1111585634596,232.75411624386214,266.29303702196904,269.54394668474714,246.1269987335934,247.3339506454286,279.4883847210455,274.18310088000084,268.9572867126325,266.2361572683684,250.84340584918263,227.16825876223822,232.69319799802807,260.28721176825667,276.78829370135605,248.52141223598466,241.5808405598646,220.0,220.0,231.85636148298602,220.0
156,539.4121612561632,537.8290562040131,549.6708276028091,576.541393232513,589.3381148379725,600.0,600.0,600.0,585.8063170012232,571.6762853268182,597.9494616169031,566.7213576985982,597.621937065376,585.5161230788284,600.0,588.1020826846213,600.0,567.5531821109709,557.285503475793,583.0077767677001,567.1917345072883,551.4850978688175,579.3977249936207,600.0,572.4039836707473,578.0165773616015,558.6542405453963,538.7139195689364,546.7921986521858,520.4628301437367,518.3473602139451,501.2548816123467,526.0294546927618,529.8440509585309,509.90166914684403,539.7542648373704,562.357021965843,545.927478091457,578.2010416377449,561.9427658376881,547.4277843809764,539.4452191823109,515.9815846141306,529.0727143240243,533.0863271319699,560.6987008406046,542.5599666358619,519.4761286978058,509.57976618537293,484.8073740309391,516.0379460026019,531.2592147834605,551.9926306089019,569.3556842449481,551.3530264790361,526.1989911404527,521.2593419511142,544.2906804753278,532.4267534773816,498.0961594333636
157,470.82306680615875,449.82748176588024,452.825943133295,418.86754663508833,419.48703652859876,412.0396305323034,438.6684696210924,454.1954355821745,421.7174064253772,441.98397419009507,462.36989599639134,473.80856437970937,503.8593358929657,525.0870828295953,505.40998935173207,497.11820130343466,486.6128268739808,486.95637402473903,518.7163274385736,526.8082132299204,513.7139473893294,544.6201890763101,558.6391921743889,542.2648288181291,570.7207226342852,559.8156254804787,560.9504147713926,559.4960139696751,589.1501751006182,572.746610258687,561.0780825393289,572.2892953729406,599.3523945768987,572.3942809237185,552.0861272471003,583.4485410209963,600.0,589.2248837241518,579.2593202897258,577.1266912363693,589.2926562190579,593.5655335446535,600.0,568.7916754246099,591.1245274006718,560.1881220233444,586.8562967748683,554.8841072491932,528.8323774457094,506.44528347290276,487.05883822267816,480.1821833039959,491.06592378540535,518.5481605189498,520.2633572285031,522.5376390878076,509.8889959442855,530.9366256456949,503.6706616139687,489.7478842600418
158,256.8529372208744,236.8455945387094,242.90744834761426,220.0,220.0,242.81375680077178,220.0,227.56373449385072,220.0,247.74569852433723,262.27420110091253,231.43431730682676,259.1170850424788,253.09000766000128,238.96592908888817,251.06067059828877,266.3188450845797,252.54639946553996,242.16235768533315,220.0,226.5410495366422,258.5246832698557,252.68839563389324,287.42282834550366,264.7718506602124,285.49881279313735,315.4663905461353,328.63019523256287,301.2830354843235,289.1409302530153,260.13753717542573,267.2599056395318,302.13032228065697,293.3631452071251,269.76929818396343,253.57411181065518,258.5302496553684,263.35757473376725,244.44503303930867,261.9943648769564,233.15522528149165,241.7680450749732,236.56697150149992,220.0,229.4069326466958,241.52039192034087,237.32181261452428,258.1813099771033,258.8334708858373,243.83628253273525,275.58837198840627,306.6714546308972,278.3649522611813,309.59064203956814,328.8744086912503,301.33950007025675,302.69226909991175,270.1388608053437,276.3588557446051,306.6819906753782
159,359.91970024447403,360.5234624280551,341.4526852412424,344.3189220362649,365.49914884830036,345.56722802390647,349.3113013614227,339.1363307596767,356.48737622483975,370.63008256184395,384.5453584898299,375.9915778505375,382.94112905847095,393.517091916524,406.17406998240506,411.44201476503514,437.1183470426609,419.5342475915611,388.44072284685745,420.81596461802343,390.06732548169424,418.2742213871311,426.13416697392677,455.4459939459487,459.99276908533346,482.46337986982996,497.9536982962473,499.71154765249423,490.1441989492476,455.3443303974316,437.90769961728796,469.531376210464,453.81370556101336,471.4433765473674,472.03820956456093,458.63421649039685,493.0107579177635,461.2989643444991,467.0443617976808,464.3506369183606,434.7074855975049,414.69422000457973,428.2911581620321,400.87416224757243,421.9459199860523,430.7001895627002,402.7602212045527,387.83724521798,362.4396955822605,383.2717862713042,385.5789600301009,350.777055600262,353.78031090623267,352.57656880477924,362.5919170142546,330.0310008983443,297.5108063336576,286.9665736903326,300.1642404216367,311.8233069028454
160,325.7401600998968,305.86488821929953,318.6836800359739,285.5815715653401,289.5564047839519,284.2433097270408,265.9793869825055,267.40025323577805,247.60198919937426,252.10450158782123,227.53267012366527,220.9311739700602,221.66101744139658,220.0,227.750206832873,245.27227737769823,277.19742677447096,256.41627144697964,236.02494715445016,222.36310485046877,249.71658747245215,243.1965889309532,229.32215584627005,246.20481057782638,220.0,223.41701579158143,220.0,228.7400747519859,244.91705189631477,232.6662388844838,242.21544190611075,243.91845111338037,220.0,246.72083456067625,264.5421463088361,294.0579357048681,309.4862571073481,291.62271634032345,286.7595520998427,278.84034188098354,246.34787716523448,240.08624787375655,229.27610965360137,220.0,244.29862813639045,220.0,220.0666517169685,239.99409933635167,247.30779517333832,224.1623809501239,232.4371597466817,250.46894235809322,275.3024584881858,262.60822166981296,229.98271970733433,237.53909415833783,220.0,239.6626551761214,252.2543748317501,271.37745465906505
161,587.6618561221326,593.5801737825304,600.0,600.0,577.7221042339079,598.673676799535,600.0,600.0,582.0402392258521,570.3590253657275,592.8633972278935,562.2656690902442,571.58965261329,574.0729763045913,550.8905073633202,527.4490270115373,549.1628604993158,515.244021379953,532.522922201649,548.8096280919631,559.2872264377689,552.9534628534576,519.9359107001521,541.0602774806633,514.8597817471142,499.5149056382936,530.7897105136778,516.9199823698099,499.7797228974544,532.9156617739427,503.9309159206395,480.17924307485384,475.8614691165788,495.99858806548735,522.9037137915167,540.7982143793103,574.13046659151,540.309696573997,548.6751554233978,521.8193895553432,550.544781397684,581.0162859128415,567.2282611521073,590.1678586149171,599.287148892028,571.3213638059821,578.5151349589731,600.0,586.5665834304007,551.6464377606209,585.0218551648434,579.0006943863785,574.1659881354153,589.048836331977,596.3558134320867,582.4948762939259,554.4933277998437,577.4087041961474,576.2451065403956,588.318307095666
162,546.9917860452753,513.2323525952409,538.3893219812293,556.014990164203,587.2925126632555,568.6438690320704,556.2134326359246,567.516944618801,597.3224538250872,600.0,594.1716355409976,596.9177128414497,573.8562833744109,587.4345590811128,600.0,600.0,589.2090131329272,600.0,573.4242610926622,573.0021621493934,576.8239612629108,579.3799312566666,597.4322858341927,600.0,570.3990603305922,547.9886760711644,550.2454075170216,563.8637395914609,564.8559568462014,554.7415016870339,523.3209210092443,543.3325839627021,543.1361807555683,545.8514198938648,543.6784897126189,527.2526688148212,511.59881134690454,481.0438664544039,495.57579758853916,479.6068987078857,465.50619308008515,500.05120155028396,492.0580804579779,492.8068850007585,484.8600020540412,470.1733799811475,435.58293165842105,460.4249760026889,458.5457332834932,473.93805454315236,506.0440229572223,471.2422167539839,483.49498923308187,456.79983851545757,453.8573925532341,478.1321382156355,448.1368476445483,482.40979158605273,488.0682995543382,480.71784167853906
163,227.41390082745366,233.4915162987506,233.13384877927598,220.0,220.0,220.0,254.96343298201558,243.21144386360956,241.82699422789284,261.7614659914213,276.6559500429605,303.8550828921076,334.74788447276615,312.9903326404118,305.31832187621603,318.3955113135834,286.54721059371246,301.7333540262633,267.07519482635064,296.06138816507803,311.3332496469902,315.91819171953904,310.9412597806248,345.1029935788736,361.65881491403667,383.1693219400091,405.94627125644496,372.4775165865911,341.3054235409493,320.19097254135744,331.056204267452,339.732648001411,327.4940968376614,360.6040102598736,332.1214752088423,351.4918838028526,350.15328218081964,344.4716761788966,311.2612257025395,327.20720061595495,346.21748636964315,333.5445111448507,334.7319120865599,342.18286071300025,332.9180277134536,341.00876814460895,336.3976623037813,362.86255218845946,378.15847805680244,350.8934768768522,371.86569973296446,360.4910939306151,390.9808834728557,398.2168730573194,365.14733030217513,381.5527196592493,355.70412548722254,382.11284929423203,413.4959708232502,427.16388053530414
164,422.4916551520587,429.6360657003673,424.65592768408254,395.5067224251039,425.525767343506,413.56882477631694,400.46816893534515,378.8609032436428,413.3294806620551,444.3089912716755,433.76925716143853,416.9696338275822,438.3455009053474,432.9282044190772,465.6733679252472,493.75853899790064,511.9201329561141,483.2148332641198,497.36377482300486,531.4715819032662,522.6020592121298,549.3118894255817,542.8818181798152,575.874498229472,586.6258942406009,558.3809280445664,556.91412976019,525.3951424980303,518.0504431560579,547.1271281459336,528.381281759629,559.9210262253497,531.9156393498096,543.4524476450016,576.0504365755367,586.8411867368642,600.0,600.0,600.0,600.0,567.2389635645816,562.1506900609147,547.3292648062586,570.0222381860596,582.4526990667509,590.4616946333642,600.0,571.220746355701,600.0,572.0535295018454,561.3447577836216,570.4639143194244,559.3672485901477,572.1447880707533,591.424091414443,600.0,577.55405906328,555.2994277964992,523.9614097515229,523.3210384750007
165,272.26277516147394,259.5645645585717,283.3949669084025,314.8010928986404,337.3464092129312,302.39179603430307,307.1534929280171,283.81970199770274,275.1219857821758,270.07631187233807,301.0821649191807,310.44387615152436,294.17972979013666,304.1753686344774,335.805952063252,304.9470907496981,327.06622749868177,307.2490563986715,282.96661304314847,310.88729735029,276.0167593401428,292.8927611662453,263.99874985850244,272.25842051134555,280.7212036086853,306.1155270730876,328.69798187915603,341.6594858951787,333.29781722464395,309.9462195179739,319.4440243449238,319.23191025447767,289.6878686141748,321.5772009469945,308.5865673408213,273.7364208902827,301.8547421589036,307.24830374985027,323.5625508983725,299.2491877190494,292.5715849008723,302.7258709878346,285.29340055925695,299.398326722148,280.7513713093193,260.39031920911043,226.20404472733722,220.0,220.0,238.50495896762436,243.3846523993788,220.83236626062276,225.60128922704138,220.0,220.0,247.17456432036823,262.5224996865228,273.0995008556084,257.80334230815816,231.52405885091866
166,506.1206140339751,510.8729409523204,519.466152840017,552.7240851965576,542.1065496082618,563.1588766525526,567.2858555136087,548.7540517284947,517.4562349675562,525.5769974067834,511.4101269532136,525.0936112068748,539.1445125285629,536.0267452759158,538.5745434546876,547.4328234914411,545.2351695574464,571.6511119738815,541.9665322413648,575.5538034015184,542.8953672000981,522.462112112845,537.0436619386503,507.9908800925631,491.34297281308227,467.1213403465037,482.7713498136386,488.29668720534875,457.81019003079314,455.0195865089056,434.61479147002876,467.3536933287969,439.90794964043056,446.771811915913,445.50111842519027,450.9670332150769,482.9215327645072,471.81126421166124,489.2249103364367,485.54756373872266,496.8008767695101,487.39690501083055,468.29545937849264,439.14860453491883,411.2711921273803,443.43131444082644,463.6232778180621,445.77042531603263,447.810731894655,462.8070225991597,452.4846757393342,448.2838398105191,463.57057418060856,444.49237621332793,446.33648130599397,426.04265332403025,391.25808539511706,404.5765468846673,419.0850870581543,453.78567595993866
167,288.7858688700238,305.5564916246256,336.9142113300103,347.0348349067877,379.4546741396937,414.06554310913856,435.1792512331463,470.1292648425577,478.936976994101,478.73087547705836,507.9654132829737,531.1323221833527,503.84016731741417,490.0307525933277,473.27591102342666,498.1442271798663,479.4714019813425,465.7545360545292,467.06974185523086,437.3981059251941,469.68418090984835,469.05857526736173,447.3889359494086,431.34638759707053,452.2122498931719,461.59270350566146,459.11652520129917,447.3286209184602,475.3765263290805,494.45604414953306,509.7238867640234,505.94392208722974,539.6251326404166,554.330053415458,548.9837841645241,581.222427225726,600.0,600.0,600.0,594.6539249785734,595.1684602326854,573.5767739652645,580.2545111526339,571.1486695377689,560.4693523276936,591.8453264073582,568.3801667302381,591.4783176167864,576.181117587353,543.1870116187548,511.0194272067727,506.0618516877837,502.87411511817686,490.29169410928125,502.10626649878685,501.08026099327935,471.26817563646034,460.63315928038963,432.7705506498829,402.17464922219983
168,299.15651749902804,313.19679978033776,326.9169149811387,352.21415387838795,370.16350435271636,372.6482024609966,359.53104862164486,324.9378532833874,335.23747697353303,320.5174001065723,303.0244072275266,336.262195081721,313.4590085501586,280.7294403396164,312.18676800306457,298.60723854701496,291.1466420904605,261.8120853665,255.09665037823248,288.152140732031,301.73352098069637,299.9012601190203,286.424275339885,277.04735248955797,284.83332298677186,267.6448273691435,243.2811541538075,257.01716132986286,282.8800457281823,310.9877693176393,334.8870665491,337.0290442680943,357.2472120983802,387.09211332209725,353.72749459459664,347.57436983417006,326.8631534040837,361.6369683838003,391.7065890581225,412.85960563344156,398.57119199227316,430.2183505104323,397.2658813147824,375.4286607710127,383.60982356717756,404.1202934112591,430.97445312934906,417.0100558784372,409.36637795330705,406.2042960900693,373.09246338744333,398.5703111010905,387.2267001781232,366.1761919409988,359.8199863579955,374.55942260092723,400.523513158494,380.5998657935876,357.6827734860653,388.7475812334893
169,429.3393472821557,419.94338861159036,398.895750466079,433.5630980199697,448.90599811637827,429.1579696887798,400.5461308266805,379.4958949044577,361.83787717798816,334.61387262630035,315.6894685762619,288.8640479215671,280.30526698362644,279.3389351255154,276.2088832061796,299.25358799061416,282.03326503404395,309.12983270622817,337.6984300032443,369.8844098434994,347.5532362154413,329.75581645191727,338.42407586693577,313.286490191292,284.27998331484173,254.43878815704306,261.8692625836805,283.19673252437957,266.3187289105228,296.666101009328,317.10158656226156,287.52381493781655,281.0350339345536,250.79607455695174,279.85966560249636,296.85581571558157,309.91397484041175,322.7031041034056,307.6658792361077,338.01362010015725,367.60798617558487,384.372202831781,382.1973173268065,350.4954184821566,317.47721299174907,292.14661629641984,298.8501448549339,319.71710139926245,351.1097046184158,328.38505016774604,312.6720018234771,281.4590219172862,315.6923235989477,335.35637914372285,334.00636818702475,339.2959430581959,343.64815185151235,326.4534045715329,304.43075317207223,290.2190533356215
170,313.91834892253695,317.94531521304225,304.51951162183224,320.5456470349296,325.3014283349221,327.5598919139054,359.1504556101527,346.71912308677514,356.18801351357007,321.1915574054901,337.7762127148989,337.95428774607217,317.54123475598436,282.64697370598753,297.13305118625027,308.52210043479045,320.1005985883601,315.7224362067924,325.4732490106888,330.46668431811304,312.18933744090185,313.50310034369187,314.52459596701453,337.1781981433507,332.52242973030224,328.04841023394164,361.95672322317876,389.5691943233041,371.529213626366,400.24973025317274,374.90739619739503,399.64477030919505,377.47740668029627,372.26964110318175,406.1441552919655,377.9375808506216,401.722728248382,401.35410471531816,374.1235003195759,405.79789685692606,409.2440926266719,435.8889641613754,461.72645010044795,427.75087090629677,411.2897201559053,399.874230728826,402.3147139167313,372.345334605607,364.57301748868525,386.597686142302,363.7210641928107,377.81041741315744,375.0334760702666,344.98283439302054,322.3990189870474,297.27117020841723,305.65141945073,276.76412737252747,299.377402026952,320.84354119253476
171,250.42355890589732,277.59736274701015,309.73862054434403,277.78138741703117,309.3044571866094,293.86680904388743,305.4001449001108,282.6372471366984,304.85915660902066,328.7930905182503,362.27698888200496,396.7543312339632,367.0643707782852,378.12182286775044,362.2350552684109,336.0255002625911,311.44117957264797,341.99178629763634,354.8472329818105,323.3794995496434,357.2756050198699,378.8224615651199,365.46501296067066,363.4256815130697,379.2860000572127,391.6082460659739,389.0239089829704,389.8912020319051,357.9157396610554,357.9600667751418,346.77734919582434,331.7309332290713,315.6045029628443,326.0307857777957,321.078819228288,315.88498781824273,292.02807721284626,324.3585269898995,305.03336116143805,298.46100562349295,276.7753391160747,290.99533878331505,286.52435103557485,280.47984676684194,306.73648874407667,324.9000782296184,326.291331931861,324.0926602147406,356.2857580605345,388.2381095889211,402.5720703426132,420.7824251966635,448.7189287674306,481.22054167838223,451.9797753173399,486.7934935902806,501.00504863813853,507.49718843155244,501.4188872044353,489.9661797624579
172,525.5998792391114,536.4103331973743,515.4596950148789,523.1534676142593,498.03509473476186,497.8163325901909,503.6583672386163,513.1562521906985,488.324605471339,460.0165024768929,443.12607409516795,450.61816234599087,480.8359593239555,500.3746064869802,517.5743432490501,505.69060736809024,478.51012395235136,505.94588238076904,506.00562773193303,478.0413869662307,480.4891980744332,492.76791506100113,480.16091713316484,445.80834235101935,454.3208297013627,422.12751599142666,417.42304635240976,440.15731232128906,475.07664658526267,465.9978505641544,432.4067354191682,431.9099525548823,416.2492303751218,443.74348132636527,458.5487018493038,451.8513306657205,470.19330682999237,459.0777176545976,460.6011686125629,490.19613819850485,469.2071468350969,456.12120696856636,483.1127458454535,480.44423106718233,467.69644907433286,435.30735598720867,429.63406861829174,429.67614641410836,423.1194471265845,407.5415934905236,398.38070563929426,408.35184153805466,435.7414219354648,446.21872951588995,456.45010003405355,478.631340372715,455.1913348140436,441.2681688761133,409.80953768435427,399.28418346548114
173,599.5530372612722,587.6049049368625,600.0,571.0044399751303,568.1843054086502,557.7867059853647,536.8975064115639,527.9729444055444,538.5624122045207,537.8839774467572,561.9873596313495,590.3336221107331,589.0661202925943,600.0,570.0414534475609,554.3851989410982,548.5549878696985,554.3440935947814,557.5591754867062,562.3175489514514,590.0550995340556,574.484662970787,596.664425161991,600.0,599.3343338045884,585.2932735983712,571.5780897915714,563.7716807927135,582.2174149596918,580.5887170911508,556.3570750590883,574.5474974730843,585.9840966271951,600.0,600.0,600.0,598.5531190932847,600.0,595.5281944240128,570.1781479355205,600.0,600.0,600.0,598.6994525129863,600.0,573.8742445494627,561.7021824193813,535.4311369727833,509.2528936996576,475.7472218410617,493.6597609009702,474.5713646247327,497.81190495961084,526.1223209510721,502.92194512670454,517.5424280902204,514.7638290845247,544.0911101029483,543.000313669064,534.5214857200584
174,331.9347452314608,360.1882460474318,341.02079728602877,363.9608326986928,342.55395402914843,352.59173382689283,349.1663286075866,321.48893585875413,295.3042461609478,280.0098866550447,298.6755046018296,314.7013047604252,294.0597223589409,292.3938759786239,264.18296336601355,279.29920339883773,299.8303458500558,327.37618585264767,354.37840349995986,343.03086500018026,325.84823334098184,353.6094895732276,328.82997781059333,297.9840628290772,284.98107129081137,303.20207436483776,316.7960598157202,350.8899293476001,341.0572793251556,325.36659136513714,316.841124012282,336.5990623124138,316.6000588908935,347.9424177881452,348.82087106522386,368.64102076943675,391.5493484833109,390.0664066969534,406.96240332513446,397.4910060006167,419.255966999741,441.92917760296115,446.56358496365044,426.8339320747631,459.74955433738864,491.038145249656,499.42558337020955,533.2972534248811,533.4929941722673,524.7769004170896,522.012111520966,490.2256027939517,493.664132167347,505.3004030067708,477.96680116791623,460.8586311866481,476.3415188762051,496.89283136132565,530.9035248154369,513.6291828277895
175,539.7469992325407,516.7942067905324,490.95569446843734,506.9999451507308,503.2110111516116,523.7856560359016,508.5651917093094,488.4887631062883,491.9046751739018,464.97640840086694,449.4888533802717,426.1254441823519,413.5287547464228,432.1136641560312,405.5656277605804,413.39645210257635,419.3300770364022,421.9992210781122,420.89655332126154,432.36679561444015,456.9935414963431,433.33610618076193,455.32529874677346,424.6285938508571,423.3773053398465,424.17989180220667,403.01090001519805,374.2880173901557,344.5317856724938,312.138164625524,317.28967631385274,293.1728990526751,314.782231512771,342.7089219851084,328.17749319911655,304.69014329762615,298.36297459103196,325.0728886809511,318.06023151483737,290.64377223579095,324.57053872916634,324.54782171451535,313.51382469787916,341.0672799869735,370.985524558062,370.76183721366795,357.23198477920647,356.0163521485574,336.3660887304705,334.84275558619566,315.902932983523,324.45712625901876,342.64936893389637,375.5093141131852,399.48924696449205,370.5186861009508,350.3252876968669,352.54371774837625,335.5750873416062,301.58065183743724
176,506.82056096618777,496.8646014973177,466.49160376670807,467.1101529232926,500.51476284367993,513.0124666932732,489.1260946202607,490.1267856353395,518.2473574778835,487.0444141645297,496.6969382180753,512.1860475027381,526.4668664547537,501.9787957530496,530.488292973118,518.047286263033,486.66922790040337,457.49469331418175,454.52511004016065,422.32385018569397,441.8925264294724,467.50017184739465,433.436294098886,455.137239331793,488.8216921687509,455.94746344615334,471.6951705695265,506.6317560853611,527.4300571259379,527.8050473383976,554.7426553835163,569.2979251266938,554.7695406589215,535.4719254043304,536.3500328936537,527.4593695751664,515.5221289317266,492.9768661026085,517.1468863246273,531.4979013697687,519.6904042458807,501.32709995684377,475.2967538674483,448.17266069451296,456.9561336597092,429.573336124394,461.7882198027817,446.3276769156264,413.1340171563546,438.00709782537757,428.7382155348986,417.7458273431458,391.04927017029263,402.2788142456162,392.3943502568766,415.0039673265472,424.14724858065625,450.7411132622339,459.32039432139925,478.86987040178167
177,484.68492826379554,482.06639798864217,495.2735774258808,506.7267686549648,472.19602204979356,486.10067776074317,469.45184288834236,472.37944042834454,445.1727076171044,411.7842827271682,377.8426623414581,353.9162782075636,320.3087536702742,294.5765731298455,298.7187255049737,291.73782371508344,325.3901922964292,346.9987975116333,322.27310032583745,316.4483578681113,311.6163136275438,301.9644881541338,301.65577280142134,313.5469909826039,323.4092710787796,313.40621256812835,327.75940618852496,313.02338409496525,336.50613319081185,369.0121762192937,354.64374203071634,374.57194072464654,396.5117469946874,395.86518321212895,367.007495027842,387.0402273347919,380.5637040110683,360.12869329619093,368.9942095754455,364.579876973099,335.7099483807117,369.56717241538115,351.6935033324713,352.4610572160465,364.1712355372182,337.2274910451266,353.98619761537975,364.36641570411854,363.92911851559467,365.9122179324023,397.7478698532252,426.5107184620527,399.3495511330428,390.1621948477258,391.3361950715991,420.7345042847238,442.893937346507,434.947726556116,461.9824549418612,453.4535006361098
178,323.05331560563764,330.7457994646696,320.6589223017058,329.2274514962868,322.9053367494525,343.6091765233342,375.4109446595081,359.33258718050814,360.0332930776078,375.74356354878904,351.8399002132895,372.5533305787053,378.3613678938852,353.8432045677309,379.619275644017,374.48836381082367,351.8517180255491,330.5294635292546,350.51491151289736,381.0150427538458,372.4925373116363,343.01050258314257,315.0681181449126,325.8816137884822,316.8342335297595,311.663438343965,300.25675481435576,297.8444544336262,307.89291613523073,310.77265760856574,287.26955729916915,286.65976293523545,283.90267707267935,287.1042844364342,259.8511866092611,235.59808522225256,237.71517768980885,221.99563066828318,231.02784887807746,222.1204456656187,220.0,230.947635182913,223.521172057889,220.0,241.6166285489203,236.8397383847633,265.89466216534834,244.4327271614265,270.7772435838796,292.89094153281445,265.1650492189906,267.3827413145128,278.1405415247641,277.82429515567196,270.1427110486875,301.21165996414675,315.2691201461021,347.8800115756165,372.1161333353399,394.3153312104708
179,495.7402703140037,505.96581726417236,533.0461636420376,540.9848477284521,511.25503579321554,517.0344821227467,489.2329427338209,520.6840176423907,530.9508459694807,534.8460858084156,513.6935650997318,514.7972585909664,503.77442885902036,516.0514606196252,523.3601464417802,523.3116427422743,506.00351284337887,507.80553197145736,505.1243139736231,529.7129253959858,557.3165392913808,575.4639800789694,562.8387770418311,530.5050427711019,560.2785599181734,594.7194175342803,568.6108708968559,581.60399256168,576.3642500459604,551.7606783846959,586.6277701522856,600.0,600.0,575.0727378059102,574.5074545785197,600.0,600.0,595.4221262304109,596.5907230919813,564.2928354210552,572.0990377980556,597.2791239670739,562.4746778249637,538.6722052603044,539.931513800677,544.1990166221376,533.2336807837875,500.1890943834053,517.241101071894,499.24585934905406,509.36627048211017,513.5065423575455,508.6652081297403,514.9854733592258,528.6381854371722,533.6952876933896,537.7220679405773,533.2475102205733,528.3499267936214,527.7175457456804
180,391.7896066192951,387.5213275207861,367.24723250551506,382.9858869794049,357.29255980307016,385.9022893898528,394.6415241439039,363.06457168253314,374.19448066491094,364.50047897031817,394.58401807696333,425.1093021312429,449.32428886094215,454.0737119991188,483.4161503904836,493.9027236255837,520.1617575085614,496.3654814575414,524.6581033977257,535.9694520173084,522.1986266370191,557.0455735396821,570.1274512544952,598.7165753159462,564.1075617843375,567.7712504527805,582.6485341028697,548.6101163411795,566.989262099779,577.5906356215143,561.823811373003,575.0499576173454,549.2130303471315,571.895634260948,597.5313924690432,596.514777588538,597.0357293449205,590.1795346055651,579.3529135698311,600.0,586.3411223051278,579.5406231349352,565.5347638860511,576.504657141542,598.4999403193527,575.0034482054426,557.8354243181088,530.122963915121,506.33584090700344,499.8175546189035,519.1288948985432,522.0421503463672,490.7714897984686,499.5275622763471,520.1988540985295,512.7416002088889,494.8924823049406,513.3681232787367,480.0415600060015,502.1329317151028
181,525.618640986796,552.7776561353905,524.0412519790443,496.5843457123681,522.6770433872681,520.945437088622,513.4091326073826,518.5396821665082,487.64049707745903,497.7006289701847,528.8564497214426,541.1568423131362,538.674300174779,570.9359693775832,584.1321183508221,553.1193488505268,565.022606077446,534.2013164701519,520.7074082654497,528.8052518936399,508.8983730267204,476.5716159483213,484.8283741629134,469.8383839647242,472.14587966846807,455.42607019179155,468.4760894768084,496.1751868579877,467.2347230536826,487.27703103551573,463.2036848939402,451.262369996492,441.277940704239,420.71963993551725,390.98604379592985,409.78009741432675,430.33402516345603,465.1123554899177,495.5346529195906,490.9596225565282,465.2967835744523,431.0457841358191,433.2520118306196,458.491660588919,442.2449223595554,421.17081811872026,416.89755414267785,444.4448502093343,441.0620184332654,456.6519218531054,454.02875656533394,445.13587826634,440.99972208107,459.78775936820654,477.59618327966723,472.81925578274524,456.55247556275185,431.29136829861403,396.38724690488027,369.31527772001056
182,282.56900077292124,295.86464614159746,318.11875752661035,334.704954162795,350.33124786695987,384.9336908976482,417.3155326501176,401.13483630916414,376.2918887775491,352.02276543304725,379.71523238283703,351.87951173974193,340.68960356144134,342.8138605509164,350.75539580873954,357.45668045578077,377.5052210055755,382.52374945356917,407.0970072067691,378.021122891822,403.1487046410321,409.44892589542235,390.0542055049469,423.49622871379756,454.27762787481566,478.4784353919755,507.2901648849185,499.04008535809,479.9864264295612,457.78969674570743,483.95289454147166,506.81708896454774,540.4827757979933,564.8604228997801,574.1260368746345,549.085759435643,525.6250871204392,523.7840539961854,542.529741176291,519.6590184887338,548.7452440437535,561.6105951778334,548.4722315090827,575.4754029603212,582.379528732987,598.7006224747458,590.6815769126349,583.2301146645679,549.1133445982708,551.7664861911214,570.0222625994921,600.0,600.0,571.0893763946929,600.0,575.4636482300596,543.3416491175054,560.7667376002812,589.1787891233218,600.0
183,533.4909209511605,512.8343560509571,488.6145600655659,457.7423534955676,463.48018908815624,462.5856714195691,435.2355240101151,432.7734223171245,437.48607365453864,453.0928987002735,447.08672860261294,434.37139989810373,445.9689437688928,458.864598782081,442.7945977489683,409.1822135055671,440.3805533875435,458.25060183968554,437.32790525212033,441.9245008216909,448.5708279690158,422.39003220871336,400.80602832248246,432.77548447494763,433.3362446764105,411.73720003395385,432.56743282053446,430.5075639978776,440.19640982696615,426.0215171816667,395.0748040596063,371.62089970908943,404.73348292930837,413.3846734372834,436.5606373374918,403.06700639215916,421.6493814729649,420.5960261308953,432.16757751187913,422.24193033573334,430.70274821305566,398.19613195819875,366.3873418357685,387.3058905291289,361.01845927515967,326.9973346961892,355.86928897075495,339.4565123628026,345.22326379355326,368.9474517312486,386.1609472910286,354.4248947477939,358.69130380791296,361.6171545045937,351.12276697932606,368.87217567511067,401.35257173339704,376.655637508911,351.82131777101637,368.25283913327723
184,392.6782358631857,413.34356100376584,388.21899367906076,356.0090217690155,369.86440700863034,404.49418071541805,376.1300554361171,401.63370769765004,393.6039895517891,359.77925772230657,360.4807832302913,345.0005777290287,358.5387976354413,343.68694120589777,342.405949846211,321.44551744030423,344.41264050335343,374.192842834121,367.42634562927344,363.8479479090322,397.63580503383946,372.58388840456587,394.18725442586856,398.8967568353854,425.54816629867855,411.0181644365624,396.7492220719864,384.5566184358649,350.72079419847176,327.6132971339358,362.2343620123236,344.6607621771989,311.0549590204436,295.5527810031383,289.1400927620594,292.48520231182624,262.2848237024061,282.6148480817397,305.3999368555337,285.32117737655284,306.21045055300135,296.51033407388934,291.12804652567377,321.6752243276549,349.10853169485614,340.3662816181904,339.5340030187726,324.59066818108204,325.6710662654884,338.4046194639344,309.8913582732286,339.2802371055269,354.6014148756545,326.37410269696454,352.2033321354835,369.26113277248174,356.18000995077415,357.68032613162563,382.88947227490223,415.65826589122173
185,326.8094104601003,337.34848322301303,362.5657679025063,396.7374473215125,366.68774152675434,366.9412791342123,393.09788246297603,358.318951163943,353.925416536324,359.8193272246983,361.6736488236613,377.9677368670587,347.5542829538374,367.53345360484644,352.35539113419026,375.0514481908672,369.4156030654153,337.41990449162506,369.8939380886218,389.53238842341506,378.8795106831795,362.7814264584649,369.0088874499687,403.11950964764253,388.4311873402249,419.81016551245557,407.9372638857568,422.2241074538028,413.9455124992456,384.899168179851,415.43242377278125,391.90738340294297,423.03578616277485,395.2672639777947,378.9535851247496,408.4182300333685,419.5160904368986,397.7799309458173,404.226462747687,381.85384731017575,408.0647920470997,376.55279456079626,378.63723340522114,348.0803452132835,361.73193778801726,392.237744251574,415.41239572858973,406.4333434892742,388.01668687285735,361.48861133993915,387.64229045671647,358.31992949003535,367.33797290047903,358.0466957652485,392.751178051216,393.3688099975002,396.78417647673893,426.03639142777854,458.91097465533613,464.7655269319539
186,522.549188402093,531.9828608396842,526.9008933192375,495.9129683284663,511.15503947639115,525.1734335416365,498.3425950098473,479.4474162567929,495.6963893380223,471.1762277696401,484.5416801799317,499.8000835642731,489.5341534800679,472.6068829646278,463.7196417418807,453.86340523938327,461.35479163870406,478.4241726190245,503.74685705854995,470.84631693869795,486.7049259545538,473.69794723479504,497.4028879845281,467.7030751663989,471.28529087851354,474.6924421612945,462.54824451356046,495.469706328296,467.95432691010416,442.50213325754873,452.600305130728,453.6012508557837,437.11394985442695,423.4129756064479,399.40460721606524,425.1480969398964,430.0144180596747,412.1528383904429,404.69229143009693,433.16024523143875,460.23912654715315,430.0765949250777,440.8636046046569,416.57158657253757,396.3334221609156,421.8279536181647,449.49127584148175,420.27970995405815,446.4543430175667,462.4488917165924,481.74861714526133,502.1756900804681,502.68201910212775,533.9655541113019,512.9907263899436,513.3382839161716,500.6369645083599,523.2071515045354,493.99620135354985,489.3536954382486
187,513.9215093732253,500.78537318226705,482.61871308119845,465.99715391684117,480.94846143529935,466.0232487440175,459.2110969264261,462.4078630471685,493.26106857343694,513.865397765522,491.83511426120316,518.6510105386136,542.7847308615778,559.9504472304186,561.1338654644547,531.0209123324665,545.8262792297081,547.110231159306,533.7944759665629,499.4901359678421,480.6635646221865,488.06187705274397,460.9233380959809,471.8026475588008,494.17969377634165,481.4521776278793,452.1911653897268,426.9700807195621,417.02370599700544,438.9641036900954,448.3636140699882,474.11574943672116,508.7256473208999,487.90528152384104,501.5427820604166,499.19895106482215,498.74241533109955,486.53311358035586,475.5089686303146,487.84870501815834,496.3049092218795,483.60015916579977,456.90082348313575,462.3777135947099,479.1354577422519,483.2389830572676,448.4945301992325,433.2566160723987,452.75716984684954,469.73554421622123,435.46426189412574,433.3849981873382,428.997270272862,439.65696661322795,413.40556941777777,421.90463571953666,453.18889713081023,444.21136455387773,432.8263137900608,399.80545979609224
188,241.81012240306399,272.0201936881443,305.30532294585254,270.7002419764136,298.74782002043514,275.9250221680926,280.22013247404266,292.6899971210551,282.8241068602957,284.85327328424586,293.78122645511723,272.3560674120528,306.9540309230506,286.2257594140346,251.9494519420979,283.0493733894303,278.0883124499203,270.9916927747738,255.28868506741645,222.0969199427982,220.0,220.0,221.42304742067057,220.0,246.53253453928158,275.325624874392,262.5264694014921,294.6952909727743,320.24068302119906,350.1751201786315,364.6182819457773,343.4973109785652,322.16325646460945,350.76886588048546,351.2620480758965,378.59475957665813,394.0331111199103,373.908972423365,365.84215982777175,398.58992487934734,364.96071818039263,379.9815885968847,413.4961673921491,385.7864536068031,369.8259534530846,373.11687190076793,397.1804168430369,397.6362477316778,366.8079710212978,340.7108736544786,332.02690947275806,319.60475663599647,299.98226081854125,323.7912723515466,290.6729902139581,313.7270875583535,343.24469971355694,352.35247143213144,361.1269993332749,336.55823924225865
189,435.96074052011613,427.2229480957805,408.2564314021942,414.0895003120814,379.1728330064456,363.5217284143967,374.4446701145873,371.29751285010127,346.4923506854127,311.58461850790974,295.51537049280734,298.94952190966626,301.36771146762004,275.5427444236544,283.5015444348225,318.4262509105778,324.366934348855,326.3016066485028,334.88592530000693,361.4628876182582,392.6828417469527,360.5551878496388,339.90475405369955,313.008238534117,332.0730035333018,300.262403659938,328.44684994931714,294.88572549253627,302.06400239897494,286.3543359775936,284.29378272346787,280.22579670380964,297.6483256544884,297.41327272868267,291.8987308375412,308.018128018446,337.8246123697859,358.39918047643556,374.96937268161435,374.10991836111,402.12502424080316,401.1669662603213,431.28697123240886,452.49152960192157,428.00974609463066,396.2991981855453,413.1590962661699,426.1678375781936,433.3140591489319,466.65080875014615,469.8290220941834,459.18201279127885,463.7296223488594,430.7184450242413,436.2669414441623,464.4370557970339,429.7401605933037,453.91142744577184,475.04645003270974,447.47366911843574
190,541.7955873862527,560.2437559875914,559.6170080167806,541.7819837047647,526.9490128141143,534.8082575971537,517.0495375534384,504.8244348506162,534.9831250311378,551.0361281865755,567.5613116667641,599.4768612152817,564.8824426015005,546.9964516375861,558.0546290448137,553.7336364204136,526.6299827896796,546.3163408146959,514.6114182002907,517.6809960535548,522.053499261531,531.5707916342767,518.6646328248036,485.3166987110304,512.5455287366782,542.5898643746701,541.3290752579547,507.77390000166173,513.4348812173032,500.5499708337077,478.3239612120665,455.15064715875087,432.6985279820726,420.85739802262447,405.50081312111166,429.0505513928349,428.72258091013657,423.65790538268993,398.8662543807027,425.17860989918415,394.0161643047494,375.783359425963,384.28641872743526,398.4482886881611,419.5292489255014,413.2496400284089,402.52144609330816,387.7200593507131,392.4866863261539,381.89117938632927,369.8577762336446,336.04013597412234,367.4222551020349,336.66385220447273,320.6248584862385,350.12423240008724,366.59860606845143,372.06839236157225,383.3253662852484,355.11956998214407
191,527.2859905889844,509.79346391376663,541.7284423652876,522.924664630869,531.7001737670968,534.8728882079487,509.8901047857555,500.29500653293235,519.9854993646576,499.86666454459515,532.2666765835319,517.9505312888643,526.8210474524703,535.1417402237608,533.0962171753224,543.9714496669255,561.0218357347995,569.3520437286618,573.5516670820404,581.0155856471338,574.152500075271,544.1136217744795,520.2925083172743,527.7617913300529,557.6639637992739,524.4658021992567,527.5482659936104,510.19256630425366,514.5143596881696,531.9903747295288,548.4720939814002,564.2140998286696,583.7387424444303,553.8214905218973,554.491938896154,537.8164328722044,567.3053721423732,587.1069176837362,559.6350569988235,541.6622860309361,538.5277039158062,570.931307442256,543.6084303307296,548.3664961286786,537.2566220508977,547.5004459721767,557.9099168637661,539.7513209316473,559.757978953072,531.1463519465085,553.4160729226218,533.2537530231864,539.5243039176021,528.835984800796,536.5205726643287,520.2398220435351,525.0672790800709,490.6411572950204,481.8529693282245,504.7002258625777
192,395.942502872093,395.8907798013906,404.4011584553701,399.79583037374886,425.49120131441583,418.72392820378906,449.7025986008166,476.0882602335147,470.56440501964363,461.17046624154824,473.53442756456,491.40589997174436,469.41621038446556,451.28937460751933,426.52705077291387,444.77548224609615,459.78361279463206,438.0173797969184,440.59861482772243,459.0953699719604,490.3873763639965,467.8839621531687,454.18704674544693,443.5708316001821,452.31924673950675,426.8685662541358,405.4086011017333,425.03917971917235,427.9829363290973,404.20997253608937,396.40026489666513,370.81485856988644,361.20315865646535,354.21710932127985,327.0648381350576,296.25317796808054,322.9653102861077,350.10067656092303,315.28119782580853,325.1654845754981,296.7230151032267,318.432930290419,345.0022977411816,353.16535861709747,361.08624062130343,352.08994625506415,334.55277411046444,334.5017321511917,308.86193779455044,320.91768043481443,318.8237631113947,296.25586853355986,302.43786622880964,323.11081478981066,329.32677710650984,331.4030759224679,355.7432993916246,321.4961763416827,329.6685102901068,323.3469631137265
193,293.55513648991433,327.1255859959413,320.3925540362446,308.86095090720016,285.69154168904544,320.5351582762293,345.4587531983067,315.3568225055533,319.9595938344561,295.2776785957387,310.38237764664495,309.26821769487555,281.9954451888249,285.98816757732516,314.735463154522,303.6190909178427,272.1754839511812,303.33998173970633,278.26592490036785,276.51956496205423,279.6469639114341,261.2430863341221,238.66234857679183,220.0,220.0,220.56885833762414,244.51031271602628,220.0,234.04333199118489,227.9267859208369,220.0,222.5180617003305,220.0,227.36778651283515,220.0,231.65166227840712,260.94689768357915,243.0650170292813,273.8538498584201,253.15547007594336,223.10411183157876,220.0,242.0441689660884,254.47310613460633,287.4314968629065,302.11940859265167,296.003597145216,323.47376533451734,355.54276160910956,375.958606076317,379.9233770847741,402.7269817761635,380.2601112895632,408.28461289462024,443.2537416686778,454.81355332055193,433.52578609115255,408.6363524448251,440.7953608368494,466.79005833263216
194,504.49796359461146,535.9363113476902,536.1745740484776,563.316822258643,539.7142442378296,517.510924505345,518.3749377015722,506.65061396068893,501.926962721715,522.8007517627523,491.5392747287104,506.99834312832644,478.174391920062,502.49946543969145,481.63245189718873,498.0781763215484,504.5097342506867,496.503281745786,480.2308192751101,449.2529714137587,438.9895858976692,418.0265988597515,392.5404741363903,409.2353427176297,389.1113920885537,369.7324554286855,358.56615705146856,355.9518782249924,356.91177032527145,368.4300091441004,374.6265524927553,373.34442407362025,365.92023909824314,349.52527393328955,364.2212568911023,351.44634931866466,375.91704686547735,381.9484187776364,391.32451827460903,391.9398344360504,421.93875896169374,416.45044876493586,411.3382405042527,438.84925520828085,446.1927396754929,442.6331497761827,425.9837277923538,408.1368389459881,429.2372409088546,413.799866342515,379.2015046637506,345.56374941463326,379.0519322263928,383.2405877899989,382.4723120201566,411.72363685773973,401.3417547870602,421.99158396292654,437.51827085753627,435.9150246200649
195,514.3601210343026,546.9646081657871,526.0071244708821,492.23278348595363,514.7345919244545,507.9856870235915,511.09386156964206,491.6662240209193,515.5914373506207,531.0758747857105,562.8115387593464,561.0791697713242,594.4387206645822,595.198598172755,600.0,600.0,599.2840019004122,600.0,580.6314945291043,570.9969085984079,585.1364357548653,552.8656629561207,566.89458135383,553.1588764718041,537.1873850179996,550.7315775226824,530.7777389131354,563.0955794253874,597.4431117853024,594.5101403349046,587.6094238438651,558.1420457917764,577.617353657369,554.0080334156056,584.3213836489313,600.0,573.5686846057198,586.3790963522093,583.9985357619503,586.8787455566867,564.4489731325214,580.0954360936653,556.7583265612237,583.7293250032853,580.5075480073066,589.9483149630347,600.0,600.0,600.0,593.1874353490352,590.5368938885945,579.4540080613323,600.0,582.7000490903354,576.3542888721234,595.8299635976988,586.3338806815233,600.0,582.0150848102934,549.2092237299516
196,458.9254226557101,459.50316469716927,489.81723028952683,484.4364931022441,458.9278111593177,447.0099987665622,439.53482546379183,445.3540524315982,429.5690868078405,433.09101922000684,461.6542298096243,456.31535429552446,466.9252188711586,447.94811996996435,469.0410131231859,452.91795724839005,458.50415279377904,444.521475675067,414.2396401793963,401.6160320186685,381.4581782684629,408.94534205664695,392.576690081317,425.7863128051415,425.2505196258821,405.7250672856175,398.1191566072162,375.9593348320473,399.3171626012291,372.71501145268235,398.8619540573613,367.07614744900746,353.04870265606075,327.8407730730551,340.8093612875067,341.6718824570196,372.42565255637055,363.058305832016,330.91074237705055,349.2268768007099,354.7919222780101,377.71239364511905,372.5420936902716,389.21477498522313,366.1893744156859,401.15623325391476,378.3115214947524,401.39756543087304,381.26823725826387,401.04379617985563,426.33146537177873,452.6963288064625,450.9966200903848,446.0135282085486,469.37890731770017,474.94315292425716,483.4325311284541,464.9572296130576,461.1882206072401,452.0496427719152
197,472.822192453453,451.57602205479674,444.978656925357,469.389901055228,472.64109845142525,500.36417686416206,481.6410979411297,477.4343315030086,477.46346712666593,470.50318563809896,483.41773500242607,458.828121813969,460.18614912599907,434.9002136593197,443.94403787444855,467.06140720366125,433.46120047221075,430.44673599148615,429.9359874182068,445.35378216392644,415.58417740217897,409.00563209108566,428.9893182731646,431.2394375789258,448.72867074685405,439.2093553658701,468.61549309787995,439.029661173246,410.41116957944183,412.4051829230751,410.36285235557074,420.05557927811384,401.0895087098591,381.9114890782404,399.34915882211965,384.7727228714468,400.6831443326469,410.5326332882175,381.36553402125963,396.14460880278483,422.7106850251996,444.8759230395332,410.4962536518174,413.2762270815211,442.2098319056606,449.12062909960224,434.44345404531936,413.0615789853052,426.00790604015253,444.9956814700536,473.87661501427164,502.276775861589,491.0263874896891,498.297772695094,470.4041157052236,442.0164942166894,412.01929389272766,441.9193911188815,417.58966095480605,416.35249484901004
198,384.56749862187473,372.30147629574054,374.94262196034106,340.13798429349225,331.7484379758641,330.30252220873984,351.53382924311086,365.60126929422603,390.08459557548304,381.4254720440415,356.2888589898587,349.3628114651724,381.77698583992293,361.77991742393175,339.0127928321162,370.1164021632515,401.6110180999664,377.05759791006045,395.91929821864437,391.0012735116483,390.45637363199285,390.3645438840631,423.15055316234714,401.0768311598533,420.1912926275506,385.5884802127232,394.5911876963396,405.2786460652738,423.03808072682193,452.8554461232507,470.6239035191455,486.8739825279111,469.63910867037936,504.1378883123829,501.92650507705775,496.1480122366034,496.27944236599996,488.8633942687578,495.4180242545746,484.8917455395265,466.6878849656482,496.64752809134995,526.5955216893068,526.332700583955,558.6830146600562,552.7832158491613,544.8997366418246,574.0831661418168,583.387356353439,600.0,593.8920682094815,587.3821847228025,558.2134440642695,590.8855159872337,571.8426436661812,571.4413381205563,544.4640571497813,554.750810084587,547.1120916019307,565.8484227884006
199,420.78388870542665,394.8474407683723,360.5992763700185,340.47068413103983,356.17493876847175,379.1709277005322,368.0643801967052,370.579135183005,352.3800655151039,379.0110923795012,411.57559259314394,429.28139425402975,400.5034646954579,396.10176533878223,430.4371630612806,411.4941011132091,423.42711802549263,454.1265617254286,473.2507989038657,480.87100980036524,481.3403709230546,511.3573762866469,503.98871198418556,532.0775419761043,527.2512470066342,545.2093986697522,574.3093716184756,577.8543752224509,564.545964605849,533.1150349819562,554.7632324272905,563.3039268758297,546.7171222236144,573.1359379449257,600.0,600.0,600.0,600.0,600.0,572.2982283461962,600.0,600.0,600.0,600.0,600.0,587.8670667159455,554.7591683668489,539.1307060377948,552.1381286389465,577.5561721199571,542.7204339180406,522.2785980831181,534.3933381612642,519.2477954636926,494.16699524744564,464.90252212309224,474.55405190081115,481.19423909279527,506.29718914327213,493.33582585044064
