TimeUTC;TimeDK;PriceArea;DayAheadPriceEUR;DayAheadPriceDKK
2026-02-28 23:00:00;2026-03-01 00:00:00;DK2;49,740002;371,647347
2026-02-28 23:15:00;2026-03-01 00:15:00;DK2;48,880001;365,221591
2026-02-28 23:30:00;2026-03-01 00:30:00;DK2;46,020000;343,852236
2026-02-28 23:45:00;2026-03-01 00:45:00;DK2;48,000000;358,646400
2026-03-01 00:00:00;2026-03-01 01:00:00;DK2;48,650002;363,503085
2026-03-01 00:15:00;2026-03-01 01:15:00;DK2;50,720001;378,969703
2026-03-01 00:30:00;2026-03-01 01:30:00;DK2;51,490002;384,722997
2026-03-01 00:45:00;2026-03-01 01:45:00;DK2;51,160000;382,257288
2026-03-01 01:00:00;2026-03-01 02:00:00;DK2;50,220001;375,233803
2026-03-01 01:15:00;2026-03-01 02:15:00;DK2;51,080002;381,659559
2026-03-01 01:30:00;2026-03-01 02:30:00;DK2;52,049999;388,907183
2026-03-01 01:45:00;2026-03-01 02:45:00;DK2;52,590000;392,941962
2026-03-01 02:00:00;2026-03-01 03:00:00;DK2;49,849998;372,469215
2026-03-01 02:15:00;2026-03-01 03:15:00;DK2;50,439999;376,877585
2026-03-01 02:30:00;2026-03-01 03:30:00;DK2;51,389999;383,975795
2026-03-01 02:45:00;2026-03-01 03:45:00;DK2;51,279999;383,153897
2026-03-01 03:00:00;2026-03-01 04:00:00;DK2;49,040001;366,417079
2026-03-01 03:15:00;2026-03-01 04:15:00;DK2;49,320000;368,509176
2026-03-01 03:30:00;2026-03-01 04:30:00;DK2;49,860001;372,543955
2026-03-01 03:45:00;2026-03-01 04:45:00;DK2;49,980000;373,440564
2026-03-01 04:00:00;2026-03-01 05:00:00;DK2;47,419998;354,312741
2026-03-01 04:15:00;2026-03-01 05:15:00;DK2;48,730000;364,100814
2026-03-01 04:30:00;2026-03-01 05:30:00;DK2;49,220001;367,762003
2026-03-01 04:45:00;2026-03-01 05:45:00;DK2;49,310001;368,434465
2026-03-01 05:00:00;2026-03-01 06:00:00;DK2;47,790001;357,077329
2026-03-01 05:15:00;2026-03-01 06:15:00;DK2;48,160000;359,841888
2026-03-01 05:30:00;2026-03-01 06:30:00;DK2;49,900002;372,842835
2026-03-01 05:45:00;2026-03-01 06:45:00;DK2;49,980000;373,440564
2026-03-01 06:00:00;2026-03-01 07:00:00;DK2;49,849998;372,469215
2026-03-01 06:15:00;2026-03-01 07:15:00;DK2;50,410000;376,653438
2026-03-01 06:30:00;2026-03-01 07:30:00;DK2;50,119999;374,486609
2026-03-01 06:45:00;2026-03-01 07:45:00;DK2;51,360001;383,751655
2026-03-01 07:00:00;2026-03-01 08:00:00;DK2;56,220001;420,064603
2026-03-01 07:15:00;2026-03-01 08:15:00;DK2;53,470001;399,517153
2026-03-01 07:30:00;2026-03-01 08:30:00;DK2;47,580002;355,508259
2026-03-01 07:45:00;2026-03-01 08:45:00;DK2;40,439999;302,159585
2026-03-01 08:00:00;2026-03-01 09:00:00;DK2;47,110001;351,996505
2026-03-01 08:15:00;2026-03-01 09:15:00;DK2;24,639999;184,105145
2026-03-01 08:30:00;2026-03-01 09:30:00;DK2;9,790000;73,148922
2026-03-01 08:45:00;2026-03-01 09:45:00;DK2;9,730000;72,700614
2026-03-01 09:00:00;2026-03-01 10:00:00;DK2;18,240000;136,285632
2026-03-01 09:15:00;2026-03-01 10:15:00;DK2;18,250000;136,360350
2026-03-01 09:30:00;2026-03-01 10:30:00;DK2;14,210000;106,174278
2026-03-01 09:45:00;2026-03-01 10:45:00;DK2;11,340000;84,730212
2026-03-01 10:00:00;2026-03-01 11:00:00;DK2;13,800000;103,110840
2026-03-01 10:15:00;2026-03-01 11:15:00;DK2;13,770000;102,886686
2026-03-01 10:30:00;2026-03-01 11:30:00;DK2;11,520000;86,075136
2026-03-01 10:45:00;2026-03-01 11:45:00;DK2;10,620000;79,350516
2026-03-01 11:00:00;2026-03-01 12:00:00;DK2;11,820000;88,316676
2026-03-01 11:15:00;2026-03-01 12:15:00;DK2;11,570000;86,448726
2026-03-01 11:30:00;2026-03-01 12:30:00;DK2;11,500000;85,925700
2026-03-01 11:45:00;2026-03-01 12:45:00;DK2;11,500000;85,925700
2026-03-01 12:00:00;2026-03-01 13:00:00;DK2;11,450000;85,552110
2026-03-01 12:15:00;2026-03-01 13:15:00;DK2;11,440000;85,477392
2026-03-01 12:30:00;2026-03-01 13:30:00;DK2;11,510000;86,000418
2026-03-01 12:45:00;2026-03-01 13:45:00;DK2;15,190000;113,496642
2026-03-01 13:00:00;2026-03-01 14:00:00;DK2;10,540000;78,752772
2026-03-01 13:15:00;2026-03-01 14:15:00;DK2;14,220000;106,248996
2026-03-01 13:30:00;2026-03-01 14:30:00;DK2;22,200001;165,873967
2026-03-01 13:45:00;2026-03-01 14:45:00;DK2;25,040001;187,093879
2026-03-01 14:00:00;2026-03-01 15:00:00;DK2;10,380000;77,557284
2026-03-01 14:15:00;2026-03-01 15:15:00;DK2;19,090000;142,636662
2026-03-01 14:30:00;2026-03-01 15:30:00;DK2;37,720001;281,836303
2026-03-01 14:45:00;2026-03-01 15:45:00;DK2;65,910004;492,466368
2026-03-01 15:00:00;2026-03-01 16:00:00;DK2;42,970001;321,063253
2026-03-01 15:15:00;2026-03-01 16:15:00;DK2;56,720001;423,800503
2026-03-01 15:30:00;2026-03-01 16:30:00;DK2;94,650002;707,205885
2026-03-01 15:45:00;2026-03-01 16:45:00;DK2;104,989998;784,464267
2026-03-01 16:00:00;2026-03-01 17:00:00;DK2;92,010002;687,480333
2026-03-01 16:15:00;2026-03-01 17:15:00;DK2;100,029999;747,404147
2026-03-01 16:30:00;2026-03-01 17:30:00;DK2;110,000000;821,898000
2026-03-01 16:45:00;2026-03-01 17:45:00;DK2;113,000000;844,313400
2026-03-01 17:00:00;2026-03-01 18:00:00;DK2;108,050003;807,328012
2026-03-01 17:15:00;2026-03-01 18:15:00;DK2;109,839996;820,702482
2026-03-01 17:30:00;2026-03-01 18:30:00;DK2;113,059998;844,761693
2026-03-01 17:45:00;2026-03-01 18:45:00;DK2;109,860001;820,851955
2026-03-01 18:00:00;2026-03-01 19:00:00;DK2;104,639999;781,849145
2026-03-01 18:15:00;2026-03-01 19:15:00;DK2;103,410004;772,658868
2026-03-01 18:30:00;2026-03-01 19:30:00;DK2;97,800003;730,742062
2026-03-01 18:45:00;2026-03-01 19:45:00;DK2;97,040001;725,063479
2026-03-01 19:00:00;2026-03-01 20:00:00;DK2;94,510002;706,159833
2026-03-01 19:15:00;2026-03-01 20:15:00;DK2;94,190002;703,768857
2026-03-01 19:30:00;2026-03-01 20:30:00;DK2;89,000000;664,990200
2026-03-01 19:45:00;2026-03-01 20:45:00;DK2;82,919998;619,561641
2026-03-01 20:00:00;2026-03-01 21:00:00;DK2;86,769997;648,328064
2026-03-01 20:15:00;2026-03-01 21:15:00;DK2;82,169998;613,957791
2026-03-01 20:30:00;2026-03-01 21:30:00;DK2;80,260002;599,686683
2026-03-01 20:45:00;2026-03-01 21:45:00;DK2;76,059998;568,305093
2026-03-01 21:00:00;2026-03-01 22:00:00;DK2;80,989998;605,141067
2026-03-01 21:15:00;2026-03-01 22:15:00;DK2;77,809998;581,380743
2026-03-01 21:30:00;2026-03-01 22:30:00;DK2;73,629997;550,148612
2026-03-01 21:45:00;2026-03-01 22:45:00;DK2;66,089996;493,811232
2026-03-01 22:00:00;2026-03-01 23:00:00;DK2;73,879997;552,016562
2026-03-01 22:15:00;2026-03-01 23:15:00;DK2;70,820000;529,152876
2026-03-01 22:30:00;2026-03-01 23:30:00;DK2;68,750000;513,686250
2026-03-01 22:45:00;2026-03-01 23:45:00;DK2;59,119999;441,732809
2026-03-01 23:00:00;2026-03-02 00:00:00;DK2;67,989998;507,966873
2026-03-01 23:15:00;2026-03-02 00:15:00;DK2;65,070000;486,150984
2026-03-01 23:30:00;2026-03-02 00:30:00;DK2;65,330002;488,093511
2026-03-01 23:45:00;2026-03-02 00:45:00;DK2;62,099998;463,961505
2026-03-02 00:00:00;2026-03-02 01:00:00;DK2;65,000000;485,628000
2026-03-02 00:15:00;2026-03-02 01:15:00;DK2;65,029999;485,852129
2026-03-02 00:30:00;2026-03-02 01:30:00;DK2;67,889999;507,219761
2026-03-02 00:45:00;2026-03-02 01:45:00;DK2;69,830002;521,713911
2026-03-02 01:00:00;2026-03-02 02:00:00;DK2;69,650002;520,369095
2026-03-02 01:15:00;2026-03-02 02:15:00;DK2;68,300003;510,282982
2026-03-02 01:30:00;2026-03-02 02:30:00;DK2;69,360001;518,202439
2026-03-02 01:45:00;2026-03-02 02:45:00;DK2;68,690002;513,196743
2026-03-02 02:00:00;2026-03-02 03:00:00;DK2;69,720001;520,892071
2026-03-02 02:15:00;2026-03-02 03:15:00;DK2;68,190002;509,461143
2026-03-02 02:30:00;2026-03-02 03:30:00;DK2;68,139999;509,087561
2026-03-02 02:45:00;2026-03-02 03:45:00;DK2;72,220001;539,570071
2026-03-02 03:00:00;2026-03-02 04:00:00;DK2;68,290001;510,208255
2026-03-02 03:15:00;2026-03-02 04:15:00;DK2;70,430000;526,196616
2026-03-02 03:30:00;2026-03-02 04:30:00;DK2;76,080002;568,408911
2026-03-02 03:45:00;2026-03-02 04:45:00;DK2;81,320000;607,557984
2026-03-02 04:00:00;2026-03-02 05:00:00;DK2;76,400002;570,799695
2026-03-02 04:15:00;2026-03-02 05:15:00;DK2;80,650002;602,552295
2026-03-02 04:30:00;2026-03-02 05:30:00;DK2;87,239998;651,787473
2026-03-02 04:45:00;2026-03-02 05:45:00;DK2;94,269997;704,310002
2026-03-02 05:00:00;2026-03-02 06:00:00;DK2;87,139999;651,040361
2026-03-02 05:15:00;2026-03-02 06:15:00;DK2;92,599998;691,833105
2026-03-02 05:30:00;2026-03-02 06:30:00;DK2;105,720001;789,855271
2026-03-02 05:45:00;2026-03-02 06:45:00;DK2;113,110001;845,067439
2026-03-02 06:00:00;2026-03-02 07:00:00;DK2;122,970001;918,733471
2026-03-02 06:15:00;2026-03-02 07:15:00;DK2;164,520004;1229,161854
2026-03-02 06:30:00;2026-03-02 07:30:00;DK2;134,350006;1003,755765
2026-03-02 06:45:00;2026-03-02 07:45:00;DK2;124,059998;926,877057
2026-03-02 07:00:00;2026-03-02 08:00:00;DK2;182,190002;1361,177943
2026-03-02 07:15:00;2026-03-02 08:15:00;DK2;124,449997;929,790818
2026-03-02 07:30:00;2026-03-02 08:30:00;DK2;110,309998;824,148057
2026-03-02 07:45:00;2026-03-02 08:45:00;DK2;88,730003;662,919598
2026-03-02 08:00:00;2026-03-02 09:00:00;DK2;115,300003;861,429382
2026-03-02 08:15:00;2026-03-02 09:15:00;DK2;102,360001;764,752039
2026-03-02 08:30:00;2026-03-02 09:30:00;DK2;95,870003;716,263966
2026-03-02 08:45:00;2026-03-02 09:45:00;DK2;106,290001;794,113855
2026-03-02 09:00:00;2026-03-02 10:00:00;DK2;97,129997;725,677634
2026-03-02 09:15:00;2026-03-02 10:15:00;DK2;100,419998;750,257889
2026-03-02 09:30:00;2026-03-02 10:30:00;DK2;99,150002;740,769495
2026-03-02 09:45:00;2026-03-02 10:45:00;DK2;94,720001;707,672071
2026-03-02 10:00:00;2026-03-02 11:00:00;DK2;101,589996;758,999178
2026-03-02 10:15:00;2026-03-02 11:15:00;DK2;103,000000;769,533600
2026-03-02 10:30:00;2026-03-02 11:30:00;DK2;98,540001;736,212055
2026-03-02 10:45:00;2026-03-02 11:45:00;DK2;98,730003;737,631598
2026-03-02 11:00:00;2026-03-02 12:00:00;DK2;98,599998;736,660305
2026-03-02 11:15:00;2026-03-02 12:15:00;DK2;99,989998;747,045273
2026-03-02 11:30:00;2026-03-02 12:30:00;DK2;98,010002;732,252327
2026-03-02 11:45:00;2026-03-02 12:45:00;DK2;97,370003;727,470766
2026-03-02 12:00:00;2026-03-02 13:00:00;DK2;89,989998;672,333273
2026-03-02 12:15:00;2026-03-02 13:15:00;DK2;89,980003;672,258598
2026-03-02 12:30:00;2026-03-02 13:30:00;DK2;90,510002;676,218327
2026-03-02 12:45:00;2026-03-02 13:45:00;DK2;89,029999;665,160929
2026-03-02 13:00:00;2026-03-02 14:00:00;DK2;89,889999;671,586161
2026-03-02 13:15:00;2026-03-02 14:15:00;DK2;87,790001;655,896655
2026-03-02 13:30:00;2026-03-02 14:30:00;DK2;85,580002;639,385311
2026-03-02 13:45:00;2026-03-02 14:45:00;DK2;90,989998;679,804473
2026-03-02 14:00:00;2026-03-02 15:00:00;DK2;82,330002;615,103911
2026-03-02 14:15:00;2026-03-02 15:15:00;DK2;84,309998;629,896857
2026-03-02 14:30:00;2026-03-02 15:30:00;DK2;86,750000;648,126600
2026-03-02 14:45:00;2026-03-02 15:45:00;DK2;100,709999;752,424545
2026-03-02 15:00:00;2026-03-02 16:00:00;DK2;85,580002;639,385311
2026-03-02 15:15:00;2026-03-02 16:15:00;DK2;93,029999;695,045729
2026-03-02 15:30:00;2026-03-02 16:30:00;DK2;109,000000;814,360800
2026-03-02 15:45:00;2026-03-02 16:45:00;DK2;148,990005;1113,134125
2026-03-02 16:00:00;2026-03-02 17:00:00;DK2;106,370003;794,711566
2026-03-02 16:15:00;2026-03-02 17:15:00;DK2;121,000000;904,015200
2026-03-02 16:30:00;2026-03-02 17:30:00;DK2;174,270004;1302,006054
2026-03-02 16:45:00;2026-03-02 17:45:00;DK2;292,369995;2184,354707
2026-03-02 17:00:00;2026-03-02 18:00:00;DK2;232,160004;1734,513822
2026-03-02 17:15:00;2026-03-02 18:15:00;DK2;216,589996;1618,187178
2026-03-02 17:30:00;2026-03-02 18:30:00;DK2;161,570007;1207,121836
2026-03-02 17:45:00;2026-03-02 18:45:00;DK2;141,679993;1058,519564
2026-03-02 18:00:00;2026-03-02 19:00:00;DK2;214,020004;1598,986254
2026-03-02 18:15:00;2026-03-02 19:15:00;DK2;137,130005;1024,525693
2026-03-02 18:30:00;2026-03-02 19:30:00;DK2;122,160004;912,681822
2026-03-02 18:45:00;2026-03-02 19:45:00;DK2;109,040001;814,659655
2026-03-02 19:00:00;2026-03-02 20:00:00;DK2;122,019997;911,635802
2026-03-02 19:15:00;2026-03-02 20:15:00;DK2;113,330002;846,711111
2026-03-02 19:30:00;2026-03-02 20:30:00;DK2;103,309998;771,849657
2026-03-02 19:45:00;2026-03-02 20:45:00;DK2;99,680000;744,729216
2026-03-02 20:00:00;2026-03-02 21:00:00;DK2;103,199997;771,027818
2026-03-02 20:15:00;2026-03-02 21:15:00;DK2;98,989998;739,574073
2026-03-02 20:30:00;2026-03-02 21:30:00;DK2;94,809998;708,344457
2026-03-02 20:45:00;2026-03-02 21:45:00;DK2;90,650002;677,264295
2026-03-02 21:00:00;2026-03-02 22:00:00;DK2;103,209999;771,102545
2026-03-02 21:15:00;2026-03-02 22:15:00;DK2;99,209999;741,217745
2026-03-02 21:30:00;2026-03-02 22:30:00;DK2;93,989998;702,218073
2026-03-02 21:45:00;2026-03-02 22:45:00;DK2;89,000000;664,936800
2026-03-02 22:00:00;2026-03-02 23:00:00;DK2;94,000000;702,292800
2026-03-02 22:15:00;2026-03-02 23:15:00;DK2;88,620003;662,097766
2026-03-02 22:30:00;2026-03-02 23:30:00;DK2;87,260002;651,936927
2026-03-02 22:45:00;2026-03-02 23:45:00;DK2;85,699997;640,281818
2026-03-02 23:00:00;2026-03-03 00:00:00;DK2;93,279999;696,838905
2026-03-02 23:15:00;2026-03-03 00:15:00;DK2;89,949997;671,962458
2026-03-02 23:30:00;2026-03-03 00:30:00;DK2;87,449997;653,286458
2026-03-02 23:45:00;2026-03-03 00:45:00;DK2;85,570000;639,242128
2026-03-03 00:00:00;2026-03-03 01:00:00;DK2;89,849998;671,215425
2026-03-03 00:15:00;2026-03-03 01:15:00;DK2;89,410004;667,928494
2026-03-03 00:30:00;2026-03-03 01:30:00;DK2;90,820000;678,461728
2026-03-03 00:45:00;2026-03-03 01:45:00;DK2;90,400002;675,324175
2026-03-03 01:00:00;2026-03-03 02:00:00;DK2;89,610001;669,422551
2026-03-03 01:15:00;2026-03-03 02:15:00;DK2;88,820000;663,520928
2026-03-03 01:30:00;2026-03-03 02:30:00;DK2;89,989998;672,261281
2026-03-03 01:45:00;2026-03-03 02:45:00;DK2;89,279999;666,957305
2026-03-03 02:00:00;2026-03-03 03:00:00;DK2;92,919998;694,149553
2026-03-03 02:15:00;2026-03-03 03:15:00;DK2;90,160004;673,531294
2026-03-03 02:30:00;2026-03-03 03:30:00;DK2;94,260002;704,159919
2026-03-03 02:45:00;2026-03-03 03:45:00;DK2;93,919998;701,619953
2026-03-03 03:00:00;2026-03-03 04:00:00;DK2;94,900002;708,940975
2026-03-03 03:15:00;2026-03-03 04:15:00;DK2;95,080002;710,285647
2026-03-03 03:30:00;2026-03-03 04:30:00;DK2;95,699997;714,917258
2026-03-03 03:45:00;2026-03-03 04:45:00;DK2;97,209999;726,197577
2026-03-03 04:00:00;2026-03-03 05:00:00;DK2;92,800003;693,253142
2026-03-03 04:15:00;2026-03-03 05:15:00;DK2;98,949997;739,196058
2026-03-03 04:30:00;2026-03-03 05:30:00;DK2;105,070000;784,914928
2026-03-03 04:45:00;2026-03-03 05:45:00;DK2;115,930000;866,043472
2026-03-03 05:00:00;2026-03-03 06:00:00;DK2;105,139999;785,437849
2026-03-03 05:15:00;2026-03-03 06:15:00;DK2;114,860001;858,050151
2026-03-03 05:30:00;2026-03-03 06:30:00;DK2;123,720001;924,237895
2026-03-03 05:45:00;2026-03-03 06:45:00;DK2;169,660004;1267,428094
2026-03-03 06:00:00;2026-03-03 07:00:00;DK2;168,300003;1257,268342
2026-03-03 06:15:00;2026-03-03 07:15:00;DK2;163,529999;1221,634505
2026-03-03 06:30:00;2026-03-03 07:30:00;DK2;160,839996;1201,539106
2026-03-03 06:45:00;2026-03-03 07:45:00;DK2;132,929993;993,040220
2026-03-03 07:00:00;2026-03-03 08:00:00;DK2;193,919998;1448,659953
2026-03-03 07:15:00;2026-03-03 08:15:00;DK2;141,050003;1053,699942
2026-03-03 07:30:00;2026-03-03 08:30:00;DK2;120,489998;900,108481
2026-03-03 07:45:00;2026-03-03 08:45:00;DK2;91,680000;684,886272
2026-03-03 08:00:00;2026-03-03 09:00:00;DK2;129,009995;963,756267
2026-03-03 08:15:00;2026-03-03 09:15:00;DK2;99,279999;741,661305
2026-03-03 08:30:00;2026-03-03 09:30:00;DK2;89,440002;668,152591
2026-03-03 08:45:00;2026-03-03 09:45:00;DK2;80,360001;600,321351
2026-03-03 09:00:00;2026-03-03 10:00:00;DK2;94,760002;707,895119
2026-03-03 09:15:00;2026-03-03 10:15:00;DK2;87,190002;651,344191
2026-03-03 09:30:00;2026-03-03 10:30:00;DK2;79,449997;593,523258
2026-03-03 09:45:00;2026-03-03 10:45:00;DK2;51,270000;383,007408
2026-03-03 10:00:00;2026-03-03 11:00:00;DK2;83,050003;620,416742
2026-03-03 10:15:00;2026-03-03 11:15:00;DK2;66,309998;495,362209
2026-03-03 10:30:00;2026-03-03 11:30:00;DK2;44,230000;330,415792
2026-03-03 10:45:00;2026-03-03 11:45:00;DK2;30,090000;224,784336
2026-03-03 11:00:00;2026-03-03 12:00:00;DK2;47,029999;351,332905
2026-03-03 11:15:00;2026-03-03 12:15:00;DK2;34,980000;261,314592
2026-03-03 11:30:00;2026-03-03 12:30:00;DK2;25,870001;193,259255
2026-03-03 11:45:00;2026-03-03 12:45:00;DK2;21,559999;161,061817
2026-03-03 12:00:00;2026-03-03 13:00:00;DK2;22,620001;168,980455
2026-03-03 12:15:00;2026-03-03 13:15:00;DK2;23,690001;176,973783
2026-03-03 12:30:00;2026-03-03 13:30:00;DK2;39,980000;298,666592
2026-03-03 12:45:00;2026-03-03 13:45:00;DK2;56,340000;420,882336
2026-03-03 13:00:00;2026-03-03 14:00:00;DK2;33,020000;246,672608
2026-03-03 13:15:00;2026-03-03 14:15:00;DK2;53,119999;396,827641
2026-03-03 13:30:00;2026-03-03 14:30:00;DK2;78,169998;583,961153
2026-03-03 13:45:00;2026-03-03 14:45:00;DK2;92,239998;689,069681
2026-03-03 14:00:00;2026-03-03 15:00:00;DK2;61,970001;462,940695
2026-03-03 14:15:00;2026-03-03 15:15:00;DK2;80,160004;598,827294
2026-03-03 14:30:00;2026-03-03 15:30:00;DK2;91,820000;685,932128
2026-03-03 14:45:00;2026-03-03 15:45:00;DK2;113,110001;844,976951
2026-03-03 15:00:00;2026-03-03 16:00:00;DK2;81,820000;611,228128
2026-03-03 15:15:00;2026-03-03 16:15:00;DK2;98,059998;732,547409
2026-03-03 15:30:00;2026-03-03 16:30:00;DK2;115,790001;864,997623
2026-03-03 15:45:00;2026-03-03 16:45:00;DK2;156,699997;1170,611658
2026-03-03 16:00:00;2026-03-03 17:00:00;DK2;97,959999;731,800377
2026-03-03 16:15:00;2026-03-03 17:15:00;DK2;114,099998;852,372625
2026-03-03 16:30:00;2026-03-03 17:30:00;DK2;180,350006;1347,286685
2026-03-03 16:45:00;2026-03-03 17:45:00;DK2;246,410004;1840,781294
2026-03-03 17:00:00;2026-03-03 18:00:00;DK2;196,300003;1466,439542
2026-03-03 17:15:00;2026-03-03 18:15:00;DK2;203,419998;1519,628753
2026-03-03 17:30:00;2026-03-03 18:30:00;DK2;219,320007;1638,408180
2026-03-03 17:45:00;2026-03-03 18:45:00;DK2;198,009995;1479,213867
2026-03-03 18:00:00;2026-03-03 19:00:00;DK2;230,039993;1718,490764
2026-03-03 18:15:00;2026-03-03 19:15:00;DK2;180,270004;1346,689038
2026-03-03 18:30:00;2026-03-03 19:30:00;DK2;157,690002;1178,007391
2026-03-03 18:45:00;2026-03-03 19:45:00;DK2;125,480003;937,385814
2026-03-03 19:00:00;2026-03-03 20:00:00;DK2;152,289993;1137,667164
2026-03-03 19:15:00;2026-03-03 20:15:00;DK2;138,320007;1033,305780
2026-03-03 19:30:00;2026-03-03 20:30:00;DK2;122,709999;916,692777
2026-03-03 19:45:00;2026-03-03 20:45:00;DK2;114,050003;851,999142
2026-03-03 20:00:00;2026-03-03 21:00:00;DK2;125,040001;934,098823
2026-03-03 20:15:00;2026-03-03 21:15:00;DK2;119,730003;894,431014
2026-03-03 20:30:00;2026-03-03 21:30:00;DK2;115,760002;864,773519
2026-03-03 20:45:00;2026-03-03 21:45:00;DK2;103,739998;774,979281
2026-03-03 21:00:00;2026-03-03 22:00:00;DK2;116,879997;873,140330
2026-03-03 21:15:00;2026-03-03 22:15:00;DK2;103,800003;775,427542
2026-03-03 21:30:00;2026-03-03 22:30:00;DK2;102,050003;762,354342
2026-03-03 21:45:00;2026-03-03 22:45:00;DK2;93,099998;695,494225
2026-03-03 22:00:00;2026-03-03 23:00:00;DK2;104,660004;781,852094
2026-03-03 22:15:00;2026-03-03 23:15:00;DK2;94,480003;705,803414
2026-03-03 22:30:00;2026-03-03 23:30:00;DK2;98,470001;735,610295
2026-03-03 22:45:00;2026-03-03 23:45:00;DK2;96,150002;718,278975
2026-03-03 23:00:00;2026-03-04 00:00:00;DK2;139,929993;1045,486943
2026-03-03 23:15:00;2026-03-04 00:15:00;DK2;132,300003;988,479472
2026-03-03 23:30:00;2026-03-04 00:30:00;DK2;126,550003;945,518347
2026-03-03 23:45:00;2026-03-04 00:45:00;DK2;117,239998;875,958645
2026-03-04 00:00:00;2026-03-04 01:00:00;DK2;135,580002;1012,985985
2026-03-04 00:15:00;2026-03-04 01:15:00;DK2;127,430000;952,093245
2026-03-04 00:30:00;2026-03-04 01:30:00;DK2;125,129997;934,908773
2026-03-04 00:45:00;2026-03-04 01:45:00;DK2;123,150002;920,115240
2026-03-04 01:00:00;2026-03-04 02:00:00;DK2;127,099998;949,627635
2026-03-04 01:15:00;2026-03-04 02:15:00;DK2;125,790001;939,839992
2026-03-04 01:30:00;2026-03-04 02:30:00;DK2;124,980003;933,788092
2026-03-04 01:45:00;2026-03-04 02:45:00;DK2;123,410004;922,057845
2026-03-04 02:00:00;2026-03-04 03:00:00;DK2;124,809998;932,517900
2026-03-04 02:15:00;2026-03-04 03:15:00;DK2;124,730003;931,920217
2026-03-04 02:30:00;2026-03-04 03:30:00;DK2;124,669998;931,471890
2026-03-04 02:45:00;2026-03-04 03:45:00;DK2;124,730003;931,920217
2026-03-04 03:00:00;2026-03-04 04:00:00;DK2;124,739998;931,994895
2026-03-04 03:15:00;2026-03-04 04:15:00;DK2;125,080002;934,535235
2026-03-04 03:30:00;2026-03-04 04:30:00;DK2;130,539993;975,329558
2026-03-04 03:45:00;2026-03-04 04:45:00;DK2;132,460007;989,674942
2026-03-04 04:00:00;2026-03-04 05:00:00;DK2;113,900002;851,003865
2026-03-04 04:15:00;2026-03-04 05:15:00;DK2;119,629997;893,815523
2026-03-04 04:30:00;2026-03-04 05:30:00;DK2;130,580002;975,628485
2026-03-04 04:45:00;2026-03-04 05:45:00;DK2;163,970001;1225,101862
2026-03-04 05:00:00;2026-03-04 06:00:00;DK2;124,449997;929,828153
2026-03-04 05:15:00;2026-03-04 06:15:00;DK2;137,570007;1027,854307
2026-03-04 05:30:00;2026-03-04 06:30:00;DK2;211,289993;1578,653183
2026-03-04 05:45:00;2026-03-04 06:45:00;DK2;309,989990;2316,090210
2026-03-04 06:00:00;2026-03-04 07:00:00;DK2;319,989990;2390,805210
2026-03-04 06:15:00;2026-03-04 07:15:00;DK2;318,380005;2378,776207
2026-03-04 06:30:00;2026-03-04 07:30:00;DK2;226,179993;1689,903818
2026-03-04 06:45:00;2026-03-04 07:45:00;DK2;177,770004;1328,208585
2026-03-04 07:00:00;2026-03-04 08:00:00;DK2;294,230011;2198,339527
2026-03-04 07:15:00;2026-03-04 08:15:00;DK2;204,509995;1527,996428
2026-03-04 07:30:00;2026-03-04 08:30:00;DK2;151,679993;1133,277068
2026-03-04 07:45:00;2026-03-04 08:45:00;DK2;123,010002;919,069230
2026-03-04 08:00:00;2026-03-04 09:00:00;DK2;211,300003;1578,727972
2026-03-04 08:15:00;2026-03-04 09:15:00;DK2;148,660004;1110,713220
2026-03-04 08:30:00;2026-03-04 09:30:00;DK2;134,229996;1002,899415
2026-03-04 08:45:00;2026-03-04 09:45:00;DK2;108,879997;813,496898
2026-03-04 09:00:00;2026-03-04 10:00:00;DK2;137,820007;1029,722182
2026-03-04 09:15:00;2026-03-04 10:15:00;DK2;117,029999;874,389638
2026-03-04 09:30:00;2026-03-04 10:30:00;DK2;104,900002;783,760365
2026-03-04 09:45:00;2026-03-04 10:45:00;DK2;81,930000;612,139995
2026-03-04 10:00:00;2026-03-04 11:00:00;DK2;102,480003;765,679342
2026-03-04 10:15:00;2026-03-04 11:15:00;DK2;81,000000;605,191500
2026-03-04 10:30:00;2026-03-04 11:30:00;DK2;77,480003;578,891842
2026-03-04 10:45:00;2026-03-04 11:45:00;DK2;52,230000;390,236445
2026-03-04 11:00:00;2026-03-04 12:00:00;DK2;69,970001;522,780862
2026-03-04 11:15:00;2026-03-04 12:15:00;DK2;39,990002;298,785300
2026-03-04 11:30:00;2026-03-04 12:30:00;DK2;34,900002;260,755365
2026-03-04 11:45:00;2026-03-04 12:45:00;DK2;25,110001;187,609372
2026-03-04 12:00:00;2026-03-04 13:00:00;DK2;31,750000;237,220125
2026-03-04 12:15:00;2026-03-04 13:15:00;DK2;26,920000;201,132780
2026-03-04 12:30:00;2026-03-04 13:30:00;DK2;33,389999;249,473378
2026-03-04 12:45:00;2026-03-04 13:45:00;DK2;39,840000;297,664560
2026-03-04 13:00:00;2026-03-04 14:00:00;DK2;26,360001;196,948747
2026-03-04 13:15:00;2026-03-04 14:15:00;DK2;58,189999;434,766578
2026-03-04 13:30:00;2026-03-04 14:30:00;DK2;79,900002;596,972865
2026-03-04 13:45:00;2026-03-04 14:45:00;DK2;97,150002;725,856240
2026-03-04 14:00:00;2026-03-04 15:00:00;DK2;71,180000;531,821370
2026-03-04 14:15:00;2026-03-04 15:15:00;DK2;93,059998;695,297775
2026-03-04 14:30:00;2026-03-04 15:30:00;DK2;101,739998;760,150395
2026-03-04 14:45:00;2026-03-04 15:45:00;DK2;128,610001;960,909622
2026-03-04 15:00:00;2026-03-04 16:00:00;DK2;95,239998;711,585645
2026-03-04 15:15:00;2026-03-04 16:15:00;DK2;115,239998;861,015645
2026-03-04 15:30:00;2026-03-04 16:30:00;DK2;137,639999;1028,377253
2026-03-04 15:45:00;2026-03-04 16:45:00;DK2;202,610001;1513,800622
2026-03-04 16:00:00;2026-03-04 17:00:00;DK2;130,720001;976,674487
2026-03-04 16:15:00;2026-03-04 17:15:00;DK2;173,919998;1299,443265
2026-03-04 16:30:00;2026-03-04 17:30:00;DK2;243,089996;1816,246905
2026-03-04 16:45:00;2026-03-04 17:45:00;DK2;429,369995;3208,037918
2026-03-04 17:00:00;2026-03-04 18:00:00;DK2;283,320007;2116,825432
2026-03-04 17:15:00;2026-03-04 18:15:00;DK2;337,200012;2519,389890
2026-03-04 17:30:00;2026-03-04 18:30:00;DK2;343,660004;2567,655720
2026-03-04 17:45:00;2026-03-04 18:45:00;DK2;279,279999;2086,640513
2026-03-04 18:00:00;2026-03-04 19:00:00;DK2;342,739990;2560,781835
2026-03-04 18:15:00;2026-03-04 19:15:00;DK2;236,460007;1766,710942
2026-03-04 18:30:00;2026-03-04 19:30:00;DK2;222,809998;1664,724900
2026-03-04 18:45:00;2026-03-04 19:45:00;DK2;185,690002;1387,382850
2026-03-04 19:00:00;2026-03-04 20:00:00;DK2;197,350006;1474,500570
2026-03-04 19:15:00;2026-03-04 20:15:00;DK2;176,490005;1318,645072
2026-03-04 19:30:00;2026-03-04 20:30:00;DK2;162,789993;1216,285433
2026-03-04 19:45:00;2026-03-04 20:45:00;DK2;157,710007;1178,330317
2026-03-04 20:00:00;2026-03-04 21:00:00;DK2;171,649994;1282,482930
2026-03-04 20:15:00;2026-03-04 21:15:00;DK2;158,399994;1183,485555
2026-03-04 20:30:00;2026-03-04 21:30:00;DK2;148,320007;1108,172932
2026-03-04 20:45:00;2026-03-04 21:45:00;DK2;130,440002;974,582475
2026-03-04 21:00:00;2026-03-04 22:00:00;DK2;157,050003;1173,399097
2026-03-04 21:15:00;2026-03-04 22:15:00;DK2;149,479996;1116,839790
2026-03-04 21:30:00;2026-03-04 22:30:00;DK2;139,139999;1039,584503
2026-03-04 21:45:00;2026-03-04 22:45:00;DK2;123,320000;921,385380
2026-03-04 22:00:00;2026-03-04 23:00:00;DK2;140,000000;1046,010000
2026-03-04 22:15:00;2026-03-04 23:15:00;DK2;131,899994;985,490805
2026-03-04 22:30:00;2026-03-04 23:30:00;DK2;119,139999;890,154503
2026-03-04 22:45:00;2026-03-04 23:45:00;DK2;108,199997;808,416278
2026-03-04 23:00:00;2026-03-05 00:00:00;DK2;132,020004;986,400662
2026-03-04 23:15:00;2026-03-05 00:15:00;DK2;114,620003;856,394814
2026-03-04 23:30:00;2026-03-05 00:30:00;DK2;110,239998;823,669169
2026-03-04 23:45:00;2026-03-05 00:45:00;DK2;109,080002;815,002143
2026-03-05 00:00:00;2026-03-05 01:00:00;DK2;111,790001;835,250171
2026-03-05 00:15:00;2026-03-05 01:15:00;DK2;109,930000;821,352988
2026-03-05 00:30:00;2026-03-05 01:30:00;DK2;109,199997;815,898698
2026-03-05 00:45:00;2026-03-05 01:45:00;DK2;108,809998;812,984781
2026-03-05 01:00:00;2026-03-05 02:00:00;DK2;109,510002;818,214931
2026-03-05 01:15:00;2026-03-05 02:15:00;DK2;109,440002;817,691919
2026-03-05 01:30:00;2026-03-05 02:30:00;DK2;109,260002;816,347031
2026-03-05 01:45:00;2026-03-05 02:45:00;DK2;108,839996;813,208914
2026-03-05 02:00:00;2026-03-05 03:00:00;DK2;108,790001;812,835371
2026-03-05 02:15:00;2026-03-05 03:15:00;DK2;108,500000;810,668600
2026-03-05 02:30:00;2026-03-05 03:30:00;DK2;108,809998;812,984781
2026-03-05 02:45:00;2026-03-05 03:45:00;DK2;109,040001;814,703271
2026-03-05 03:00:00;2026-03-05 04:00:00;DK2;109,690002;819,559819
2026-03-05 03:15:00;2026-03-05 04:15:00;DK2;110,230003;823,594490
2026-03-05 03:30:00;2026-03-05 04:30:00;DK2;109,949997;821,502398
2026-03-05 03:45:00;2026-03-05 04:45:00;DK2;114,389999;854,676317
2026-03-05 04:00:00;2026-03-05 05:00:00;DK2;108,599998;811,415745
2026-03-05 04:15:00;2026-03-05 05:15:00;DK2;112,120003;837,715814
2026-03-05 04:30:00;2026-03-05 05:30:00;DK2;137,720001;1028,988759
2026-03-05 04:45:00;2026-03-05 05:45:00;DK2;149,309998;1115,584581
2026-03-05 05:00:00;2026-03-05 06:00:00;DK2;127,730003;954,347490
2026-03-05 05:15:00;2026-03-05 06:15:00;DK2;154,259995;1152,568979
2026-03-05 05:30:00;2026-03-05 06:30:00;DK2;166,649994;1245,142095
2026-03-05 05:45:00;2026-03-05 06:45:00;DK2;168,940002;1262,252119
2026-03-05 06:00:00;2026-03-05 07:00:00;DK2;205,110001;1532,499883
2026-03-05 06:15:00;2026-03-05 07:15:00;DK2;190,589996;1424,012214
2026-03-05 06:30:00;2026-03-05 07:30:00;DK2;160,009995;1195,530679
2026-03-05 06:45:00;2026-03-05 07:45:00;DK2;146,509995;1094,664079
2026-03-05 07:00:00;2026-03-05 08:00:00;DK2;176,440002;1318,289119
2026-03-05 07:15:00;2026-03-05 08:15:00;DK2;149,949997;1120,366398
2026-03-05 07:30:00;2026-03-05 08:30:00;DK2;130,509995;975,118479
2026-03-05 07:45:00;2026-03-05 08:45:00;DK2;101,080002;755,229343
2026-03-05 08:00:00;2026-03-05 09:00:00;DK2;127,910004;955,692386
2026-03-05 08:15:00;2026-03-05 09:15:00;DK2;99,720001;745,067959
2026-03-05 08:30:00;2026-03-05 09:30:00;DK2;89,239998;666,765569
2026-03-05 08:45:00;2026-03-05 09:45:00;DK2;70,849998;529,362845
2026-03-05 09:00:00;2026-03-05 10:00:00;DK2;93,529999;698,818741
2026-03-05 09:15:00;2026-03-05 10:15:00;DK2;70,989998;530,408869
2026-03-05 09:30:00;2026-03-05 10:30:00;DK2;62,509998;467,049701
2026-03-05 09:45:00;2026-03-05 10:45:00;DK2;60,980000;455,618168
2026-03-05 10:00:00;2026-03-05 11:00:00;DK2;65,430000;488,866788
2026-03-05 10:15:00;2026-03-05 11:15:00;DK2;63,250000;472,578700
2026-03-05 10:30:00;2026-03-05 11:30:00;DK2;61,029999;455,991741
2026-03-05 10:45:00;2026-03-05 11:45:00;DK2;61,009998;455,842301
2026-03-05 11:00:00;2026-03-05 12:00:00;DK2;62,130001;464,210515
2026-03-05 11:15:00;2026-03-05 12:15:00;DK2;62,040001;463,538071
2026-03-05 11:30:00;2026-03-05 12:30:00;DK2;60,869999;454,796285
2026-03-05 11:45:00;2026-03-05 12:45:00;DK2;61,110001;456,589483
2026-03-05 12:00:00;2026-03-05 13:00:00;DK2;60,810001;454,348003
2026-03-05 12:15:00;2026-03-05 13:15:00;DK2;60,799999;454,273273
2026-03-05 12:30:00;2026-03-05 13:30:00;DK2;62,410000;466,302556
2026-03-05 12:45:00;2026-03-05 13:45:00;DK2;63,220001;472,354559
2026-03-05 13:00:00;2026-03-05 14:00:00;DK2;61,419998;458,905657
2026-03-05 13:15:00;2026-03-05 14:15:00;DK2;62,310001;465,555403
2026-03-05 13:30:00;2026-03-05 14:30:00;DK2;61,980000;463,089768
2026-03-05 13:45:00;2026-03-05 14:45:00;DK2;72,690002;543,110619
2026-03-05 14:00:00;2026-03-05 15:00:00;DK2;60,950001;455,394027
2026-03-05 14:15:00;2026-03-05 15:15:00;DK2;83,980003;627,464990
2026-03-05 14:30:00;2026-03-05 15:30:00;DK2;97,059998;725,193481
2026-03-05 14:45:00;2026-03-05 15:45:00;DK2;116,360001;869,395383
2026-03-05 15:00:00;2026-03-05 16:00:00;DK2;93,269997;696,876110
2026-03-05 15:15:00;2026-03-05 16:15:00;DK2;119,459999;892,557329
2026-03-05 15:30:00;2026-03-05 16:30:00;DK2;144,119995;1076,806955
2026-03-05 15:45:00;2026-03-05 16:45:00;DK2;195,789993;1462,864512
2026-03-05 16:00:00;2026-03-05 17:00:00;DK2;127,889999;955,542917
2026-03-05 16:15:00;2026-03-05 17:15:00;DK2;158,289993;1182,679512
2026-03-05 16:30:00;2026-03-05 17:30:00;DK2;190,369995;1422,368455
2026-03-05 16:45:00;2026-03-05 17:45:00;DK2;244,979996;1830,392538
2026-03-05 17:00:00;2026-03-05 18:00:00;DK2;230,100006;1719,215205
2026-03-05 17:15:00;2026-03-05 18:15:00;DK2;202,279999;1511,355241
2026-03-05 17:30:00;2026-03-05 18:30:00;DK2;176,940002;1322,024919
2026-03-05 17:45:00;2026-03-05 18:45:00;DK2;158,800003;1186,490102
2026-03-05 18:00:00;2026-03-05 19:00:00;DK2;199,160004;1488,043886
2026-03-05 18:15:00;2026-03-05 19:15:00;DK2;165,869995;1239,314255
2026-03-05 18:30:00;2026-03-05 19:30:00;DK2;152,889999;1142,332917
2026-03-05 18:45:00;2026-03-05 19:45:00;DK2;142,100006;1061,714405
2026-03-05 19:00:00;2026-03-05 20:00:00;DK2;149,039993;1113,567212
2026-03-05 19:15:00;2026-03-05 20:15:00;DK2;135,919998;1015,539857
2026-03-05 19:30:00;2026-03-05 20:30:00;DK2;131,820007;984,906364
2026-03-05 19:45:00;2026-03-05 20:45:00;DK2;125,849998;940,300845
2026-03-05 20:00:00;2026-03-05 21:00:00;DK2;144,259995;1077,852979
2026-03-05 20:15:00;2026-03-05 21:15:00;DK2;138,100006;1031,828005
2026-03-05 20:30:00;2026-03-05 21:30:00;DK2;126,680000;946,502288
2026-03-05 20:45:00;2026-03-05 21:45:00;DK2;111,690002;834,503019
2026-03-05 21:00:00;2026-03-05 22:00:00;DK2;136,589996;1020,545814
2026-03-05 21:15:00;2026-03-05 22:15:00;DK2;130,339996;973,848314
2026-03-05 21:30:00;2026-03-05 22:30:00;DK2;128,270004;958,382162
2026-03-05 21:45:00;2026-03-05 22:45:00;DK2;125,379997;936,789186
2026-03-05 22:00:00;2026-03-05 23:00:00;DK2;128,690002;961,520219
2026-03-05 22:15:00;2026-03-05 23:15:00;DK2;121,790001;909,966171
2026-03-05 22:30:00;2026-03-05 23:30:00;DK2;118,330002;884,114443
2026-03-05 22:45:00;2026-03-05 23:45:00;DK2;110,000000;821,876000
2026-03-05 23:00:00;2026-03-06 00:00:00;DK2;103,199997;770,986538
2026-03-05 23:15:00;2026-03-06 00:15:00;DK2;104,489998;780,623877
2026-03-05 23:30:00;2026-03-06 00:30:00;DK2;104,440002;780,250367
2026-03-05 23:45:00;2026-03-06 00:45:00;DK2;104,370003;779,727418
2026-03-06 00:00:00;2026-03-06 01:00:00;DK2;106,230003;793,623106
2026-03-06 00:15:00;2026-03-06 01:15:00;DK2;105,849998;790,784165
2026-03-06 00:30:00;2026-03-06 01:30:00;DK2;106,919998;798,777921
2026-03-06 00:45:00;2026-03-06 01:45:00;DK2;105,000000;784,434000
2026-03-06 01:00:00;2026-03-06 02:00:00;DK2;109,379997;817,156082
2026-03-06 01:15:00;2026-03-06 02:15:00;DK2;108,040001;807,145239
2026-03-06 01:30:00;2026-03-06 02:30:00;DK2;108,570000;811,104756
2026-03-06 01:45:00;2026-03-06 02:45:00;DK2;108,099998;807,593465
2026-03-06 02:00:00;2026-03-06 03:00:00;DK2;108,830002;813,047179
2026-03-06 02:15:00;2026-03-06 03:15:00;DK2;108,900002;813,570135
2026-03-06 02:30:00;2026-03-06 03:30:00;DK2;109,540001;818,351439
2026-03-06 02:45:00;2026-03-06 03:45:00;DK2;110,830002;827,988779
2026-03-06 03:00:00;2026-03-06 04:00:00;DK2;110,739998;827,316377
2026-03-06 03:15:00;2026-03-06 04:15:00;DK2;109,970001;821,563883
2026-03-06 03:30:00;2026-03-06 04:30:00;DK2;118,000000;881,554400
2026-03-06 03:45:00;2026-03-06 04:45:00;DK2;123,300003;921,149662
2026-03-06 04:00:00;2026-03-06 05:00:00;DK2;114,230003;853,389506
2026-03-06 04:15:00;2026-03-06 05:15:00;DK2;121,589996;908,374542
2026-03-06 04:30:00;2026-03-06 05:30:00;DK2;133,169998;994,886421
2026-03-06 04:45:00;2026-03-06 05:45:00;DK2;147,009995;1098,282271
2026-03-06 05:00:00;2026-03-06 06:00:00;DK2;129,100006;964,480325
2026-03-06 05:15:00;2026-03-06 06:15:00;DK2;147,360001;1100,897095
2026-03-06 05:30:00;2026-03-06 06:30:00;DK2;161,929993;1209,746592
2026-03-06 05:45:00;2026-03-06 06:45:00;DK2;193,449997;1445,226238
2026-03-06 06:00:00;2026-03-06 07:00:00;DK2;208,210007;1555,495320
2026-03-06 06:15:00;2026-03-06 07:15:00;DK2;198,869995;1485,717959
2026-03-06 06:30:00;2026-03-06 07:30:00;DK2;168,020004;1255,243846
2026-03-06 06:45:00;2026-03-06 07:45:00;DK2;134,410004;1004,150258
2026-03-06 07:00:00;2026-03-06 08:00:00;DK2;183,000000;1367,156400
2026-03-06 07:15:00;2026-03-06 08:15:00;DK2;148,940002;1112,700967
2026-03-06 07:30:00;2026-03-06 08:30:00;DK2;121,410004;907,029858
2026-03-06 07:45:00;2026-03-06 08:45:00;DK2;99,980003;746,930606
2026-03-06 08:00:00;2026-03-06 09:00:00;DK2;141,990005;1060,778929
2026-03-06 08:15:00;2026-03-06 09:15:00;DK2;108,610001;811,403595
2026-03-06 08:30:00;2026-03-06 09:30:00;DK2;103,169998;770,762421
2026-03-06 08:45:00;2026-03-06 09:45:00;DK2;93,910004;701,582858
2026-03-06 09:00:00;2026-03-06 10:00:00;DK2;111,980003;836,580206
2026-03-06 09:15:00;2026-03-06 10:15:00;DK2;100,690002;752,234867
2026-03-06 09:30:00;2026-03-06 10:30:00;DK2;96,129997;718,167982
2026-03-06 09:45:00;2026-03-06 10:45:00;DK2;77,650002;580,107635
2026-03-06 10:00:00;2026-03-06 11:00:00;DK2;89,830002;671,101979
2026-03-06 10:15:00;2026-03-06 11:15:00;DK2;74,900002;559,562935
2026-03-06 10:30:00;2026-03-06 11:30:00;DK2;73,029999;545,592517
2026-03-06 10:45:00;2026-03-06 11:45:00;DK2;66,010002;493,147523
2026-03-06 11:00:00;2026-03-06 12:00:00;DK2;63,130001;471,631611
2026-03-06 11:15:00;2026-03-06 12:15:00;DK2;49,380001;368,908111
2026-03-06 11:30:00;2026-03-06 12:30:00;DK2;51,779999;386,838017
2026-03-06 11:45:00;2026-03-06 12:45:00;DK2;46,669998;348,662221
2026-03-06 12:00:00;2026-03-06 13:00:00;DK2;48,240002;360,391407
2026-03-06 12:15:00;2026-03-06 13:15:00;DK2;49,439999;369,356345
2026-03-06 12:30:00;2026-03-06 13:30:00;DK2;48,730000;364,052084
2026-03-06 12:45:00;2026-03-06 13:45:00;DK2;54,509998;407,233293
2026-03-06 13:00:00;2026-03-06 14:00:00;DK2;45,779999;342,013217
2026-03-06 13:15:00;2026-03-06 14:15:00;DK2;64,519997;482,015994
2026-03-06 13:30:00;2026-03-06 14:30:00;DK2;84,589996;631,954942
2026-03-06 13:45:00;2026-03-06 14:45:00;DK2;102,230003;763,739906
2026-03-06 14:00:00;2026-03-06 15:00:00;DK2;83,970001;627,323083
2026-03-06 14:15:00;2026-03-06 15:15:00;DK2;104,010002;777,037923
2026-03-06 14:30:00;2026-03-06 15:30:00;DK2;105,000000;784,434000
2026-03-06 14:45:00;2026-03-06 15:45:00;DK2;133,000000;993,616400
2026-03-06 15:00:00;2026-03-06 16:00:00;DK2;91,860001;686,267695
2026-03-06 15:15:00;2026-03-06 16:15:00;DK2;120,610001;901,053195
2026-03-06 15:30:00;2026-03-06 16:30:00;DK2;138,880005;1037,544741
2026-03-06 15:45:00;2026-03-06 16:45:00;DK2;157,119995;1173,812059
2026-03-06 16:00:00;2026-03-06 17:00:00;DK2;129,630005;968,439841
2026-03-06 16:15:00;2026-03-06 17:15:00;DK2;154,679993;1155,583292
2026-03-06 16:30:00;2026-03-06 17:30:00;DK2;190,699997;1424,681538
2026-03-06 16:45:00;2026-03-06 17:45:00;DK2;248,919998;1859,631521
2026-03-06 17:00:00;2026-03-06 18:00:00;DK2;228,169998;1704,612421
2026-03-06 17:15:00;2026-03-06 18:15:00;DK2;244,960007;1830,047220
2026-03-06 17:30:00;2026-03-06 18:30:00;DK2;230,039993;1718,582780
2026-03-06 17:45:00;2026-03-06 18:45:00;DK2;215,119995;1607,118459
2026-03-06 18:00:00;2026-03-06 19:00:00;DK2;238,119995;1778,946859
2026-03-06 18:15:00;2026-03-06 19:15:00;DK2;184,389999;1377,540805
2026-03-06 18:30:00;2026-03-06 19:30:00;DK2;170,419998;1273,173721
2026-03-06 18:45:00;2026-03-06 19:45:00;DK2;166,169998;1241,422821
2026-03-06 19:00:00;2026-03-06 20:00:00;DK2;169,770004;1268,317746
2026-03-06 19:15:00;2026-03-06 20:15:00;DK2;160,059998;1195,776233
2026-03-06 19:30:00;2026-03-06 20:30:00;DK2;153,440002;1146,319567
2026-03-06 19:45:00;2026-03-06 20:45:00;DK2;129,199997;965,227338
2026-03-06 20:00:00;2026-03-06 21:00:00;DK2;150,399994;1123,608275
2026-03-06 20:15:00;2026-03-06 21:15:00;DK2;142,000000;1060,853600
2026-03-06 20:30:00;2026-03-06 21:30:00;DK2;128,130005;957,233641
2026-03-06 20:45:00;2026-03-06 21:45:00;DK2;116,260002;868,555223
2026-03-06 21:00:00;2026-03-06 22:00:00;DK2;135,869995;1015,057559
2026-03-06 21:15:00;2026-03-06 22:15:00;DK2;127,160004;949,986958
2026-03-06 21:30:00;2026-03-06 22:30:00;DK2;126,830002;947,521579
2026-03-06 21:45:00;2026-03-06 22:45:00;DK2;119,139999;890,071105
2026-03-06 22:00:00;2026-03-06 23:00:00;DK2;136,440002;1019,315967
2026-03-06 22:15:00;2026-03-06 23:15:00;DK2;126,959999;948,492761
2026-03-06 22:30:00;2026-03-06 23:30:00;DK2;124,889999;933,028205
2026-03-06 22:45:00;2026-03-06 23:45:00;DK2;116,029999;866,836917
2026-03-06 23:00:00;2026-03-07 00:00:00;DK2;141,320007;1055,773508
2026-03-06 23:15:00;2026-03-07 00:15:00;DK2;136,729996;1021,482454
2026-03-06 23:30:00;2026-03-07 00:30:00;DK2;132,779999;991,972817
2026-03-06 23:45:00;2026-03-07 00:45:00;DK2;129,850006;970,083425
2026-03-07 00:00:00;2026-03-07 01:00:00;DK2;137,619995;1028,131459
2026-03-07 00:15:00;2026-03-07 01:15:00;DK2;132,289993;988,312080
2026-03-07 00:30:00;2026-03-07 01:30:00;DK2;128,199997;957,756538
2026-03-07 00:45:00;2026-03-07 01:45:00;DK2;124,629997;931,085782
2026-03-07 01:00:00;2026-03-07 02:00:00;DK2;129,770004;969,485746
2026-03-07 01:15:00;2026-03-07 02:15:00;DK2;125,669998;938,855421
2026-03-07 01:30:00;2026-03-07 02:30:00;DK2;124,150002;927,499835
2026-03-07 01:45:00;2026-03-07 02:45:00;DK2;123,129997;919,879582
2026-03-07 02:00:00;2026-03-07 03:00:00;DK2;126,489998;944,981477
2026-03-07 02:15:00;2026-03-07 03:15:00;DK2;124,779999;932,206417
2026-03-07 02:30:00;2026-03-07 03:30:00;DK2;123,320000;921,299056
2026-03-07 02:45:00;2026-03-07 03:45:00;DK2;122,970001;918,684283
2026-03-07 03:00:00;2026-03-07 04:00:00;DK2;122,970001;918,684283
2026-03-07 03:15:00;2026-03-07 04:15:00;DK2;124,129997;927,350382
2026-03-07 03:30:00;2026-03-07 04:30:00;DK2;124,500000;930,114600
2026-03-07 03:45:00;2026-03-07 04:45:00;DK2;127,389999;951,705205
2026-03-07 04:00:00;2026-03-07 05:00:00;DK2;124,769997;932,131694
2026-03-07 04:15:00;2026-03-07 05:15:00;DK2;128,929993;963,210192
2026-03-07 04:30:00;2026-03-07 05:30:00;DK2;129,899994;970,456875
2026-03-07 04:45:00;2026-03-07 05:45:00;DK2;132,940002;993,168167
2026-03-07 05:00:00;2026-03-07 06:00:00;DK2;133,190002;995,035867
2026-03-07 05:15:00;2026-03-07 06:15:00;DK2;138,850006;1037,320625
2026-03-07 05:30:00;2026-03-07 06:30:00;DK2;141,339996;1055,922842
2026-03-07 05:45:00;2026-03-07 06:45:00;DK2;130,899994;977,927675
2026-03-07 06:00:00;2026-03-07 07:00:00;DK2;146,270004;1092,753946
2026-03-07 06:15:00;2026-03-07 07:15:00;DK2;136,000000;1016,028800
2026-03-07 06:30:00;2026-03-07 07:30:00;DK2;129,300003;965,974462
2026-03-07 06:45:00;2026-03-07 07:45:00;DK2;106,660004;796,835558
2026-03-07 07:00:00;2026-03-07 08:00:00;DK2;135,990005;1015,954129
2026-03-07 07:15:00;2026-03-07 08:15:00;DK2;126,110001;942,142595
2026-03-07 07:30:00;2026-03-07 08:30:00;DK2;104,959999;784,135161
2026-03-07 07:45:00;2026-03-07 08:45:00;DK2;84,500000;631,282600
2026-03-07 08:00:00;2026-03-07 09:00:00;DK2;129,039993;964,031980
2026-03-07 08:15:00;2026-03-07 09:15:00;DK2;108,320000;809,237056
2026-03-07 08:30:00;2026-03-07 09:30:00;DK2;95,209999;711,294861
2026-03-07 08:45:00;2026-03-07 09:45:00;DK2;78,519997;586,607194
2026-03-07 09:00:00;2026-03-07 10:00:00;DK2;102,400002;765,009935
2026-03-07 09:15:00;2026-03-07 10:15:00;DK2;83,739998;625,604777
2026-03-07 09:30:00;2026-03-07 10:30:00;DK2;69,879997;522,059482
2026-03-07 09:45:00;2026-03-07 10:45:00;DK2;60,419998;451,385721
2026-03-07 10:00:00;2026-03-07 11:00:00;DK2;70,000000;522,956000
2026-03-07 10:15:00;2026-03-07 11:15:00;DK2;68,330002;510,479779
2026-03-07 10:30:00;2026-03-07 11:30:00;DK2;67,820000;506,669656
2026-03-07 10:45:00;2026-03-07 11:45:00;DK2;67,330002;503,008979
2026-03-07 11:00:00;2026-03-07 12:00:00;DK2;67,470001;504,054883
2026-03-07 11:15:00;2026-03-07 12:15:00;DK2;66,300003;495,314062
2026-03-07 11:30:00;2026-03-07 12:30:00;DK2;67,720001;505,922583
2026-03-07 11:45:00;2026-03-07 12:45:00;DK2;67,230003;502,261906
2026-03-07 12:00:00;2026-03-07 13:00:00;DK2;55,509998;414,704093
2026-03-07 12:15:00;2026-03-07 13:15:00;DK2;66,290001;495,239339
2026-03-07 12:30:00;2026-03-07 13:30:00;DK2;65,940002;492,624567
2026-03-07 12:45:00;2026-03-07 13:45:00;DK2;65,720001;490,980983
2026-03-07 13:00:00;2026-03-07 14:00:00;DK2;65,849998;491,952165
2026-03-07 13:15:00;2026-03-07 14:15:00;DK2;70,180000;524,300744
2026-03-07 13:30:00;2026-03-07 14:30:00;DK2;50,220001;375,183583
2026-03-07 13:45:00;2026-03-07 14:45:00;DK2;50,880001;380,114311
2026-03-07 14:00:00;2026-03-07 15:00:00;DK2;37,639999;281,200905
2026-03-07 14:15:00;2026-03-07 15:15:00;DK2;78,919998;589,595521
2026-03-07 14:30:00;2026-03-07 15:30:00;DK2;95,570000;713,984356
2026-03-07 14:45:00;2026-03-07 15:45:00;DK2;125,779999;939,677217
2026-03-07 15:00:00;2026-03-07 16:00:00;DK2;83,989998;627,472477
2026-03-07 15:15:00;2026-03-07 16:15:00;DK2;114,599998;856,153665
2026-03-07 15:30:00;2026-03-07 16:30:00;DK2;145,039993;1083,564780
2026-03-07 15:45:00;2026-03-07 16:45:00;DK2;179,479996;1340,859154
2026-03-07 16:00:00;2026-03-07 17:00:00;DK2;123,550003;923,017362
2026-03-07 16:15:00;2026-03-07 17:15:00;DK2;155,309998;1160,289933
2026-03-07 16:30:00;2026-03-07 17:30:00;DK2;150,089996;1121,292342
2026-03-07 16:45:00;2026-03-07 17:45:00;DK2;197,039993;1472,046380
2026-03-07 17:00:00;2026-03-07 18:00:00;DK2;168,270004;1257,111546
2026-03-07 17:15:00;2026-03-07 18:15:00;DK2;177,089996;1323,003942
2026-03-07 17:30:00;2026-03-07 18:30:00;DK2;194,050003;1449,708762
2026-03-07 17:45:00;2026-03-07 18:45:00;DK2;184,399994;1377,615475
2026-03-07 18:00:00;2026-03-07 19:00:00;DK2;185,330002;1384,563379
2026-03-07 18:15:00;2026-03-07 19:15:00;DK2;170,020004;1270,185446
2026-03-07 18:30:00;2026-03-07 19:30:00;DK2;163,250000;1219,608100
2026-03-07 18:45:00;2026-03-07 19:45:00;DK2;148,580002;1110,011479
2026-03-07 19:00:00;2026-03-07 20:00:00;DK2;157,800003;1178,892262
2026-03-07 19:15:00;2026-03-07 20:15:00;DK2;151,990005;1135,486929
2026-03-07 19:30:00;2026-03-07 20:30:00;DK2;145,350006;1085,880825
2026-03-07 19:45:00;2026-03-07 20:45:00;DK2;137,949997;1030,596838
2026-03-07 20:00:00;2026-03-07 21:00:00;DK2;146,580002;1095,069879
2026-03-07 20:15:00;2026-03-07 21:15:00;DK2;140,039993;1046,210780
2026-03-07 20:30:00;2026-03-07 21:30:00;DK2;135,759995;1014,235771
2026-03-07 20:45:00;2026-03-07 21:45:00;DK2;128,279999;958,354217
2026-03-07 21:00:00;2026-03-07 22:00:00;DK2;142,190002;1062,273067
2026-03-07 21:15:00;2026-03-07 22:15:00;DK2;133,850006;999,966625
2026-03-07 21:30:00;2026-03-07 22:30:00;DK2;130,940002;978,226567
2026-03-07 21:45:00;2026-03-07 22:45:00;DK2;130,029999;971,428117
2026-03-07 22:00:00;2026-03-07 23:00:00;DK2;144,190002;1077,214667
2026-03-07 22:15:00;2026-03-07 23:15:00;DK2;130,970001;978,450683
2026-03-07 22:30:00;2026-03-07 23:30:00;DK2;126,660004;946,251558
2026-03-07 22:45:00;2026-03-07 23:45:00;DK2;120,989998;903,892077
2026-03-07 23:00:00;2026-03-08 00:00:00;DK2;136,199997;1017,522938
2026-03-07 23:15:00;2026-03-08 00:15:00;DK2;137,320007;1025,890308
2026-03-07 23:30:00;2026-03-08 00:30:00;DK2;131,779999;984,502017
2026-03-07 23:45:00;2026-03-08 00:45:00;DK2;129,279999;965,825017
2026-03-08 00:00:00;2026-03-08 01:00:00;DK2;139,429993;1041,653592
2026-03-08 00:15:00;2026-03-08 01:15:00;DK2;135,029999;1008,782117
2026-03-08 00:30:00;2026-03-08 01:30:00;DK2;130,029999;971,428117
2026-03-08 00:45:00;2026-03-08 01:45:00;DK2;126,580002;945,653879
2026-03-08 01:00:00;2026-03-08 02:00:00;DK2;134,029999;1001,311317
2026-03-08 01:15:00;2026-03-08 02:15:00;DK2;133,449997;996,978238
2026-03-08 01:30:00;2026-03-08 02:30:00;DK2;130,020004;971,353446
2026-03-08 01:45:00;2026-03-08 02:45:00;DK2;127,379997;951,630482
2026-03-08 02:00:00;2026-03-08 03:00:00;DK2;132,559998;990,329233
2026-03-08 02:15:00;2026-03-08 03:15:00;DK2;130,110001;972,025795
2026-03-08 02:30:00;2026-03-08 03:30:00;DK2;130,440002;974,491167
2026-03-08 02:45:00;2026-03-08 03:45:00;DK2;127,400002;951,779935
2026-03-08 03:00:00;2026-03-08 04:00:00;DK2;129,399994;966,721475
2026-03-08 03:15:00;2026-03-08 04:15:00;DK2;128,809998;962,313733
2026-03-08 03:30:00;2026-03-08 04:30:00;DK2;129,229996;965,451454
2026-03-08 03:45:00;2026-03-08 04:45:00;DK2;130,039993;971,502780
2026-03-08 04:00:00;2026-03-08 05:00:00;DK2;129,850006;970,083425
2026-03-08 04:15:00;2026-03-08 05:15:00;DK2;127,419998;951,929321
2026-03-08 04:30:00;2026-03-08 05:30:00;DK2;130,029999;971,428117
2026-03-08 04:45:00;2026-03-08 05:45:00;DK2;131,350006;981,289625
2026-03-08 05:00:00;2026-03-08 06:00:00;DK2;130,559998;975,387633
2026-03-08 05:15:00;2026-03-08 06:15:00;DK2;134,910004;1007,885658
2026-03-08 05:30:00;2026-03-08 06:30:00;DK2;130,830002;977,404779
2026-03-08 05:45:00;2026-03-08 06:45:00;DK2;128,160004;957,457758
2026-03-08 06:00:00;2026-03-08 07:00:00;DK2;139,070007;1038,964208
2026-03-08 06:15:00;2026-03-08 07:15:00;DK2;128,149994;957,382975
2026-03-08 06:30:00;2026-03-08 07:30:00;DK2;108,959999;814,018361
2026-03-08 06:45:00;2026-03-08 07:45:00;DK2;91,779999;685,670017
2026-03-08 07:00:00;2026-03-08 08:00:00;DK2;130,630005;975,910641
2026-03-08 07:15:00;2026-03-08 08:15:00;DK2;109,160004;815,512558
2026-03-08 07:30:00;2026-03-08 08:30:00;DK2;104,349998;779,577965
2026-03-08 07:45:00;2026-03-08 08:45:00;DK2;89,970001;672,147883
2026-03-08 08:00:00;2026-03-08 09:00:00;DK2;110,949997;828,885238
2026-03-08 08:15:00;2026-03-08 09:15:00;DK2;94,620003;706,887118
2026-03-08 08:30:00;2026-03-08 09:30:00;DK2;86,699997;647,718338
2026-03-08 08:45:00;2026-03-08 09:45:00;DK2;70,449997;526,317838
2026-03-08 09:00:00;2026-03-08 10:00:00;DK2;90,709999;677,676261
2026-03-08 09:15:00;2026-03-08 10:15:00;DK2;83,070000;620,599356
2026-03-08 09:30:00;2026-03-08 10:30:00;DK2;47,330002;353,592979
2026-03-08 09:45:00;2026-03-08 10:45:00;DK2;29,900000;223,376920
2026-03-08 10:00:00;2026-03-08 11:00:00;DK2;29,309999;218,969141
2026-03-08 10:15:00;2026-03-08 11:15:00;DK2;24,900000;186,022920
2026-03-08 10:30:00;2026-03-08 11:30:00;DK2;25,620001;191,401903
2026-03-08 10:45:00;2026-03-08 11:45:00;DK2;27,480000;205,297584
2026-03-08 11:00:00;2026-03-08 12:00:00;DK2;25,209999;188,338861
2026-03-08 11:15:00;2026-03-08 12:15:00;DK2;25,080000;187,367664
2026-03-08 11:30:00;2026-03-08 12:30:00;DK2;25,160000;187,965328
2026-03-08 11:45:00;2026-03-08 12:45:00;DK2;27,969999;208,958269
2026-03-08 12:00:00;2026-03-08 13:00:00;DK2;24,809999;185,350541
2026-03-08 12:15:00;2026-03-08 13:15:00;DK2;26,600000;198,723280
2026-03-08 12:30:00;2026-03-08 13:30:00;DK2;27,610001;206,268795
2026-03-08 12:45:00;2026-03-08 13:45:00;DK2;29,570000;220,911556
2026-03-08 13:00:00;2026-03-08 14:00:00;DK2;25,129999;187,741197
2026-03-08 13:15:00;2026-03-08 14:15:00;DK2;27,680000;206,791744
2026-03-08 13:30:00;2026-03-08 14:30:00;DK2;31,070000;232,117756
2026-03-08 13:45:00;2026-03-08 14:45:00;DK2;39,930000;298,309044
2026-03-08 14:00:00;2026-03-08 15:00:00;DK2;33,430000;249,748844
2026-03-08 14:15:00;2026-03-08 15:15:00;DK2;49,230000;367,787484
2026-03-08 14:30:00;2026-03-08 15:30:00;DK2;85,699997;640,247538
2026-03-08 14:45:00;2026-03-08 15:45:00;DK2;111,730003;834,712506
2026-03-08 15:00:00;2026-03-08 16:00:00;DK2;74,550003;556,948162
2026-03-08 15:15:00;2026-03-08 16:15:00;DK2;107,809998;805,426933
2026-03-08 15:30:00;2026-03-08 16:30:00;DK2;135,830002;1014,758779
2026-03-08 15:45:00;2026-03-08 16:45:00;DK2;154,850006;1156,853425
2026-03-08 16:00:00;2026-03-08 17:00:00;DK2;120,879997;903,070282
2026-03-08 16:15:00;2026-03-08 17:15:00;DK2;135,789993;1014,459880
2026-03-08 16:30:00;2026-03-08 17:30:00;DK2;146,339996;1093,276842
2026-03-08 16:45:00;2026-03-08 17:45:00;DK2;182,240005;1361,478629
2026-03-08 17:00:00;2026-03-08 18:00:00;DK2;154,899994;1157,226875
2026-03-08 17:15:00;2026-03-08 18:15:00;DK2;158,710007;1185,690720
2026-03-08 17:30:00;2026-03-08 18:30:00;DK2;156,639999;1170,226105
2026-03-08 17:45:00;2026-03-08 18:45:00;DK2;170,789993;1275,937880
2026-03-08 18:00:00;2026-03-08 19:00:00;DK2;160,199997;1196,822138
2026-03-08 18:15:00;2026-03-08 19:15:00;DK2;150,869995;1127,119559
2026-03-08 18:30:00;2026-03-08 19:30:00;DK2;155,139999;1159,019905
2026-03-08 18:45:00;2026-03-08 19:45:00;DK2;149,990005;1120,545329
2026-03-08 19:00:00;2026-03-08 20:00:00;DK2;150,089996;1121,292342
2026-03-08 19:15:00;2026-03-08 20:15:00;DK2;141,309998;1055,698733
2026-03-08 19:30:00;2026-03-08 20:30:00;DK2;135,770004;1014,310546
2026-03-08 19:45:00;2026-03-08 20:45:00;DK2;127,980003;956,113006
2026-03-08 20:00:00;2026-03-08 21:00:00;DK2;137,979996;1030,820954
2026-03-08 20:15:00;2026-03-08 21:15:00;DK2;130,949997;978,301238
2026-03-08 20:30:00;2026-03-08 21:30:00;DK2;124,339996;928,919242
2026-03-08 20:45:00;2026-03-08 21:45:00;DK2;116,349998;869,227565
2026-03-08 21:00:00;2026-03-08 22:00:00;DK2;129,940002;970,755767
2026-03-08 21:15:00;2026-03-08 22:15:00;DK2;120,470001;900,007283
2026-03-08 21:30:00;2026-03-08 22:30:00;DK2;117,599998;878,566065
2026-03-08 21:45:00;2026-03-08 22:45:00;DK2;116,250000;868,480500
2026-03-08 22:00:00;2026-03-08 23:00:00;DK2;119,279999;891,117017
2026-03-08 22:15:00;2026-03-08 23:15:00;DK2;114,209999;853,240061
2026-03-08 22:30:00;2026-03-08 23:30:00;DK2;113,760002;849,878223
2026-03-08 22:45:00;2026-03-08 23:45:00;DK2;106,870003;798,404418
2026-03-08 23:00:00;2026-03-09 00:00:00;DK2;121,470001;907,478083
2026-03-08 23:15:00;2026-03-09 00:15:00;DK2;114,419998;854,808921
2026-03-08 23:30:00;2026-03-09 00:30:00;DK2;112,709999;842,033861
2026-03-08 23:45:00;2026-03-09 00:45:00;DK2;107,589996;803,783342
2026-03-09 00:00:00;2026-03-09 01:00:00;DK2;111,519997;833,143594
2026-03-09 00:15:00;2026-03-09 01:15:00;DK2;109,639999;819,098505
2026-03-09 00:30:00;2026-03-09 01:30:00;DK2;108,639999;811,627705
2026-03-09 00:45:00;2026-03-09 01:45:00;DK2;107,129997;800,346782
2026-03-09 01:00:00;2026-03-09 02:00:00;DK2;108,839996;813,121842
2026-03-09 01:15:00;2026-03-09 02:15:00;DK2;107,730003;804,829306
2026-03-09 01:30:00;2026-03-09 02:30:00;DK2;109,830002;820,517979
2026-03-09 01:45:00;2026-03-09 02:45:00;DK2;109,919998;821,190321
2026-03-09 02:00:00;2026-03-09 03:00:00;DK2;109,949997;821,414438
2026-03-09 02:15:00;2026-03-09 03:15:00;DK2;110,370003;824,552218
2026-03-09 02:30:00;2026-03-09 03:30:00;DK2;110,360001;824,477495
2026-03-09 02:45:00;2026-03-09 03:45:00;DK2;111,080002;829,856479
2026-03-09 03:00:00;2026-03-09 04:00:00;DK2;112,959999;843,901561
2026-03-09 03:15:00;2026-03-09 04:15:00;DK2;112,559998;840,913233
2026-03-09 03:30:00;2026-03-09 04:30:00;DK2;116,080002;867,210479
2026-03-09 03:45:00;2026-03-09 04:45:00;DK2;123,800003;924,885062
2026-03-09 04:00:00;2026-03-09 05:00:00;DK2;112,870003;843,229218
2026-03-09 04:15:00;2026-03-09 05:15:00;DK2;125,959999;941,021961
2026-03-09 04:30:00;2026-03-09 05:30:00;DK2;142,259995;1062,795971
2026-03-09 04:45:00;2026-03-09 05:45:00;DK2;166,740005;1245,681229
2026-03-09 05:00:00;2026-03-09 06:00:00;DK2;140,880005;1052,486341
2026-03-09 05:15:00;2026-03-09 06:15:00;DK2;153,000000;1143,032400
2026-03-09 05:30:00;2026-03-09 06:30:00;DK2;179,229996;1338,991454
2026-03-09 05:45:00;2026-03-09 06:45:00;DK2;182,470001;1363,196883
2026-03-09 06:00:00;2026-03-09 07:00:00;DK2;218,279999;1630,726217
2026-03-09 06:15:00;2026-03-09 07:15:00;DK2;217,509995;1624,973671
2026-03-09 06:30:00;2026-03-09 07:30:00;DK2;180,460007;1348,180620
2026-03-09 06:45:00;2026-03-09 07:45:00;DK2;149,960007;1120,321220
2026-03-09 07:00:00;2026-03-09 08:00:00;DK2;227,440002;1699,158767
2026-03-09 07:15:00;2026-03-09 08:15:00;DK2;158,199997;1181,880538
2026-03-09 07:30:00;2026-03-09 08:30:00;DK2;146,770004;1096,489346
2026-03-09 07:45:00;2026-03-09 08:45:00;DK2;117,800003;880,060262
2026-03-09 08:00:00;2026-03-09 09:00:00;DK2;160,020004;1195,477446
2026-03-09 08:15:00;2026-03-09 09:15:00;DK2;129,570007;967,991608
2026-03-09 08:30:00;2026-03-09 09:30:00;DK2;116,269997;868,629894
2026-03-09 08:45:00;2026-03-09 09:45:00;DK2;102,339996;764,561642
2026-03-09 09:00:00;2026-03-09 10:00:00;DK2;116,080002;867,210479
2026-03-09 09:15:00;2026-03-09 10:15:00;DK2;106,790001;797,806739
2026-03-09 09:30:00;2026-03-09 10:30:00;DK2;94,349998;704,869965
2026-03-09 09:45:00;2026-03-09 10:45:00;DK2;87,199997;651,453738
2026-03-09 10:00:00;2026-03-09 11:00:00;DK2;90,370003;675,136218
2026-03-09 10:15:00;2026-03-09 11:15:00;DK2;84,959999;634,719161
2026-03-09 10:30:00;2026-03-09 11:30:00;DK2;78,620003;587,354318
2026-03-09 10:45:00;2026-03-09 11:45:00;DK2;72,779999;543,724817
2026-03-09 11:00:00;2026-03-09 12:00:00;DK2;71,769997;536,179294
2026-03-09 11:15:00;2026-03-09 12:15:00;DK2;69,809998;521,536533
2026-03-09 11:30:00;2026-03-09 12:30:00;DK2;69,190002;516,904667
2026-03-09 11:45:00;2026-03-09 12:45:00;DK2;68,000000;508,014400
2026-03-09 12:00:00;2026-03-09 13:00:00;DK2;66,129997;494,043982
2026-03-09 12:15:00;2026-03-09 13:15:00;DK2;67,059998;500,991833
2026-03-09 12:30:00;2026-03-09 13:30:00;DK2;69,339996;518,025242
2026-03-09 12:45:00;2026-03-09 13:45:00;DK2;73,169998;546,638421
2026-03-09 13:00:00;2026-03-09 14:00:00;DK2;65,940002;492,624567
2026-03-09 13:15:00;2026-03-09 14:15:00;DK2;79,500000;593,928600
2026-03-09 13:30:00;2026-03-09 14:30:00;DK2;84,559998;631,730833
2026-03-09 13:45:00;2026-03-09 14:45:00;DK2;95,480003;713,312006
2026-03-09 14:00:00;2026-03-09 15:00:00;DK2;93,820000;700,910456
2026-03-09 14:15:00;2026-03-09 15:15:00;DK2;99,720001;744,988183
2026-03-09 14:30:00;2026-03-09 15:30:00;DK2;116,070000;867,135756
2026-03-09 14:45:00;2026-03-09 15:45:00;DK2;142,339996;1063,393642
2026-03-09 15:00:00;2026-03-09 16:00:00;DK2;100,910004;753,878458
2026-03-09 15:15:00;2026-03-09 16:15:00;DK2;137,259995;1025,441971
2026-03-09 15:30:00;2026-03-09 16:30:00;DK2;150,580002;1124,953079
2026-03-09 15:45:00;2026-03-09 16:45:00;DK2;185,000000;1382,098000
2026-03-09 16:00:00;2026-03-09 17:00:00;DK2;127,129997;949,762782
2026-03-09 16:15:00;2026-03-09 17:15:00;DK2;161,809998;1208,850133
2026-03-09 16:30:00;2026-03-09 17:30:00;DK2;199,529999;1490,648717
2026-03-09 16:45:00;2026-03-09 17:45:00;DK2;259,600006;1939,419725
2026-03-09 17:00:00;2026-03-09 18:00:00;DK2;231,759995;1731,432571
2026-03-09 17:15:00;2026-03-09 18:15:00;DK2;251,509995;1878,980871
2026-03-09 17:30:00;2026-03-09 18:30:00;DK2;250,820007;1873,826108
2026-03-09 17:45:00;2026-03-09 18:45:00;DK2;250,369995;1870,464159
2026-03-09 18:00:00;2026-03-09 19:00:00;DK2;248,130005;1853,729641
2026-03-09 18:15:00;2026-03-09 19:15:00;DK2;218,080002;1629,232079
2026-03-09 18:30:00;2026-03-09 19:30:00;DK2;217,729996;1626,617254
2026-03-09 18:45:00;2026-03-09 19:45:00;DK2;205,570007;1535,772408
2026-03-09 19:00:00;2026-03-09 20:00:00;DK2;217,759995;1626,841371
2026-03-09 19:15:00;2026-03-09 20:15:00;DK2;195,089996;1457,478342
2026-03-09 19:30:00;2026-03-09 20:30:00;DK2;160,479996;1198,913954
2026-03-09 19:45:00;2026-03-09 20:45:00;DK2;149,970001;1120,395883
2026-03-09 20:00:00;2026-03-09 21:00:00;DK2;169,929993;1269,512992
2026-03-09 20:15:00;2026-03-09 21:15:00;DK2;157,160004;1174,110958
2026-03-09 20:30:00;2026-03-09 21:30:00;DK2;146,639999;1095,518105
2026-03-09 20:45:00;2026-03-09 21:45:00;DK2;134,619995;1005,719059
2026-03-09 21:00:00;2026-03-09 22:00:00;DK2;155,020004;1158,123446
2026-03-09 21:15:00;2026-03-09 22:15:00;DK2;144,630005;1080,501841
2026-03-09 21:30:00;2026-03-09 22:30:00;DK2;143,050003;1068,697962
2026-03-09 21:45:00;2026-03-09 22:45:00;DK2;130,110001;972,025795
2026-03-09 22:00:00;2026-03-09 23:00:00;DK2;139,070007;1038,964208
2026-03-09 22:15:00;2026-03-09 23:15:00;DK2;134,320007;1003,477908
2026-03-09 22:30:00;2026-03-09 23:30:00;DK2;127,940002;955,814167
2026-03-09 22:45:00;2026-03-09 23:45:00;DK2;129,199997;965,227338
2026-03-09 23:00:00;2026-03-10 00:00:00;DK2;149,039993;1113,522500
2026-03-09 23:15:00;2026-03-10 00:15:00;DK2;139,050003;1038,884287
2026-03-09 23:30:00;2026-03-10 00:30:00;DK2;135,960007;1015,798000
2026-03-09 23:45:00;2026-03-10 00:45:00;DK2;130,020004;971,418456
2026-03-10 00:00:00;2026-03-10 01:00:00;DK2;135,559998;1012,809413
2026-03-10 00:15:00;2026-03-10 01:15:00;DK2;129,929993;970,745957
2026-03-10 00:30:00;2026-03-10 01:30:00;DK2;128,289993;958,493025
2026-03-10 00:45:00;2026-03-10 01:45:00;DK2;127,739998;954,383847
2026-03-10 01:00:00;2026-03-10 02:00:00;DK2;128,800003;962,303462
2026-03-10 01:15:00;2026-03-10 02:15:00;DK2;127,889999;955,504550
2026-03-10 01:30:00;2026-03-10 02:30:00;DK2;127,730003;954,309171
2026-03-10 01:45:00;2026-03-10 02:45:00;DK2;125,769997;939,665379
2026-03-10 02:00:00;2026-03-10 03:00:00;DK2;125,489998;937,573422
2026-03-10 02:15:00;2026-03-10 03:15:00;DK2;125,190002;935,332062
2026-03-10 02:30:00;2026-03-10 03:30:00;DK2;126,750000;946,987275
2026-03-10 02:45:00;2026-03-10 03:45:00;DK2;129,919998;970,671281
2026-03-10 03:00:00;2026-03-10 04:00:00;DK2;122,879997;918,073322
2026-03-10 03:15:00;2026-03-10 04:15:00;DK2;125,279999;936,004457
2026-03-10 03:30:00;2026-03-10 04:30:00;DK2;130,559998;975,452913
2026-03-10 03:45:00;2026-03-10 04:45:00;DK2;134,970001;1008,401368
2026-03-10 04:00:00;2026-03-10 05:00:00;DK2;126,199997;942,878038
2026-03-10 04:15:00;2026-03-10 05:15:00;DK2;132,020004;986,361056
2026-03-10 04:30:00;2026-03-10 05:30:00;DK2;140,470001;1049,493518
2026-03-10 04:45:00;2026-03-10 05:45:00;DK2;155,570007;1162,310193
2026-03-10 05:00:00;2026-03-10 06:00:00;DK2;142,449997;1064,286663
2026-03-10 05:15:00;2026-03-10 06:15:00;DK2;167,929993;1254,655357
2026-03-10 05:30:00;2026-03-10 06:30:00;DK2;174,559998;1304,190113
2026-03-10 05:45:00;2026-03-10 06:45:00;DK2;187,000000;1397,133100
2026-03-10 06:00:00;2026-03-10 07:00:00;DK2;198,529999;1483,277182
2026-03-10 06:15:00;2026-03-10 07:15:00;DK2;199,820007;1492,915218
2026-03-10 06:30:00;2026-03-10 07:30:00;DK2;173,949997;1299,632613
2026-03-10 06:45:00;2026-03-10 07:45:00;DK2;152,679993;1140,718032
2026-03-10 07:00:00;2026-03-10 08:00:00;DK2;227,440002;1699,272487
2026-03-10 07:15:00;2026-03-10 08:15:00;DK2;176,270004;1316,966081
2026-03-10 07:30:00;2026-03-10 08:30:00;DK2;154,899994;1157,304325
2026-03-10 07:45:00;2026-03-10 08:45:00;DK2;134,250000;1003,022025
2026-03-10 08:00:00;2026-03-10 09:00:00;DK2;176,410004;1318,012063
2026-03-10 08:15:00;2026-03-10 09:15:00;DK2;141,720001;1058,832643
2026-03-10 08:30:00;2026-03-10 09:30:00;DK2;128,110001;957,148250
2026-03-10 08:45:00;2026-03-10 09:45:00;DK2;115,589996;863,607537
2026-03-10 09:00:00;2026-03-10 10:00:00;DK2;145,059998;1083,786763
2026-03-10 09:15:00;2026-03-10 10:15:00;DK2;112,160004;837,981038
2026-03-10 09:30:00;2026-03-10 10:30:00;DK2;111,940002;836,337337
2026-03-10 09:45:00;2026-03-10 10:45:00;DK2;103,559998;773,727813
2026-03-10 10:00:00;2026-03-10 11:00:00;DK2;117,300003;876,383512
2026-03-10 10:15:00;2026-03-10 11:15:00;DK2;106,669998;796,963556
2026-03-10 10:30:00;2026-03-10 11:30:00;DK2;98,639999;736,969025
2026-03-10 10:45:00;2026-03-10 11:45:00;DK2;92,309998;689,675688
2026-03-10 11:00:00;2026-03-10 12:00:00;DK2;96,480003;720,831046
2026-03-10 11:15:00;2026-03-10 12:15:00;DK2;90,510002;676,227378
2026-03-10 11:30:00;2026-03-10 12:30:00;DK2;87,589996;654,411137
2026-03-10 11:45:00;2026-03-10 12:45:00;DK2;90,930000;679,365309
2026-03-10 12:00:00;2026-03-10 13:00:00;DK2;93,809998;700,882638
2026-03-10 12:15:00;2026-03-10 13:15:00;DK2;94,440002;705,589587
2026-03-10 12:30:00;2026-03-10 13:30:00;DK2;98,559998;736,371313
2026-03-10 12:45:00;2026-03-10 13:45:00;DK2;101,070000;755,124291
2026-03-10 13:00:00;2026-03-10 14:00:00;DK2;101,930000;761,549609
2026-03-10 13:15:00;2026-03-10 14:15:00;DK2;104,050003;777,388787
2026-03-10 13:30:00;2026-03-10 14:30:00;DK2;103,860001;775,969225
2026-03-10 13:45:00;2026-03-10 14:45:00;DK2;118,580002;885,946769
2026-03-10 14:00:00;2026-03-10 15:00:00;DK2;109,690002;819,526912
2026-03-10 14:15:00;2026-03-10 15:15:00;DK2;109,199997;815,865938
2026-03-10 14:30:00;2026-03-10 15:30:00;DK2;116,199997;868,165038
2026-03-10 14:45:00;2026-03-10 15:45:00;DK2;150,600006;1125,177825
2026-03-10 15:00:00;2026-03-10 16:00:00;DK2;107,300003;801,670512
2026-03-10 15:15:00;2026-03-10 16:15:00;DK2;136,289993;1018,263425
2026-03-10 15:30:00;2026-03-10 16:30:00;DK2;154,089996;1151,252587
2026-03-10 15:45:00;2026-03-10 16:45:00;DK2;179,639999;1342,144325
2026-03-10 16:00:00;2026-03-10 17:00:00;DK2;132,089996;986,883987
2026-03-10 16:15:00;2026-03-10 17:15:00;DK2;158,720001;1185,844743
2026-03-10 16:30:00;2026-03-10 17:30:00;DK2;189,429993;1415,288307
2026-03-10 16:45:00;2026-03-10 17:45:00;DK2;235,500000;1759,491150
2026-03-10 17:00:00;2026-03-10 18:00:00;DK2;201,460007;1505,168150
2026-03-10 17:15:00;2026-03-10 18:15:00;DK2;224,250000;1675,439025
2026-03-10 17:30:00;2026-03-10 18:30:00;DK2;229,789993;1716,829975
2026-03-10 17:45:00;2026-03-10 18:45:00;DK2;217,039993;1621,570900
2026-03-10 18:00:00;2026-03-10 19:00:00;DK2;237,029999;1770,922232
2026-03-10 18:15:00;2026-03-10 19:15:00;DK2;205,210007;1533,185525
2026-03-10 18:30:00;2026-03-10 19:30:00;DK2;194,960007;1456,604700
2026-03-10 18:45:00;2026-03-10 19:45:00;DK2;166,919998;1247,109381
2026-03-10 19:00:00;2026-03-10 20:00:00;DK2;175,490005;1311,138474
2026-03-10 19:15:00;2026-03-10 20:15:00;DK2;155,649994;1162,907800
2026-03-10 19:30:00;2026-03-10 20:30:00;DK2;149,220001;1114,867393
2026-03-10 19:45:00;2026-03-10 20:45:00;DK2;149,529999;1117,183482
2026-03-10 20:00:00;2026-03-10 21:00:00;DK2;150,979996;1128,016844
2026-03-10 20:15:00;2026-03-10 21:15:00;DK2;133,839996;999,958762
2026-03-10 20:30:00;2026-03-10 21:30:00;DK2;138,330002;1033,504944
2026-03-10 20:45:00;2026-03-10 21:45:00;DK2;117,519997;878,027154
2026-03-10 21:00:00;2026-03-10 22:00:00;DK2;139,750000;1044,114175
2026-03-10 21:15:00;2026-03-10 22:15:00;DK2;129,270004;965,814981
2026-03-10 21:30:00;2026-03-10 22:30:00;DK2;118,720001;886,992743
2026-03-10 21:45:00;2026-03-10 22:45:00;DK2;105,059998;784,934763
2026-03-10 22:00:00;2026-03-10 23:00:00;DK2;118,250000;883,481225
2026-03-10 22:15:00;2026-03-10 23:15:00;DK2;102,099998;762,819715
2026-03-10 22:30:00;2026-03-10 23:30:00;DK2;95,250000;711,641325
2026-03-10 22:45:00;2026-03-10 23:45:00;DK2;76,860001;574,244125
2026-03-10 23:00:00;2026-03-11 00:00:00;DK2;91,980003;687,256186
2026-03-10 23:15:00;2026-03-11 00:15:00;DK2;88,919998;664,392441
2026-03-10 23:30:00;2026-03-11 00:30:00;DK2;84,540001;631,665979
2026-03-10 23:45:00;2026-03-11 00:45:00;DK2;70,250000;524,893950
2026-03-11 00:00:00;2026-03-11 01:00:00;DK2;80,709999;603,048971
2026-03-11 00:15:00;2026-03-11 01:15:00;DK2;73,180000;546,786324
2026-03-11 00:30:00;2026-03-11 01:30:00;DK2;68,680000;513,163224
2026-03-11 00:45:00;2026-03-11 01:45:00;DK2;60,560001;452,492215
2026-03-11 01:00:00;2026-03-11 02:00:00;DK2;68,360001;510,772255
2026-03-11 01:15:00;2026-03-11 02:15:00;DK2;66,949997;500,236988
2026-03-11 01:30:00;2026-03-11 02:30:00;DK2;63,980000;478,045764
2026-03-11 01:45:00;2026-03-11 02:45:00;DK2;62,330002;465,717309
2026-03-11 02:00:00;2026-03-11 03:00:00;DK2;65,339996;488,207382
2026-03-11 02:15:00;2026-03-11 03:15:00;DK2;65,349998;488,282115
2026-03-11 02:30:00;2026-03-11 03:30:00;DK2;62,900002;469,976235
2026-03-11 02:45:00;2026-03-11 03:45:00;DK2;60,560001;452,492215
2026-03-11 03:00:00;2026-03-11 04:00:00;DK2;50,410000;376,653438
2026-03-11 03:15:00;2026-03-11 04:15:00;DK2;46,919998;350,576841
2026-03-11 03:30:00;2026-03-11 04:30:00;DK2;47,099998;351,921765
2026-03-11 03:45:00;2026-03-11 04:45:00;DK2;52,950001;395,631817
2026-03-11 04:00:00;2026-03-11 05:00:00;DK2;50,459999;377,027021
2026-03-11 04:15:00;2026-03-11 05:15:00;DK2;52,009998;388,608303
2026-03-11 04:30:00;2026-03-11 05:30:00;DK2;58,810001;439,416565
2026-03-11 04:45:00;2026-03-11 05:45:00;DK2;64,750000;483,799050
2026-03-11 05:00:00;2026-03-11 06:00:00;DK2;55,910000;417,748338
2026-03-11 05:15:00;2026-03-11 06:15:00;DK2;68,029999;508,306547
2026-03-11 05:30:00;2026-03-11 06:30:00;DK2;80,650002;602,600685
2026-03-11 05:45:00;2026-03-11 06:45:00;DK2;75,400002;563,373735
2026-03-11 06:00:00;2026-03-11 07:00:00;DK2;87,570000;654,305526
2026-03-11 06:15:00;2026-03-11 07:15:00;DK2;86,769997;648,328064
2026-03-11 06:30:00;2026-03-11 07:30:00;DK2;81,870003;611,716288
2026-03-11 06:45:00;2026-03-11 07:45:00;DK2;63,029999;470,947547
2026-03-11 07:00:00;2026-03-11 08:00:00;DK2;89,809998;671,042343
2026-03-11 07:15:00;2026-03-11 08:15:00;DK2;78,669998;587,806491
2026-03-11 07:30:00;2026-03-11 08:30:00;DK2;74,430000;556,126074
2026-03-11 07:45:00;2026-03-11 08:45:00;DK2;58,980000;440,686764
2026-03-11 08:00:00;2026-03-11 09:00:00;DK2;81,120003;606,112438
2026-03-11 08:15:00;2026-03-11 09:15:00;DK2;69,889999;522,204095
2026-03-11 08:30:00;2026-03-11 09:30:00;DK2;55,889999;417,598895
2026-03-11 08:45:00;2026-03-11 09:45:00;DK2;24,850000;185,674230
2026-03-11 09:00:00;2026-03-11 10:00:00;DK2;55,049999;411,322583
2026-03-11 09:15:00;2026-03-11 10:15:00;DK2;35,930000;268,461774
2026-03-11 09:30:00;2026-03-11 10:30:00;DK2;28,139999;210,256445
2026-03-11 09:45:00;2026-03-11 10:45:00;DK2;23,650000;176,708070
2026-03-11 10:00:00;2026-03-11 11:00:00;DK2;38,470001;287,440153
2026-03-11 10:15:00;2026-03-11 11:15:00;DK2;32,910000;245,896938
2026-03-11 10:30:00;2026-03-11 11:30:00;DK2;29,990000;224,079282
2026-03-11 10:45:00;2026-03-11 11:45:00;DK2;26,830000;200,468394
2026-03-11 11:00:00;2026-03-11 12:00:00;DK2;33,330002;249,035109
2026-03-11 11:15:00;2026-03-11 12:15:00;DK2;33,130001;247,540741
2026-03-11 11:30:00;2026-03-11 12:30:00;DK2;31,459999;235,062821
2026-03-11 11:45:00;2026-03-11 12:45:00;DK2;26,840000;200,543112
2026-03-11 12:00:00;2026-03-11 13:00:00;DK2;30,020000;224,303436
2026-03-11 12:15:00;2026-03-11 13:15:00;DK2;30,230000;225,872514
2026-03-11 12:30:00;2026-03-11 13:30:00;DK2;26,639999;199,048745
2026-03-11 12:45:00;2026-03-11 13:45:00;DK2;30,100000;224,901180
2026-03-11 13:00:00;2026-03-11 14:00:00;DK2;24,400000;182,311920
2026-03-11 13:15:00;2026-03-11 14:15:00;DK2;33,599998;251,052465
2026-03-11 13:30:00;2026-03-11 14:30:00;DK2;50,790001;379,492729
2026-03-11 13:45:00;2026-03-11 14:45:00;DK2;79,970001;597,519853
2026-03-11 14:00:00;2026-03-11 15:00:00;DK2;52,340000;391,074012
2026-03-11 14:15:00;2026-03-11 15:15:00;DK2;68,290001;510,249229
2026-03-11 14:30:00;2026-03-11 15:30:00;DK2;73,410004;548,504868
2026-03-11 14:45:00;2026-03-11 15:45:00;DK2;93,699997;700,107638
2026-03-11 15:00:00;2026-03-11 16:00:00;DK2;69,889999;522,204095
2026-03-11 15:15:00;2026-03-11 16:15:00;DK2;87,000000;650,046600
2026-03-11 15:30:00;2026-03-11 16:30:00;DK2;106,349998;794,625915
2026-03-11 15:45:00;2026-03-11 16:45:00;DK2;110,959999;829,070921
2026-03-11 16:00:00;2026-03-11 17:00:00;DK2;101,589996;759,060132
2026-03-11 16:15:00;2026-03-11 17:15:00;DK2;114,050003;852,158812
2026-03-11 16:30:00;2026-03-11 17:30:00;DK2;121,150002;905,208585
2026-03-11 16:45:00;2026-03-11 17:45:00;DK2;112,000000;836,841600
2026-03-11 17:00:00;2026-03-11 18:00:00;DK2;131,770004;984,559116
2026-03-11 17:15:00;2026-03-11 18:15:00;DK2;143,559998;1072,651593
2026-03-11 17:30:00;2026-03-11 18:30:00;DK2;142,490005;1064,656819
2026-03-11 17:45:00;2026-03-11 18:45:00;DK2;121,940002;911,111307
2026-03-11 18:00:00;2026-03-11 19:00:00;DK2;149,320007;1115,689228
2026-03-11 18:15:00;2026-03-11 19:15:00;DK2;149,710007;1118,603230
2026-03-11 18:30:00;2026-03-11 19:30:00;DK2;151,899994;1134,966375
2026-03-11 18:45:00;2026-03-11 19:45:00;DK2;145,949997;1090,509188
2026-03-11 19:00:00;2026-03-11 20:00:00;DK2;135,369995;1011,457529
2026-03-11 19:15:00;2026-03-11 20:15:00;DK2;134,020004;1001,370666
2026-03-11 19:30:00;2026-03-11 20:30:00;DK2;122,629997;916,266812
2026-03-11 19:45:00;2026-03-11 20:45:00;DK2;120,519997;900,501314
2026-03-11 20:00:00;2026-03-11 21:00:00;DK2;119,930000;896,092974
2026-03-11 20:15:00;2026-03-11 21:15:00;DK2;118,760002;887,350983
2026-03-11 20:30:00;2026-03-11 21:30:00;DK2;114,480003;855,371686
2026-03-11 20:45:00;2026-03-11 21:45:00;DK2;109,849998;820,777215
2026-03-11 21:00:00;2026-03-11 22:00:00;DK2;108,660004;811,885818
2026-03-11 21:15:00;2026-03-11 22:15:00;DK2;109,089996;815,098632
2026-03-11 21:30:00;2026-03-11 22:30:00;DK2;108,510002;810,765033
2026-03-11 21:45:00;2026-03-11 22:45:00;DK2;105,790001;790,441729
2026-03-11 22:00:00;2026-03-11 23:00:00;DK2;104,120003;777,963838
2026-03-11 22:15:00;2026-03-11 23:15:00;DK2;102,360001;764,813455
2026-03-11 22:30:00;2026-03-11 23:30:00;DK2;99,940002;746,731707
2026-03-11 22:45:00;2026-03-11 23:45:00;DK2;91,940002;686,957307
2026-03-11 23:00:00;2026-03-12 00:00:00;DK2;67,919998;507,511809
2026-03-11 23:15:00;2026-03-12 00:15:00;DK2;74,300003;555,184482
2026-03-11 23:30:00;2026-03-12 00:30:00;DK2;88,699997;662,784118
2026-03-11 23:45:00;2026-03-12 00:45:00;DK2;88,449997;660,916068
2026-03-12 00:00:00;2026-03-12 01:00:00;DK2;80,400002;600,764895
2026-03-12 00:15:00;2026-03-12 01:15:00;DK2;79,169998;591,574059
2026-03-12 00:30:00;2026-03-12 01:30:00;DK2;72,639999;542,780601
2026-03-12 00:45:00;2026-03-12 01:45:00;DK2;79,160004;591,499382
2026-03-12 01:00:00;2026-03-12 02:00:00;DK2;84,370003;630,429536
2026-03-12 01:15:00;2026-03-12 02:15:00;DK2;81,260002;607,190987
2026-03-12 01:30:00;2026-03-12 02:30:00;DK2;80,440002;601,063783
2026-03-12 01:45:00;2026-03-12 02:45:00;DK2;78,360001;585,521599
2026-03-12 02:00:00;2026-03-12 03:00:00;DK2;83,239998;621,985913
2026-03-12 02:15:00;2026-03-12 03:15:00;DK2;78,629997;587,539064
2026-03-12 02:30:00;2026-03-12 03:30:00;DK2;75,160004;561,610582
2026-03-12 02:45:00;2026-03-12 03:45:00;DK2;65,220001;487,336891
2026-03-12 03:00:00;2026-03-12 04:00:00;DK2;68,769997;513,863172
2026-03-12 03:15:00;2026-03-12 04:15:00;DK2;67,500000;504,373500
2026-03-12 03:30:00;2026-03-12 04:30:00;DK2;66,519997;497,050722
2026-03-12 03:45:00;2026-03-12 04:45:00;DK2;66,940002;500,189083
2026-03-12 04:00:00;2026-03-12 05:00:00;DK2;67,779999;506,465709
2026-03-12 04:15:00;2026-03-12 05:15:00;DK2;67,349998;503,252655
2026-03-12 04:30:00;2026-03-12 05:30:00;DK2;76,900002;574,612195
2026-03-12 04:45:00;2026-03-12 05:45:00;DK2;86,660004;647,540882
2026-03-12 05:00:00;2026-03-12 06:00:00;DK2;76,529999;571,847459
2026-03-12 05:15:00;2026-03-12 06:15:00;DK2;88,529999;661,513859
2026-03-12 05:30:00;2026-03-12 06:30:00;DK2;94,220001;704,030691
2026-03-12 05:45:00;2026-03-12 06:45:00;DK2;94,690002;707,542633
2026-03-12 06:00:00;2026-03-12 07:00:00;DK2;102,889999;768,814651
2026-03-12 06:15:00;2026-03-12 07:15:00;DK2;97,550003;728,913132
2026-03-12 06:30:00;2026-03-12 07:30:00;DK2;89,129997;665,997164
2026-03-12 06:45:00;2026-03-12 07:45:00;DK2;76,559998;572,071617
2026-03-12 07:00:00;2026-03-12 08:00:00;DK2;129,660004;968,845482
2026-03-12 07:15:00;2026-03-12 08:15:00;DK2;101,699997;759,922718
2026-03-12 07:30:00;2026-03-12 08:30:00;DK2;92,900002;694,167395
2026-03-12 07:45:00;2026-03-12 08:45:00;DK2;66,720001;498,545191
2026-03-12 08:00:00;2026-03-12 09:00:00;DK2;73,400002;548,459495
2026-03-12 08:15:00;2026-03-12 09:15:00;DK2;66,339996;495,705718
2026-03-12 08:30:00;2026-03-12 09:30:00;DK2;54,369999;406,263507
2026-03-12 08:45:00;2026-03-12 09:45:00;DK2;37,080002;277,069191
2026-03-12 09:00:00;2026-03-12 10:00:00;DK2;62,389999;466,190551
2026-03-12 09:15:00;2026-03-12 10:15:00;DK2;28,850000;215,572970
2026-03-12 09:30:00;2026-03-12 10:30:00;DK2;8,910000;66,577302
2026-03-12 09:45:00;2026-03-12 10:45:00;DK2;2,580000;19,278276
2026-03-12 10:00:00;2026-03-12 11:00:00;DK2;3,670000;27,422974
2026-03-12 10:15:00;2026-03-12 11:15:00;DK2;1,530000;11,432466
2026-03-12 10:30:00;2026-03-12 11:30:00;DK2;1,330000;9,938026
2026-03-12 10:45:00;2026-03-12 11:45:00;DK2;1,150000;8,593030
2026-03-12 11:00:00;2026-03-12 12:00:00;DK2;0,270000;2,017494
2026-03-12 11:15:00;2026-03-12 12:15:00;DK2;0,120000;0,896664
2026-03-12 11:30:00;2026-03-12 12:30:00;DK2;0,000000;0,000000
2026-03-12 11:45:00;2026-03-12 12:45:00;DK2;-0,130000;-0,971386
2026-03-12 12:00:00;2026-03-12 13:00:00;DK2;-0,090000;-0,672498
2026-03-12 12:15:00;2026-03-12 13:15:00;DK2;-0,030000;-0,224166
2026-03-12 12:30:00;2026-03-12 13:30:00;DK2;-0,010000;-0,074722
2026-03-12 12:45:00;2026-03-12 13:45:00;DK2;-0,030000;-0,224166
2026-03-12 13:00:00;2026-03-12 14:00:00;DK2;-0,100000;-0,747220
2026-03-12 13:15:00;2026-03-12 14:15:00;DK2;-0,030000;-0,224166
2026-03-12 13:30:00;2026-03-12 14:30:00;DK2;-0,030000;-0,224166
2026-03-12 13:45:00;2026-03-12 14:45:00;DK2;0,000000;0,000000
2026-03-12 14:00:00;2026-03-12 15:00:00;DK2;0,000000;0,000000
2026-03-12 14:15:00;2026-03-12 15:15:00;DK2;0,660000;4,931652
2026-03-12 14:30:00;2026-03-12 15:30:00;DK2;3,850000;28,767970
2026-03-12 14:45:00;2026-03-12 15:45:00;DK2;9,470000;70,761734
2026-03-12 15:00:00;2026-03-12 16:00:00;DK2;9,470000;70,761734
2026-03-12 15:15:00;2026-03-12 16:15:00;DK2;28,059999;209,669925
2026-03-12 15:30:00;2026-03-12 16:30:00;DK2;44,340000;331,317348
2026-03-12 15:45:00;2026-03-12 16:45:00;DK2;57,610001;430,473449
2026-03-12 16:00:00;2026-03-12 17:00:00;DK2;47,840000;357,470048
2026-03-12 16:15:00;2026-03-12 17:15:00;DK2;62,150002;464,397245
2026-03-12 16:30:00;2026-03-12 17:30:00;DK2;90,529999;676,458259
2026-03-12 16:45:00;2026-03-12 17:45:00;DK2;108,430000;810,210646
2026-03-12 17:00:00;2026-03-12 18:00:00;DK2;96,970001;724,579241
2026-03-12 17:15:00;2026-03-12 18:15:00;DK2;104,790001;783,011845
2026-03-12 17:30:00;2026-03-12 18:30:00;DK2;90,260002;674,440787
2026-03-12 17:45:00;2026-03-12 18:45:00;DK2;62,020000;463,425844
2026-03-12 18:00:00;2026-03-12 19:00:00;DK2;108,419998;810,135909
2026-03-12 18:15:00;2026-03-12 19:15:00;DK2;88,349998;660,168855
2026-03-12 18:30:00;2026-03-12 19:30:00;DK2;54,330002;405,964641
2026-03-12 18:45:00;2026-03-12 19:45:00;DK2;33,799999;252,560353
2026-03-12 19:00:00;2026-03-12 20:00:00;DK2;77,900002;582,084395
2026-03-12 19:15:00;2026-03-12 20:15:00;DK2;37,160000;277,666952
2026-03-12 19:30:00;2026-03-12 20:30:00;DK2;25,469999;190,316927
2026-03-12 19:45:00;2026-03-12 20:45:00;DK2;20,920000;156,318424
2026-03-12 20:00:00;2026-03-12 21:00:00;DK2;64,610001;482,778849
2026-03-12 20:15:00;2026-03-12 21:15:00;DK2;50,270000;375,627494
2026-03-12 20:30:00;2026-03-12 21:30:00;DK2;9,500000;70,985900
2026-03-12 20:45:00;2026-03-12 21:45:00;DK2;9,490000;70,911178
2026-03-12 21:00:00;2026-03-12 22:00:00;DK2;47,910000;357,993102
2026-03-12 21:15:00;2026-03-12 22:15:00;DK2;9,500000;70,985900
2026-03-12 21:30:00;2026-03-12 22:30:00;DK2;9,500000;70,985900
2026-03-12 21:45:00;2026-03-12 22:45:00;DK2;9,490000;70,911178
2026-03-12 22:00:00;2026-03-12 23:00:00;DK2;16,469999;123,067127
2026-03-12 22:15:00;2026-03-12 23:15:00;DK2;9,500000;70,985900
2026-03-12 22:30:00;2026-03-12 23:30:00;DK2;9,490000;70,911178
2026-03-12 22:45:00;2026-03-12 23:45:00;DK2;9,490000;70,911178
2026-03-12 23:00:00;2026-03-13 00:00:00;DK2;9,430000;70,466618
2026-03-12 23:15:00;2026-03-13 00:15:00;DK2;8,870000;66,281962
2026-03-12 23:30:00;2026-03-13 00:30:00;DK2;4,290000;32,057454
2026-03-12 23:45:00;2026-03-13 00:45:00;DK2;2,590000;19,354034
2026-03-13 00:00:00;2026-03-13 01:00:00;DK2;6,700000;50,066420
2026-03-13 00:15:00;2026-03-13 01:15:00;DK2;3,580000;26,751908
2026-03-13 00:30:00;2026-03-13 01:30:00;DK2;2,550000;19,055130
2026-03-13 00:45:00;2026-03-13 01:45:00;DK2;3,590000;26,826634
2026-03-13 01:00:00;2026-03-13 02:00:00;DK2;4,670000;34,897042
2026-03-13 01:15:00;2026-03-13 02:15:00;DK2;2,400000;17,934240
2026-03-13 01:30:00;2026-03-13 02:30:00;DK2;2,320000;17,336432
2026-03-13 01:45:00;2026-03-13 02:45:00;DK2;2,160000;16,140816
2026-03-13 02:00:00;2026-03-13 03:00:00;DK2;2,330000;17,411158
2026-03-13 02:15:00;2026-03-13 03:15:00;DK2;1,620000;12,105612
2026-03-13 02:30:00;2026-03-13 03:30:00;DK2;0,540000;4,035204
2026-03-13 02:45:00;2026-03-13 03:45:00;DK2;0,100000;0,747260
2026-03-13 03:00:00;2026-03-13 04:00:00;DK2;1,600000;11,956160
2026-03-13 03:15:00;2026-03-13 04:15:00;DK2;1,000000;7,472600
2026-03-13 03:30:00;2026-03-13 04:30:00;DK2;1,600000;11,956160
2026-03-13 03:45:00;2026-03-13 04:45:00;DK2;1,660000;12,404516
2026-03-13 04:00:00;2026-03-13 05:00:00;DK2;1,610000;12,030886
2026-03-13 04:15:00;2026-03-13 05:15:00;DK2;1,630000;12,180338
2026-03-13 04:30:00;2026-03-13 05:30:00;DK2;4,090000;30,562934
2026-03-13 04:45:00;2026-03-13 05:45:00;DK2;4,300000;32,132180
2026-03-13 05:00:00;2026-03-13 06:00:00;DK2;4,280000;31,982728
2026-03-13 05:15:00;2026-03-13 06:15:00;DK2;9,460000;70,690796
2026-03-13 05:30:00;2026-03-13 06:30:00;DK2;10,020000;74,875452
2026-03-13 05:45:00;2026-03-13 06:45:00;DK2;10,070000;75,249082
2026-03-13 06:00:00;2026-03-13 07:00:00;DK2;21,590000;161,333434
2026-03-13 06:15:00;2026-03-13 07:15:00;DK2;24,230000;181,061098
2026-03-13 06:30:00;2026-03-13 07:30:00;DK2;21,480000;160,511448
2026-03-13 06:45:00;2026-03-13 07:45:00;DK2;12,400000;92,660240
2026-03-13 07:00:00;2026-03-13 08:00:00;DK2;15,450000;115,451670
2026-03-13 07:15:00;2026-03-13 08:15:00;DK2;6,700000;50,066420
2026-03-13 07:30:00;2026-03-13 08:30:00;DK2;3,510000;26,228826
2026-03-13 07:45:00;2026-03-13 08:45:00;DK2;2,170000;16,215542
2026-03-13 08:00:00;2026-03-13 09:00:00;DK2;2,300000;17,186980
2026-03-13 08:15:00;2026-03-13 09:15:00;DK2;2,190000;16,364994
2026-03-13 08:30:00;2026-03-13 09:30:00;DK2;1,930000;14,422118
2026-03-13 08:45:00;2026-03-13 09:45:00;DK2;1,590000;11,881434
2026-03-13 09:00:00;2026-03-13 10:00:00;DK2;1,600000;11,956160
2026-03-13 09:15:00;2026-03-13 10:15:00;DK2;1,600000;11,956160
2026-03-13 09:30:00;2026-03-13 10:30:00;DK2;1,600000;11,956160
2026-03-13 09:45:00;2026-03-13 10:45:00;DK2;1,600000;11,956160
2026-03-13 10:00:00;2026-03-13 11:00:00;DK2;1,600000;11,956160
2026-03-13 10:15:00;2026-03-13 11:15:00;DK2;1,600000;11,956160
2026-03-13 10:30:00;2026-03-13 11:30:00;DK2;1,600000;11,956160
2026-03-13 10:45:00;2026-03-13 11:45:00;DK2;1,600000;11,956160
2026-03-13 11:00:00;2026-03-13 12:00:00;DK2;1,590000;11,881434
2026-03-13 11:15:00;2026-03-13 12:15:00;DK2;1,590000;11,881434
2026-03-13 11:30:00;2026-03-13 12:30:00;DK2;1,590000;11,881434
2026-03-13 11:45:00;2026-03-13 12:45:00;DK2;1,600000;11,956160
2026-03-13 12:00:00;2026-03-13 13:00:00;DK2;1,600000;11,956160
2026-03-13 12:15:00;2026-03-13 13:15:00;DK2;1,600000;11,956160
2026-03-13 12:30:00;2026-03-13 13:30:00;DK2;1,600000;11,956160
2026-03-13 12:45:00;2026-03-13 13:45:00;DK2;1,630000;12,180338
2026-03-13 13:00:00;2026-03-13 14:00:00;DK2;1,620000;12,105612
2026-03-13 13:15:00;2026-03-13 14:15:00;DK2;1,640000;12,255064
2026-03-13 13:30:00;2026-03-13 14:30:00;DK2;1,680000;12,553968
2026-03-13 13:45:00;2026-03-13 14:45:00;DK2;5,610000;41,921286
2026-03-13 14:00:00;2026-03-13 15:00:00;DK2;4,500000;33,626700
2026-03-13 14:15:00;2026-03-13 15:15:00;DK2;13,390000;100,058114
2026-03-13 14:30:00;2026-03-13 15:30:00;DK2;53,599998;400,531345
2026-03-13 14:45:00;2026-03-13 15:45:00;DK2;116,790001;872,724961
2026-03-13 15:00:00;2026-03-13 16:00:00;DK2;41,570000;310,635982
2026-03-13 15:15:00;2026-03-13 16:15:00;DK2;84,980003;635,021570
2026-03-13 15:30:00;2026-03-13 16:30:00;DK2;126,260002;943,490491
2026-03-13 15:45:00;2026-03-13 16:45:00;DK2;147,839996;1104,749154
2026-03-13 16:00:00;2026-03-13 17:00:00;DK2;106,400002;795,084655
2026-03-13 16:15:00;2026-03-13 17:15:00;DK2;121,550003;908,294552
2026-03-13 16:30:00;2026-03-13 17:30:00;DK2;143,080002;1069,179623
2026-03-13 16:45:00;2026-03-13 17:45:00;DK2;162,850006;1216,912955
2026-03-13 17:00:00;2026-03-13 18:00:00;DK2;131,039993;979,209452
2026-03-13 17:15:00;2026-03-13 18:15:00;DK2;155,309998;1160,569491
2026-03-13 17:30:00;2026-03-13 18:30:00;DK2;169,110001;1263,691393
2026-03-13 17:45:00;2026-03-13 18:45:00;DK2;184,929993;1381,907866
2026-03-13 18:00:00;2026-03-13 19:00:00;DK2;175,589996;1312,113804
2026-03-13 18:15:00;2026-03-13 19:15:00;DK2;172,919998;1292,161977
2026-03-13 18:30:00;2026-03-13 19:30:00;DK2;165,270004;1234,996632
2026-03-13 18:45:00;2026-03-13 19:45:00;DK2;148,929993;1112,894266
2026-03-13 19:00:00;2026-03-13 20:00:00;DK2;164,020004;1225,655882
2026-03-13 19:15:00;2026-03-13 20:15:00;DK2;150,940002;1127,914259
2026-03-13 19:30:00;2026-03-13 20:30:00;DK2;138,300003;1033,460602
2026-03-13 19:45:00;2026-03-13 20:45:00;DK2;129,369995;966,730225
2026-03-13 20:00:00;2026-03-13 21:00:00;DK2;143,399994;1071,570795
2026-03-13 20:15:00;2026-03-13 21:15:00;DK2;130,380005;974,277625
2026-03-13 20:30:00;2026-03-13 21:30:00;DK2;119,680000;894,320768
2026-03-13 20:45:00;2026-03-13 21:45:00;DK2;116,040001;867,120511
2026-03-13 21:00:00;2026-03-13 22:00:00;DK2;131,600006;983,394205
2026-03-13 21:15:00;2026-03-13 22:15:00;DK2;120,599998;901,195545
2026-03-13 21:30:00;2026-03-13 22:30:00;DK2;124,430000;929,815618
2026-03-13 21:45:00;2026-03-13 22:45:00;DK2;116,790001;872,724961
2026-03-13 22:00:00;2026-03-13 23:00:00;DK2;133,619995;998,488775
2026-03-13 22:15:00;2026-03-13 23:15:00;DK2;113,029999;844,627971
2026-03-13 22:30:00;2026-03-13 23:30:00;DK2;113,029999;844,627971
2026-03-13 22:45:00;2026-03-13 23:45:00;DK2;103,290001;771,844861
2026-03-13 23:00:00;2026-03-14 00:00:00;DK2;123,769997;924,883680
2026-03-13 23:15:00;2026-03-14 00:15:00;DK2;120,160004;897,907646
2026-03-13 23:30:00;2026-03-14 00:30:00;DK2;105,410004;787,686796
2026-03-13 23:45:00;2026-03-14 00:45:00;DK2;102,199997;763,699698
2026-03-14 00:00:00;2026-03-14 01:00:00;DK2;112,349998;839,546595
2026-03-14 00:15:00;2026-03-14 01:15:00;DK2;109,629997;819,221116
2026-03-14 00:30:00;2026-03-14 01:30:00;DK2;108,290001;809,207861
2026-03-14 00:45:00;2026-03-14 01:45:00;DK2;105,779999;790,451621
2026-03-14 01:00:00;2026-03-14 02:00:00;DK2;106,199997;793,590098
2026-03-14 01:15:00;2026-03-14 02:15:00;DK2;104,120003;778,047134
2026-03-14 01:30:00;2026-03-14 02:30:00;DK2;103,320000;772,069032
2026-03-14 01:45:00;2026-03-14 02:45:00;DK2;102,120003;763,101934
2026-03-14 02:00:00;2026-03-14 03:00:00;DK2;99,300003;742,029202
2026-03-14 02:15:00;2026-03-14 03:15:00;DK2;101,760002;760,411791
2026-03-14 02:30:00;2026-03-14 03:30:00;DK2;102,760002;767,884391
2026-03-14 02:45:00;2026-03-14 03:45:00;DK2;103,440002;772,965759
2026-03-14 03:00:00;2026-03-14 04:00:00;DK2;103,160004;770,873446
2026-03-14 03:15:00;2026-03-14 04:15:00;DK2;103,150002;770,798705
2026-03-14 03:30:00;2026-03-14 04:30:00;DK2;106,260002;794,038491
2026-03-14 03:45:00;2026-03-14 04:45:00;DK2;107,680000;804,649568
2026-03-14 04:00:00;2026-03-14 05:00:00;DK2;104,449997;780,513048
2026-03-14 04:15:00;2026-03-14 05:15:00;DK2;107,320000;801,959432
2026-03-14 04:30:00;2026-03-14 05:30:00;DK2;110,330002;824,451973
2026-03-14 04:45:00;2026-03-14 05:45:00;DK2;113,940002;851,428059
2026-03-14 05:00:00;2026-03-14 06:00:00;DK2;106,209999;793,664839
2026-03-14 05:15:00;2026-03-14 06:15:00;DK2;111,320000;831,849832
2026-03-14 05:30:00;2026-03-14 06:30:00;DK2;113,449997;847,766448
2026-03-14 05:45:00;2026-03-14 06:45:00;DK2;114,849998;858,228095
2026-03-14 06:00:00;2026-03-14 07:00:00;DK2;119,629997;893,947116
2026-03-14 06:15:00;2026-03-14 07:15:00;DK2;115,839996;865,625954
2026-03-14 06:30:00;2026-03-14 07:30:00;DK2;115,680000;864,430368
2026-03-14 06:45:00;2026-03-14 07:45:00;DK2;115,440002;862,636959
2026-03-14 07:00:00;2026-03-14 08:00:00;DK2;121,930000;911,134118
2026-03-14 07:15:00;2026-03-14 08:15:00;DK2;121,879997;910,760466
2026-03-14 07:30:00;2026-03-14 08:30:00;DK2;121,919998;911,059377
2026-03-14 07:45:00;2026-03-14 08:45:00;DK2;121,529999;908,145071
2026-03-14 08:00:00;2026-03-14 09:00:00;DK2;119,980003;896,562570
2026-03-14 08:15:00;2026-03-14 09:15:00;DK2;119,959999;896,413089
2026-03-14 08:30:00;2026-03-14 09:30:00;DK2;116,440002;870,109559
2026-03-14 08:45:00;2026-03-14 09:45:00;DK2;107,949997;806,667148
2026-03-14 09:00:00;2026-03-14 10:00:00;DK2;112,199997;838,425698
2026-03-14 09:15:00;2026-03-14 10:15:00;DK2;108,639999;811,823257
2026-03-14 09:30:00;2026-03-14 10:30:00;DK2;105,809998;790,675791
2026-03-14 09:45:00;2026-03-14 10:45:00;DK2;103,220001;771,321779
2026-03-14 10:00:00;2026-03-14 11:00:00;DK2;103,699997;774,908598
2026-03-14 10:15:00;2026-03-14 11:15:00;DK2;101,580002;759,066723
2026-03-14 10:30:00;2026-03-14 11:30:00;DK2;103,650002;774,535005
2026-03-14 10:45:00;2026-03-14 11:45:00;DK2;104,980003;784,473570
2026-03-14 11:00:00;2026-03-14 12:00:00;DK2;104,510002;780,961441
2026-03-14 11:15:00;2026-03-14 12:15:00;DK2;104,019997;777,299830
2026-03-14 11:30:00;2026-03-14 12:30:00;DK2;104,489998;780,811959
2026-03-14 11:45:00;2026-03-14 12:45:00;DK2;103,559998;773,862441
2026-03-14 12:00:00;2026-03-14 13:00:00;DK2;105,080002;785,220823
2026-03-14 12:15:00;2026-03-14 13:15:00;DK2;105,019997;784,772430
2026-03-14 12:30:00;2026-03-14 13:30:00;DK2;101,610001;759,290893
2026-03-14 12:45:00;2026-03-14 13:45:00;DK2;101,809998;760,785391
2026-03-14 13:00:00;2026-03-14 14:00:00;DK2;103,730003;775,132820
2026-03-14 13:15:00;2026-03-14 14:15:00;DK2;104,820000;783,277932
2026-03-14 13:30:00;2026-03-14 14:30:00;DK2;105,339996;787,163654
2026-03-14 13:45:00;2026-03-14 14:45:00;DK2;108,620003;811,673834
2026-03-14 14:00:00;2026-03-14 15:00:00;DK2;101,019997;754,882030
2026-03-14 14:15:00;2026-03-14 15:15:00;DK2;113,940002;851,428059
2026-03-14 14:30:00;2026-03-14 15:30:00;DK2;120,230003;898,430720
2026-03-14 14:45:00;2026-03-14 15:45:00;DK2;121,489998;907,846159
2026-03-14 15:00:00;2026-03-14 16:00:00;DK2;120,019997;896,861430
2026-03-14 15:15:00;2026-03-14 16:15:00;DK2;121,260002;906,127491
2026-03-14 15:30:00;2026-03-14 16:30:00;DK2;131,910004;985,710696
2026-03-14 15:45:00;2026-03-14 16:45:00;DK2;146,619995;1095,632575
2026-03-14 16:00:00;2026-03-14 17:00:00;DK2;116,120003;867,718334
2026-03-14 16:15:00;2026-03-14 17:15:00;DK2;131,830002;985,112873
2026-03-14 16:30:00;2026-03-14 17:30:00;DK2;142,399994;1064,098195
2026-03-14 16:45:00;2026-03-14 17:45:00;DK2;164,039993;1225,805252
2026-03-14 17:00:00;2026-03-14 18:00:00;DK2;139,940002;1045,715659
2026-03-14 17:15:00;2026-03-14 18:15:00;DK2;148,350006;1108,560255
2026-03-14 17:30:00;2026-03-14 18:30:00;DK2;172,500000;1289,023500
2026-03-14 17:45:00;2026-03-14 18:45:00;DK2;183,360001;1370,175943
2026-03-14 18:00:00;2026-03-14 19:00:00;DK2;183,419998;1370,624277
2026-03-14 18:15:00;2026-03-14 19:15:00;DK2;178,270004;1332,140432
2026-03-14 18:30:00;2026-03-14 19:30:00;DK2;165,440002;1236,266959
2026-03-14 18:45:00;2026-03-14 19:45:00;DK2;151,940002;1135,386859
2026-03-14 19:00:00;2026-03-14 20:00:00;DK2;176,300003;1317,419402
2026-03-14 19:15:00;2026-03-14 20:15:00;DK2;156,130005;1166,697075
2026-03-14 19:30:00;2026-03-14 20:30:00;DK2;139,910004;1045,491496
2026-03-14 19:45:00;2026-03-14 20:45:00;DK2;128,479996;960,079618
2026-03-14 20:00:00;2026-03-14 21:00:00;DK2;139,940002;1045,715659
2026-03-14 20:15:00;2026-03-14 21:15:00;DK2;133,479996;997,442618
2026-03-14 20:30:00;2026-03-14 21:30:00;DK2;140,339996;1048,704654
2026-03-14 20:45:00;2026-03-14 21:45:00;DK2;135,809998;1014,853791
2026-03-14 21:00:00;2026-03-14 22:00:00;DK2;139,470001;1042,203529
2026-03-14 21:15:00;2026-03-14 22:15:00;DK2;132,940002;993,407459
2026-03-14 21:30:00;2026-03-14 22:30:00;DK2;139,750000;1044,295850
2026-03-14 21:45:00;2026-03-14 22:45:00;DK2;128,559998;960,677441
2026-03-14 22:00:00;2026-03-14 23:00:00;DK2;139,550003;1042,801352
2026-03-14 22:15:00;2026-03-14 23:15:00;DK2;128,770004;962,246732
2026-03-14 22:30:00;2026-03-14 23:30:00;DK2;127,290001;951,187261
2026-03-14 22:45:00;2026-03-14 23:45:00;DK2;116,349998;869,436995
2026-03-14 23:00:00;2026-03-15 00:00:00;DK2;144,940002;1083,078659
2026-03-14 23:15:00;2026-03-15 00:15:00;DK2;143,880005;1075,157725
2026-03-14 23:30:00;2026-03-15 00:30:00;DK2;135,949997;1015,899948
2026-03-14 23:45:00;2026-03-15 00:45:00;DK2;124,370003;929,367284
2026-03-15 00:00:00;2026-03-15 01:00:00;DK2;140,529999;1050,124471
2026-03-15 00:15:00;2026-03-15 01:15:00;DK2;135,460007;1012,238448
2026-03-15 00:30:00;2026-03-15 01:30:00;DK2;132,770004;992,137132
2026-03-15 00:45:00;2026-03-15 01:45:00;DK2;125,940002;941,099259
2026-03-15 01:00:00;2026-03-15 02:00:00;DK2;133,320007;996,247084
2026-03-15 01:15:00;2026-03-15 02:15:00;DK2;127,029999;949,244371
2026-03-15 01:30:00;2026-03-15 02:30:00;DK2;120,169998;897,982327
2026-03-15 01:45:00;2026-03-15 02:45:00;DK2;119,120003;890,136134
2026-03-15 02:00:00;2026-03-15 03:00:00;DK2;119,699997;894,470198
2026-03-15 02:15:00;2026-03-15 03:15:00;DK2;120,750000;902,316450
2026-03-15 02:30:00;2026-03-15 03:30:00;DK2;125,660004;939,006946
2026-03-15 02:45:00;2026-03-15 03:45:00;DK2;127,809998;955,072991
2026-03-15 03:00:00;2026-03-15 04:00:00;DK2;119,959999;896,413089
2026-03-15 03:15:00;2026-03-15 04:15:00;DK2;121,000000;904,184600
2026-03-15 03:30:00;2026-03-15 04:30:00;DK2;122,620003;916,290234
2026-03-15 03:45:00;2026-03-15 04:45:00;DK2;124,940002;933,626659
2026-03-15 04:00:00;2026-03-15 05:00:00;DK2;120,669998;901,718627
2026-03-15 04:15:00;2026-03-15 05:15:00;DK2;120,930000;903,661518
2026-03-15 04:30:00;2026-03-15 05:30:00;DK2;125,750000;939,679450
2026-03-15 04:45:00;2026-03-15 05:45:00;DK2;128,949997;963,591748
2026-03-15 05:00:00;2026-03-15 06:00:00;DK2;121,360001;906,874743
2026-03-15 05:15:00;2026-03-15 06:15:00;DK2;127,160004;950,215846
2026-03-15 05:30:00;2026-03-15 06:30:00;DK2;127,169998;950,290527
2026-03-15 05:45:00;2026-03-15 06:45:00;DK2;121,699997;909,415398
2026-03-15 06:00:00;2026-03-15 07:00:00;DK2;127,760002;954,699391
2026-03-15 06:15:00;2026-03-15 07:15:00;DK2;118,949997;888,865748
2026-03-15 06:30:00;2026-03-15 07:30:00;DK2;117,389999;877,208507
2026-03-15 06:45:00;2026-03-15 07:45:00;DK2;106,980003;799,418770
2026-03-15 07:00:00;2026-03-15 08:00:00;DK2;135,949997;1015,899948
2026-03-15 07:15:00;2026-03-15 08:15:00;DK2;114,349998;854,491795
2026-03-15 07:30:00;2026-03-15 08:30:00;DK2;99,970001;747,035829
2026-03-15 07:45:00;2026-03-15 08:45:00;DK2;85,959999;642,344689
2026-03-15 08:00:00;2026-03-15 09:00:00;DK2;105,739998;790,152709
2026-03-15 08:15:00;2026-03-15 09:15:00;DK2;97,709999;730,147739
2026-03-15 08:30:00;2026-03-15 09:30:00;DK2;89,239998;666,854809
2026-03-15 08:45:00;2026-03-15 09:45:00;DK2;86,279999;644,735921
2026-03-15 09:00:00;2026-03-15 10:00:00;DK2;95,910004;716,697096
2026-03-15 09:15:00;2026-03-15 10:15:00;DK2;90,260002;674,476891
2026-03-15 09:30:00;2026-03-15 10:30:00;DK2;85,930000;642,120518
2026-03-15 09:45:00;2026-03-15 10:45:00;DK2;77,040001;575,689111
2026-03-15 10:00:00;2026-03-15 11:00:00;DK2;88,570000;661,848182
2026-03-15 10:15:00;2026-03-15 11:15:00;DK2;83,459999;623,663189
2026-03-15 10:30:00;2026-03-15 11:30:00;DK2;66,639999;497,974057
2026-03-15 10:45:00;2026-03-15 11:45:00;DK2;50,119999;374,526705
2026-03-15 11:00:00;2026-03-15 12:00:00;DK2;76,029999;568,141771
2026-03-15 11:15:00;2026-03-15 12:15:00;DK2;58,330002;435,876773
2026-03-15 11:30:00;2026-03-15 12:30:00;DK2;43,939999;328,346037
2026-03-15 11:45:00;2026-03-15 12:45:00;DK2;33,540001;250,631011
2026-03-15 12:00:00;2026-03-15 13:00:00;DK2;46,130001;344,711045
2026-03-15 12:15:00;2026-03-15 13:15:00;DK2;40,169998;300,174327
2026-03-15 12:30:00;2026-03-15 13:30:00;DK2;31,340000;234,191284
2026-03-15 12:45:00;2026-03-15 13:45:00;DK2;28,180000;210,577868
2026-03-15 13:00:00;2026-03-15 14:00:00;DK2;25,709999;192,120539
2026-03-15 13:15:00;2026-03-15 14:15:00;DK2;31,240000;233,444024
2026-03-15 13:30:00;2026-03-15 14:30:00;DK2;39,980000;298,754548
2026-03-15 13:45:00;2026-03-15 14:45:00;DK2;52,459999;392,012589
2026-03-15 14:00:00;2026-03-15 15:00:00;DK2;48,669998;363,691427
2026-03-15 14:15:00;2026-03-15 15:15:00;DK2;52,540001;392,610411
2026-03-15 14:30:00;2026-03-15 15:30:00;DK2;66,459999;496,628989
2026-03-15 14:45:00;2026-03-15 15:45:00;DK2;84,000000;627,698400
2026-03-15 15:00:00;2026-03-15 16:00:00;DK2;54,490002;407,181989
2026-03-15 15:15:00;2026-03-15 16:15:00;DK2;83,449997;623,588448
2026-03-15 15:30:00;2026-03-15 16:30:00;DK2;97,739998;730,371909
2026-03-15 15:45:00;2026-03-15 16:45:00;DK2;106,269997;794,113180
2026-03-15 16:00:00;2026-03-15 17:00:00;DK2;94,389999;705,338707
2026-03-15 16:15:00;2026-03-15 17:15:00;DK2;110,279999;824,078321
2026-03-15 16:30:00;2026-03-15 17:30:00;DK2;123,650002;923,987005
2026-03-15 16:45:00;2026-03-15 17:45:00;DK2;138,520004;1035,104582
2026-03-15 17:00:00;2026-03-15 18:00:00;DK2;132,160004;987,578846
2026-03-15 17:15:00;2026-03-15 18:15:00;DK2;131,910004;985,710696
2026-03-15 17:30:00;2026-03-15 18:30:00;DK2;123,120003;920,026534
2026-03-15 17:45:00;2026-03-15 18:45:00;DK2;124,629997;931,310116
2026-03-15 18:00:00;2026-03-15 19:00:00;DK2;138,220001;1032,862779
2026-03-15 18:15:00;2026-03-15 19:15:00;DK2;128,559998;960,677441
2026-03-15 18:30:00;2026-03-15 19:30:00;DK2;118,290001;883,933861
2026-03-15 18:45:00;2026-03-15 19:45:00;DK2;113,790001;850,307161
2026-03-15 19:00:00;2026-03-15 20:00:00;DK2;106,120003;792,992334
2026-03-15 19:15:00;2026-03-15 20:15:00;DK2;103,459999;773,115189
2026-03-15 19:30:00;2026-03-15 20:30:00;DK2;102,470001;765,717329
2026-03-15 19:45:00;2026-03-15 20:45:00;DK2;86,000000;642,643600
2026-03-15 20:00:00;2026-03-15 21:00:00;DK2;98,180000;733,659868
2026-03-15 20:15:00;2026-03-15 21:15:00;DK2;85,279999;637,263321
2026-03-15 20:30:00;2026-03-15 21:30:00;DK2;83,570000;624,485182
2026-03-15 20:45:00;2026-03-15 21:45:00;DK2;71,870003;537,055784
2026-03-15 21:00:00;2026-03-15 22:00:00;DK2;81,970001;612,529029
2026-03-15 21:15:00;2026-03-15 22:15:00;DK2;78,220001;584,506779
2026-03-15 21:30:00;2026-03-15 22:30:00;DK2;75,120003;561,341734
2026-03-15 21:45:00;2026-03-15 22:45:00;DK2;68,940002;515,161059
2026-03-15 22:00:00;2026-03-15 23:00:00;DK2;77,370003;578,155084
2026-03-15 22:15:00;2026-03-15 23:15:00;DK2;65,519997;489,604730
2026-03-15 22:30:00;2026-03-15 23:30:00;DK2;54,500000;407,256700
2026-03-15 22:45:00;2026-03-15 23:45:00;DK2;37,139999;277,532357
2026-03-15 23:00:00;2026-03-16 00:00:00;DK2;48,779999;364,484153
2026-03-15 23:15:00;2026-03-16 00:15:00;DK2;38,220001;285,579847
2026-03-15 23:30:00;2026-03-16 00:30:00;DK2;21,080000;157,509760
2026-03-15 23:45:00;2026-03-16 00:45:00;DK2;12,180000;91,008960
2026-03-16 00:00:00;2026-03-16 01:00:00;DK2;36,110001;269,813927
2026-03-16 00:15:00;2026-03-16 01:15:00;DK2;23,330000;174,321760
2026-03-16 00:30:00;2026-03-16 01:30:00;DK2;16,910000;126,351520
2026-03-16 00:45:00;2026-03-16 01:45:00;DK2;16,299999;121,793593
2026-03-16 01:00:00;2026-03-16 02:00:00;DK2;24,500000;183,064000
2026-03-16 01:15:00;2026-03-16 02:15:00;DK2;17,990000;134,421280
2026-03-16 01:30:00;2026-03-16 02:30:00;DK2;15,130000;113,051360
2026-03-16 01:45:00;2026-03-16 02:45:00;DK2;11,730000;87,646560
2026-03-16 02:00:00;2026-03-16 03:00:00;DK2;13,070000;97,659040
2026-03-16 02:15:00;2026-03-16 03:15:00;DK2;11,480000;85,778560
2026-03-16 02:30:00;2026-03-16 03:30:00;DK2;15,010000;112,154720
2026-03-16 02:45:00;2026-03-16 03:45:00;DK2;16,719999;124,931833
2026-03-16 03:00:00;2026-03-16 04:00:00;DK2;12,100000;90,411200
2026-03-16 03:15:00;2026-03-16 04:15:00;DK2;16,530001;123,512167
2026-03-16 03:30:00;2026-03-16 04:30:00;DK2;21,250000;158,780000
2026-03-16 03:45:00;2026-03-16 04:45:00;DK2;27,410000;204,807520
2026-03-16 04:00:00;2026-03-16 05:00:00;DK2;16,139999;120,598073
2026-03-16 04:15:00;2026-03-16 05:15:00;DK2;23,530001;175,816167
2026-03-16 04:30:00;2026-03-16 05:30:00;DK2;35,860001;267,945927
2026-03-16 04:45:00;2026-03-16 05:45:00;DK2;42,520000;317,709440
2026-03-16 05:00:00;2026-03-16 06:00:00;DK2;34,599998;258,531185
2026-03-16 05:15:00;2026-03-16 06:15:00;DK2;60,009998;448,394705
2026-03-16 05:30:00;2026-03-16 06:30:00;DK2;79,519997;594,173418
2026-03-16 05:45:00;2026-03-16 06:45:00;DK2;81,720001;610,611847
2026-03-16 06:00:00;2026-03-16 07:00:00;DK2;95,309998;712,156305
2026-03-16 06:15:00;2026-03-16 07:15:00;DK2;94,089996;703,040450
2026-03-16 06:30:00;2026-03-16 07:30:00;DK2;94,500000;706,104000
2026-03-16 06:45:00;2026-03-16 07:45:00;DK2;89,330002;667,473775
2026-03-16 07:00:00;2026-03-16 08:00:00;DK2;93,010002;694,970735
2026-03-16 07:15:00;2026-03-16 08:15:00;DK2;88,540001;661,570887
2026-03-16 07:30:00;2026-03-16 08:30:00;DK2;89,379997;667,847338
2026-03-16 07:45:00;2026-03-16 08:45:00;DK2;76,849998;574,223185
2026-03-16 08:00:00;2026-03-16 09:00:00;DK2;99,629997;744,435338
2026-03-16 08:15:00;2026-03-16 09:15:00;DK2;82,820000;618,831040
2026-03-16 08:30:00;2026-03-16 09:30:00;DK2;64,230003;479,926582
2026-03-16 08:45:00;2026-03-16 09:45:00;DK2;45,700001;341,470407
2026-03-16 09:00:00;2026-03-16 10:00:00;DK2;62,450001;466,626407
2026-03-16 09:15:00;2026-03-16 10:15:00;DK2;52,049999;388,917593
2026-03-16 09:30:00;2026-03-16 10:30:00;DK2;35,869999;268,020633
2026-03-16 09:45:00;2026-03-16 10:45:00;DK2;19,500000;145,704000
2026-03-16 10:00:00;2026-03-16 11:00:00;DK2;22,990000;171,781280
2026-03-16 10:15:00;2026-03-16 11:15:00;DK2;16,000000;119,552000
2026-03-16 10:30:00;2026-03-16 11:30:00;DK2;14,710000;109,913120
2026-03-16 10:45:00;2026-03-16 11:45:00;DK2;16,959999;126,725113
2026-03-16 11:00:00;2026-03-16 12:00:00;DK2;15,370000;114,844640
2026-03-16 11:15:00;2026-03-16 12:15:00;DK2;11,620000;86,824640
2026-03-16 11:30:00;2026-03-16 12:30:00;DK2;13,690000;102,291680
2026-03-16 11:45:00;2026-03-16 12:45:00;DK2;13,040000;97,434880
2026-03-16 12:00:00;2026-03-16 13:00:00;DK2;10,690000;79,875680
2026-03-16 12:15:00;2026-03-16 13:15:00;DK2;11,870000;88,692640
2026-03-16 12:30:00;2026-03-16 13:30:00;DK2;17,000000;127,024000
2026-03-16 12:45:00;2026-03-16 13:45:00;DK2;27,230000;203,462560
2026-03-16 13:00:00;2026-03-16 14:00:00;DK2;16,809999;125,604313
2026-03-16 13:15:00;2026-03-16 14:15:00;DK2;31,059999;232,080313
2026-03-16 13:30:00;2026-03-16 14:30:00;DK2;56,259998;420,374705
2026-03-16 13:45:00;2026-03-16 14:45:00;DK2;62,910000;470,063520
2026-03-16 14:00:00;2026-03-16 15:00:00;DK2;29,170000;217,958240
2026-03-16 14:15:00;2026-03-16 15:15:00;DK2;40,759998;304,558705
2026-03-16 14:30:00;2026-03-16 15:30:00;DK2;75,000000;560,400000
2026-03-16 14:45:00;2026-03-16 15:45:00;DK2;112,849998;843,215185
2026-03-16 15:00:00;2026-03-16 16:00:00;DK2;53,709999;401,321113
2026-03-16 15:15:00;2026-03-16 16:15:00;DK2;87,989998;657,461265
2026-03-16 15:30:00;2026-03-16 16:30:00;DK2;130,869995;977,860603
2026-03-16 15:45:00;2026-03-16 16:45:00;DK2;152,279999;1137,836153
2026-03-16 16:00:00;2026-03-16 17:00:00;DK2;98,510002;736,066735
2026-03-16 16:15:00;2026-03-16 17:15:00;DK2;127,540001;952,978887
2026-03-16 16:30:00;2026-03-16 17:30:00;DK2;148,619995;1110,488603
2026-03-16 16:45:00;2026-03-16 17:45:00;DK2;178,589996;1334,424450
2026-03-16 17:00:00;2026-03-16 18:00:00;DK2;145,199997;1084,934378
2026-03-16 17:15:00;2026-03-16 18:15:00;DK2;157,619995;1177,736603
2026-03-16 17:30:00;2026-03-16 18:30:00;DK2;172,990005;1292,581317
2026-03-16 17:45:00;2026-03-16 18:45:00;DK2;183,789993;1373,278828
2026-03-16 18:00:00;2026-03-16 19:00:00;DK2;179,490005;1341,149317
2026-03-16 18:15:00;2026-03-16 19:15:00;DK2;177,919998;1329,418225
2026-03-16 18:30:00;2026-03-16 19:30:00;DK2;178,610001;1334,573927
2026-03-16 18:45:00;2026-03-16 19:45:00;DK2;174,050003;1300,501622
2026-03-16 19:00:00;2026-03-16 20:00:00;DK2;182,490005;1363,565317
2026-03-16 19:15:00;2026-03-16 20:15:00;DK2;162,539993;1214,498828
2026-03-16 19:30:00;2026-03-16 20:30:00;DK2;142,729996;1066,478530
2026-03-16 19:45:00;2026-03-16 20:45:00;DK2;129,440002;967,175695
2026-03-16 20:00:00;2026-03-16 21:00:00;DK2;140,600006;1050,563245
2026-03-16 20:15:00;2026-03-16 21:15:00;DK2;127,800003;954,921622
2026-03-16 20:30:00;2026-03-16 21:30:00;DK2;120,540001;900,674887
2026-03-16 20:45:00;2026-03-16 21:45:00;DK2;111,660004;834,323550
2026-03-16 21:00:00;2026-03-16 22:00:00;DK2;130,380005;974,199397
2026-03-16 21:15:00;2026-03-16 22:15:00;DK2;121,080002;904,709775
2026-03-16 21:30:00;2026-03-16 22:30:00;DK2;120,669998;901,646225
2026-03-16 21:45:00;2026-03-16 22:45:00;DK2;109,250000;816,316000
2026-03-16 22:00:00;2026-03-16 23:00:00;DK2;111,669998;834,398225
2026-03-16 22:15:00;2026-03-16 23:15:00;DK2;103,309998;771,932305
2026-03-16 22:30:00;2026-03-16 23:30:00;DK2;95,000000;709,840000
2026-03-16 22:45:00;2026-03-16 23:45:00;DK2;89,080002;665,605775
2026-03-16 23:00:00;2026-03-17 00:00:00;DK2;132,740005;991,806769
2026-03-16 23:15:00;2026-03-17 00:15:00;DK2;113,400002;847,302135
2026-03-16 23:30:00;2026-03-17 00:30:00;DK2;105,589996;788,947332
2026-03-16 23:45:00;2026-03-17 00:45:00;DK2;102,919998;768,997641
2026-03-17 00:00:00;2026-03-17 01:00:00;DK2;106,309998;794,327043
2026-03-17 00:15:00;2026-03-17 01:15:00;DK2;105,900002;791,263635
2026-03-17 00:30:00;2026-03-17 01:30:00;DK2;106,029999;792,234947
2026-03-17 00:45:00;2026-03-17 01:45:00;DK2;104,089996;777,739632
2026-03-17 01:00:00;2026-03-17 02:00:00;DK2;107,470001;802,994353
2026-03-17 01:15:00;2026-03-17 02:15:00;DK2;107,400002;802,471335
2026-03-17 01:30:00;2026-03-17 02:30:00;DK2;106,070000;792,533826
2026-03-17 01:45:00;2026-03-17 02:45:00;DK2;104,750000;782,671050
2026-03-17 02:00:00;2026-03-17 03:00:00;DK2;106,000000;792,010800
2026-03-17 02:15:00;2026-03-17 03:15:00;DK2;105,879997;791,114162
2026-03-17 02:30:00;2026-03-17 03:30:00;DK2;107,290001;801,649429
2026-03-17 02:45:00;2026-03-17 03:45:00;DK2;106,559998;796,194993
2026-03-17 03:00:00;2026-03-17 04:00:00;DK2;109,820000;820,553076
2026-03-17 03:15:00;2026-03-17 04:15:00;DK2;106,980003;799,333186
2026-03-17 03:30:00;2026-03-17 04:30:00;DK2;106,629997;796,718012
2026-03-17 03:45:00;2026-03-17 04:45:00;DK2;109,849998;820,777215
2026-03-17 04:00:00;2026-03-17 05:00:00;DK2;105,080002;785,136759
2026-03-17 04:15:00;2026-03-17 05:15:00;DK2;107,559998;803,666793
2026-03-17 04:30:00;2026-03-17 05:30:00;DK2;120,410004;899,679468
2026-03-17 04:45:00;2026-03-17 05:45:00;DK2;135,550003;1012,802512
2026-03-17 05:00:00;2026-03-17 06:00:00;DK2;131,809998;984,857943
2026-03-17 05:15:00;2026-03-17 06:15:00;DK2;143,039993;1068,766220
2026-03-17 05:30:00;2026-03-17 06:30:00;DK2;150,830002;1126,971609
2026-03-17 05:45:00;2026-03-17 06:45:00;DK2;158,190002;1181,964057
2026-03-17 06:00:00;2026-03-17 07:00:00;DK2;181,110001;1353,217705
2026-03-17 06:15:00;2026-03-17 07:15:00;DK2;173,929993;1299,570122
2026-03-17 06:30:00;2026-03-17 07:30:00;DK2;174,220001;1301,737003
2026-03-17 06:45:00;2026-03-17 07:45:00;DK2;149,929993;1120,246922
2026-03-17 07:00:00;2026-03-17 08:00:00;DK2;192,710007;1439,890630
2026-03-17 07:15:00;2026-03-17 08:15:00;DK2;160,210007;1197,057130
2026-03-17 07:30:00;2026-03-17 08:30:00;DK2;140,169998;1047,322191
2026-03-17 07:45:00;2026-03-17 08:45:00;DK2;117,620003;878,833138
2026-03-17 08:00:00;2026-03-17 09:00:00;DK2;150,289993;1122,936770
2026-03-17 08:15:00;2026-03-17 09:15:00;DK2;126,190002;942,866457
2026-03-17 08:30:00;2026-03-17 09:30:00;DK2;112,080002;837,439359
2026-03-17 08:45:00;2026-03-17 09:45:00;DK2;107,180000;800,827524
2026-03-17 09:00:00;2026-03-17 10:00:00;DK2;129,039993;964,161020
2026-03-17 09:15:00;2026-03-17 10:15:00;DK2;104,599998;781,550265
2026-03-17 09:30:00;2026-03-17 10:30:00;DK2;97,320000;727,155576
2026-03-17 09:45:00;2026-03-17 10:45:00;DK2;91,199997;681,428138
2026-03-17 10:00:00;2026-03-17 11:00:00;DK2;100,430000;750,392874
2026-03-17 10:15:00;2026-03-17 11:15:00;DK2;96,760002;722,971383
2026-03-17 10:30:00;2026-03-17 11:30:00;DK2;95,160004;711,016518
2026-03-17 10:45:00;2026-03-17 11:45:00;DK2;96,089996;717,965232
2026-03-17 11:00:00;2026-03-17 12:00:00;DK2;89,129997;665,961512
2026-03-17 11:15:00;2026-03-17 12:15:00;DK2;89,099998;665,737365
2026-03-17 11:30:00;2026-03-17 12:30:00;DK2;89,129997;665,961512
2026-03-17 11:45:00;2026-03-17 12:45:00;DK2;88,760002;663,196983
2026-03-17 12:00:00;2026-03-17 13:00:00;DK2;90,500000;676,197900
2026-03-17 12:15:00;2026-03-17 13:15:00;DK2;90,589996;676,870332
2026-03-17 12:30:00;2026-03-17 13:30:00;DK2;89,540001;669,024979
2026-03-17 12:45:00;2026-03-17 13:45:00;DK2;90,470001;675,973753
2026-03-17 13:00:00;2026-03-17 14:00:00;DK2;90,010002;672,536733
2026-03-17 13:15:00;2026-03-17 14:15:00;DK2;87,849998;656,397615
2026-03-17 13:30:00;2026-03-17 14:30:00;DK2;86,430000;645,787674
2026-03-17 13:45:00;2026-03-17 14:45:00;DK2;89,199997;666,484538
2026-03-17 14:00:00;2026-03-17 15:00:00;DK2;87,739998;655,575717
2026-03-17 14:15:00;2026-03-17 15:15:00;DK2;92,919998;694,279641
2026-03-17 14:30:00;2026-03-17 15:30:00;DK2;101,989998;762,048867
2026-03-17 14:45:00;2026-03-17 15:45:00;DK2;113,260002;846,256083
2026-03-17 15:00:00;2026-03-17 16:00:00;DK2;99,239998;741,501417
2026-03-17 15:15:00;2026-03-17 16:15:00;DK2;110,540001;825,932779
2026-03-17 15:30:00;2026-03-17 16:30:00;DK2;121,230003;905,806336
2026-03-17 15:45:00;2026-03-17 16:45:00;DK2;140,240005;1047,845269
2026-03-17 16:00:00;2026-03-17 17:00:00;DK2;128,039993;956,689220
2026-03-17 16:15:00;2026-03-17 17:15:00;DK2;146,729996;1096,337184
2026-03-17 16:30:00;2026-03-17 17:30:00;DK2;163,190002;1219,323057
2026-03-17 16:45:00;2026-03-17 17:45:00;DK2;203,429993;1519,988222
2026-03-17 17:00:00;2026-03-17 18:00:00;DK2;176,300003;1317,278362
2026-03-17 17:15:00;2026-03-17 18:15:00;DK2;200,149994;1495,480725
2026-03-17 17:30:00;2026-03-17 18:30:00;DK2;208,750000;1559,738250
2026-03-17 17:45:00;2026-03-17 18:45:00;DK2;160,500000;1199,223900
2026-03-17 18:00:00;2026-03-17 19:00:00;DK2;203,919998;1523,649441
2026-03-17 18:15:00;2026-03-17 19:15:00;DK2;160,869995;1201,988429
2026-03-17 18:30:00;2026-03-17 19:30:00;DK2;135,860001;1015,118755
2026-03-17 18:45:00;2026-03-17 19:45:00;DK2;124,879997;933,078362
2026-03-17 19:00:00;2026-03-17 20:00:00;DK2;158,360001;1183,234255
2026-03-17 19:15:00;2026-03-17 20:15:00;DK2;143,039993;1068,766220
2026-03-17 19:30:00;2026-03-17 20:30:00;DK2;133,600006;998,232525
2026-03-17 19:45:00;2026-03-17 20:45:00;DK2;119,029999;889,368347
2026-03-17 20:00:00;2026-03-17 21:00:00;DK2;119,139999;890,190245
2026-03-17 20:15:00;2026-03-17 21:15:00;DK2;128,020004;956,539866
2026-03-17 20:30:00;2026-03-17 21:30:00;DK2;118,760002;887,350983
2026-03-17 20:45:00;2026-03-17 21:45:00;DK2;102,570000;766,382526
2026-03-17 21:00:00;2026-03-17 22:00:00;DK2;117,660004;879,132018
2026-03-17 21:15:00;2026-03-17 22:15:00;DK2;117,669998;879,206691
2026-03-17 21:30:00;2026-03-17 22:30:00;DK2;105,690002;789,694557
2026-03-17 21:45:00;2026-03-17 22:45:00;DK2;98,279999;734,328497
2026-03-17 22:00:00;2026-03-17 23:00:00;DK2;108,190002;808,374057
2026-03-17 22:15:00;2026-03-17 23:15:00;DK2;101,660004;759,583218
2026-03-17 22:30:00;2026-03-17 23:30:00;DK2;98,099998;732,983565
2026-03-17 22:45:00;2026-03-17 23:45:00;DK2;93,820000;701,004276
2026-03-17 23:00:00;2026-03-18 00:00:00;DK2;95,690002;714,995695
2026-03-17 23:15:00;2026-03-18 00:15:00;DK2;88,879997;664,111338
2026-03-17 23:30:00;2026-03-18 00:30:00;DK2;87,379997;652,903338
2026-03-17 23:45:00;2026-03-18 00:45:00;DK2;87,190002;651,483695
2026-03-18 00:00:00;2026-03-18 01:00:00;DK2;89,620003;669,640662
2026-03-18 00:15:00;2026-03-18 01:15:00;DK2;86,620003;647,224662
2026-03-18 00:30:00;2026-03-18 01:30:00;DK2;85,809998;641,172305
2026-03-18 00:45:00;2026-03-18 01:45:00;DK2;84,779999;633,476153
2026-03-18 01:00:00;2026-03-18 02:00:00;DK2;86,559998;646,776305
2026-03-18 01:15:00;2026-03-18 02:15:00;DK2;85,379997;637,959338
2026-03-18 01:30:00;2026-03-18 02:30:00;DK2;85,250000;636,988000
2026-03-18 01:45:00;2026-03-18 02:45:00;DK2;85,480003;638,706582
2026-03-18 02:00:00;2026-03-18 03:00:00;DK2;86,139999;643,638073
2026-03-18 02:15:00;2026-03-18 03:15:00;DK2;86,489998;646,253265
2026-03-18 02:30:00;2026-03-18 03:30:00;DK2;87,070000;650,587040
2026-03-18 02:45:00;2026-03-18 03:45:00;DK2;87,720001;655,443847
2026-03-18 03:00:00;2026-03-18 04:00:00;DK2;87,910004;656,863550
2026-03-18 03:15:00;2026-03-18 04:15:00;DK2;88,870003;664,036662
2026-03-18 03:30:00;2026-03-18 04:30:00;DK2;89,050003;665,381622
2026-03-18 03:45:00;2026-03-18 04:45:00;DK2;89,449997;668,370378
2026-03-18 04:00:00;2026-03-18 05:00:00;DK2;88,980003;664,858582
2026-03-18 04:15:00;2026-03-18 05:15:00;DK2;91,500000;683,688000
2026-03-18 04:30:00;2026-03-18 05:30:00;DK2;102,830002;768,345775
2026-03-18 04:45:00;2026-03-18 05:45:00;DK2;116,860001;873,177927
2026-03-18 05:00:00;2026-03-18 06:00:00;DK2;112,580002;841,197775
2026-03-18 05:15:00;2026-03-18 06:15:00;DK2;130,679993;976,440908
2026-03-18 05:30:00;2026-03-18 06:30:00;DK2;137,419998;1026,802225
2026-03-18 05:45:00;2026-03-18 06:45:00;DK2;142,289993;1063,190828
2026-03-18 06:00:00;2026-03-18 07:00:00;DK2;150,199997;1122,294378
2026-03-18 06:15:00;2026-03-18 07:15:00;DK2;148,809998;1111,908305
2026-03-18 06:30:00;2026-03-18 07:30:00;DK2;132,009995;986,378683
2026-03-18 06:45:00;2026-03-18 07:45:00;DK2;103,349998;772,231185
2026-03-18 07:00:00;2026-03-18 08:00:00;DK2;131,429993;982,044908
2026-03-18 07:15:00;2026-03-18 08:15:00;DK2;106,889999;798,682073
2026-03-18 07:30:00;2026-03-18 08:30:00;DK2;87,680000;655,144960
2026-03-18 07:45:00;2026-03-18 08:45:00;DK2;73,720001;550,835847
2026-03-18 08:00:00;2026-03-18 09:00:00;DK2;99,910004;746,527550
2026-03-18 08:15:00;2026-03-18 09:15:00;DK2;81,059998;605,680305
2026-03-18 08:30:00;2026-03-18 09:30:00;DK2;57,310001;428,220327
2026-03-18 08:45:00;2026-03-18 09:45:00;DK2;13,530000;101,096160
2026-03-18 09:00:00;2026-03-18 10:00:00;DK2;36,759998;274,670705
2026-03-18 09:15:00;2026-03-18 10:15:00;DK2;4,150000;31,008800
2026-03-18 09:30:00;2026-03-18 10:30:00;DK2;2,500000;18,680000
2026-03-18 09:45:00;2026-03-18 10:45:00;DK2;2,560000;19,128320
2026-03-18 10:00:00;2026-03-18 11:00:00;DK2;2,950000;22,042400
2026-03-18 10:15:00;2026-03-18 11:15:00;DK2;2,820000;21,071040
2026-03-18 10:30:00;2026-03-18 11:30:00;DK2;2,720000;20,323840
2026-03-18 10:45:00;2026-03-18 11:45:00;DK2;2,570000;19,203040
2026-03-18 11:00:00;2026-03-18 12:00:00;DK2;2,540000;18,978880
2026-03-18 11:15:00;2026-03-18 12:15:00;DK2;2,470000;18,455840
2026-03-18 11:30:00;2026-03-18 12:30:00;DK2;2,460000;18,381120
2026-03-18 11:45:00;2026-03-18 12:45:00;DK2;2,470000;18,455840
2026-03-18 12:00:00;2026-03-18 13:00:00;DK2;3,460000;25,853120
2026-03-18 12:15:00;2026-03-18 13:15:00;DK2;3,320000;24,807040
2026-03-18 12:30:00;2026-03-18 13:30:00;DK2;3,350000;25,031200
2026-03-18 12:45:00;2026-03-18 13:45:00;DK2;3,480000;26,002560
2026-03-18 13:00:00;2026-03-18 14:00:00;DK2;2,480000;18,530560
2026-03-18 13:15:00;2026-03-18 14:15:00;DK2;2,720000;20,323840
2026-03-18 13:30:00;2026-03-18 14:30:00;DK2;2,730000;20,398560
2026-03-18 13:45:00;2026-03-18 14:45:00;DK2;6,250000;46,700000
2026-03-18 14:00:00;2026-03-18 15:00:00;DK2;3,530000;26,376160
2026-03-18 14:15:00;2026-03-18 15:15:00;DK2;13,770000;102,889440
2026-03-18 14:30:00;2026-03-18 15:30:00;DK2;71,269997;532,529418
2026-03-18 14:45:00;2026-03-18 15:45:00;DK2;100,209999;748,769113
2026-03-18 15:00:00;2026-03-18 16:00:00;DK2;65,389999;488,594073
2026-03-18 15:15:00;2026-03-18 16:15:00;DK2;93,910004;701,695550
2026-03-18 15:30:00;2026-03-18 16:30:00;DK2;124,989998;933,925265
2026-03-18 15:45:00;2026-03-18 16:45:00;DK2;143,850006;1074,847245
2026-03-18 16:00:00;2026-03-18 17:00:00;DK2;101,489998;758,333265
2026-03-18 16:15:00;2026-03-18 17:15:00;DK2;135,889999;1015,370073
2026-03-18 16:30:00;2026-03-18 17:30:00;DK2;159,279999;1190,140153
2026-03-18 16:45:00;2026-03-18 17:45:00;DK2;184,190002;1376,267695
2026-03-18 17:00:00;2026-03-18 18:00:00;DK2;163,029999;1218,160153
2026-03-18 17:15:00;2026-03-18 18:15:00;DK2;176,820007;1321,199092
2026-03-18 17:30:00;2026-03-18 18:30:00;DK2;185,720001;1387,699847
2026-03-18 17:45:00;2026-03-18 18:45:00;DK2;184,929993;1381,796908
2026-03-18 18:00:00;2026-03-18 19:00:00;DK2;192,600006;1439,107245
2026-03-18 18:15:00;2026-03-18 19:15:00;DK2;180,550003;1349,069622
2026-03-18 18:30:00;2026-03-18 19:30:00;DK2;165,399994;1235,868755
2026-03-18 18:45:00;2026-03-18 19:45:00;DK2;142,250000;1062,892000
2026-03-18 19:00:00;2026-03-18 20:00:00;DK2;164,639999;1230,190073
2026-03-18 19:15:00;2026-03-18 20:15:00;DK2;152,020004;1135,893470
2026-03-18 19:30:00;2026-03-18 20:30:00;DK2;141,729996;1059,006530
2026-03-18 19:45:00;2026-03-18 20:45:00;DK2;135,580002;1013,053775
2026-03-18 20:00:00;2026-03-18 21:00:00;DK2;144,970001;1083,215847
2026-03-18 20:15:00;2026-03-18 21:15:00;DK2;138,940002;1038,159695
2026-03-18 20:30:00;2026-03-18 21:30:00;DK2;128,119995;957,312603
2026-03-18 20:45:00;2026-03-18 21:45:00;DK2;116,180000;868,096960
2026-03-18 21:00:00;2026-03-18 22:00:00;DK2;136,979996;1023,514530
2026-03-18 21:15:00;2026-03-18 22:15:00;DK2;126,000000;941,472000
2026-03-18 21:30:00;2026-03-18 22:30:00;DK2;118,110001;882,517927
2026-03-18 21:45:00;2026-03-18 22:45:00;DK2;113,940002;851,359695
2026-03-18 22:00:00;2026-03-18 23:00:00;DK2;123,180000;920,400960
2026-03-18 22:15:00;2026-03-18 23:15:00;DK2;112,610001;841,421927
2026-03-18 22:30:00;2026-03-18 23:30:00;DK2;111,480003;832,978582
2026-03-18 22:45:00;2026-03-18 23:45:00;DK2;106,139999;793,078073
2026-03-18 23:00:00;2026-03-19 00:00:00;DK2;113,010002;844,365531
2026-03-18 23:15:00;2026-03-19 00:15:00;DK2;108,739998;812,461769
2026-03-18 23:30:00;2026-03-19 00:30:00;DK2;108,180000;808,277688
2026-03-18 23:45:00;2026-03-19 00:45:00;DK2;106,970001;799,237059
2026-03-19 00:00:00;2026-03-19 01:00:00;DK2;112,730003;842,273490
2026-03-19 00:15:00;2026-03-19 01:15:00;DK2;111,709999;834,652429
2026-03-19 00:30:00;2026-03-19 01:30:00;DK2;112,820000;842,945912
2026-03-19 00:45:00;2026-03-19 01:45:00;DK2;113,190002;845,710419
2026-03-19 01:00:00;2026-03-19 02:00:00;DK2;113,629997;848,997886
2026-03-19 01:15:00;2026-03-19 02:15:00;DK2;112,760002;842,497631
2026-03-19 01:30:00;2026-03-19 02:30:00;DK2;113,910004;851,089986
2026-03-19 01:45:00;2026-03-19 02:45:00;DK2;115,559998;863,418081
2026-03-19 02:00:00;2026-03-19 03:00:00;DK2;110,029999;822,100141
2026-03-19 02:15:00;2026-03-19 03:15:00;DK2;112,709999;842,124029
2026-03-19 02:30:00;2026-03-19 03:30:00;DK2;116,809998;872,757581
2026-03-19 02:45:00;2026-03-19 03:45:00;DK2;115,480003;862,820390
2026-03-19 03:00:00;2026-03-19 04:00:00;DK2;114,320000;854,153312
2026-03-19 03:15:00;2026-03-19 04:15:00;DK2;115,750000;864,837700
2026-03-19 03:30:00;2026-03-19 04:30:00;DK2;117,720001;879,556759
2026-03-19 03:45:00;2026-03-19 04:45:00;DK2;120,980003;903,914190
2026-03-19 04:00:00;2026-03-19 05:00:00;DK2;116,370003;869,470114
2026-03-19 04:15:00;2026-03-19 05:15:00;DK2;121,830002;910,265043
2026-03-19 04:30:00;2026-03-19 05:30:00;DK2;125,910004;940,749186
2026-03-19 04:45:00;2026-03-19 05:45:00;DK2;141,440002;1056,783119
2026-03-19 05:00:00;2026-03-19 06:00:00;DK2;121,599998;908,546545
2026-03-19 05:15:00;2026-03-19 06:15:00;DK2;150,240005;1122,533221
2026-03-19 05:30:00;2026-03-19 06:30:00;DK2;169,470001;1266,212059
2026-03-19 05:45:00;2026-03-19 06:45:00;DK2;177,229996;1324,191638
2026-03-19 06:00:00;2026-03-19 07:00:00;DK2;191,610001;1431,633283
2026-03-19 06:15:00;2026-03-19 07:15:00;DK2;175,520004;1311,415262
2026-03-19 06:30:00;2026-03-19 07:30:00;DK2;150,210007;1122,309088
2026-03-19 06:45:00;2026-03-19 07:45:00;DK2;117,709999;879,482029
2026-03-19 07:00:00;2026-03-19 08:00:00;DK2;177,419998;1325,611257
2026-03-19 07:15:00;2026-03-19 08:15:00;DK2;151,350006;1130,826705
2026-03-19 07:30:00;2026-03-19 08:30:00;DK2;120,190002;898,011619
2026-03-19 07:45:00;2026-03-19 08:45:00;DK2;103,400002;772,563455
2026-03-19 08:00:00;2026-03-19 09:00:00;DK2;121,980003;911,385790
2026-03-19 08:15:00;2026-03-19 09:15:00;DK2;100,870003;753,660314
2026-03-19 08:30:00;2026-03-19 09:30:00;DK2;84,150002;628,735155
2026-03-19 08:45:00;2026-03-19 09:45:00;DK2;56,599998;422,892545
2026-03-19 09:00:00;2026-03-19 10:00:00;DK2;99,000000;739,688400
2026-03-19 09:15:00;2026-03-19 10:15:00;DK2;62,529999;467,199141
2026-03-19 09:30:00;2026-03-19 10:30:00;DK2;40,919998;305,737857
2026-03-19 09:45:00;2026-03-19 10:45:00;DK2;21,740000;162,432584
2026-03-19 10:00:00;2026-03-19 11:00:00;DK2;30,860001;230,573583
2026-03-19 10:15:00;2026-03-19 11:15:00;DK2;20,080000;150,029728
2026-03-19 10:30:00;2026-03-19 11:30:00;DK2;17,299999;129,258673
2026-03-19 10:45:00;2026-03-19 11:45:00;DK2;20,260000;151,374616
2026-03-19 11:00:00;2026-03-19 12:00:00;DK2;22,120001;165,271799
2026-03-19 11:15:00;2026-03-19 12:15:00;DK2;20,070000;149,955012
2026-03-19 11:30:00;2026-03-19 12:30:00;DK2;20,969999;156,679445
2026-03-19 11:45:00;2026-03-19 12:45:00;DK2;23,450001;175,209027
2026-03-19 12:00:00;2026-03-19 13:00:00;DK2;16,049999;119,919173
2026-03-19 12:15:00;2026-03-19 13:15:00;DK2;16,059999;119,993889
2026-03-19 12:30:00;2026-03-19 13:30:00;DK2;16,070000;120,068612
2026-03-19 12:45:00;2026-03-19 13:45:00;DK2;21,400000;159,892240
2026-03-19 13:00:00;2026-03-19 14:00:00;DK2;13,890000;103,780524
2026-03-19 13:15:00;2026-03-19 14:15:00;DK2;28,969999;216,452245
2026-03-19 13:30:00;2026-03-19 14:30:00;DK2;58,070000;433,875812
2026-03-19 13:45:00;2026-03-19 14:45:00;DK2;78,300003;585,026302
2026-03-19 14:00:00;2026-03-19 15:00:00;DK2;42,770000;319,560332
2026-03-19 14:15:00;2026-03-19 15:15:00;DK2;81,750000;610,803300
2026-03-19 14:30:00;2026-03-19 15:30:00;DK2;98,779999;738,044641
2026-03-19 14:45:00;2026-03-19 15:45:00;DK2;120,480003;900,178390
2026-03-19 15:00:00;2026-03-19 16:00:00;DK2;97,629997;729,452286
2026-03-19 15:15:00;2026-03-19 16:15:00;DK2;110,129997;822,847286
2026-03-19 15:30:00;2026-03-19 16:30:00;DK2;122,849998;917,886045
2026-03-19 15:45:00;2026-03-19 16:45:00;DK2;150,770004;1126,493162
2026-03-19 16:00:00;2026-03-19 17:00:00;DK2;101,400002;757,620255
2026-03-19 16:15:00;2026-03-19 17:15:00;DK2;132,960007;993,423988
2026-03-19 16:30:00;2026-03-19 17:30:00;DK2;167,820007;1253,883964
2026-03-19 16:45:00;2026-03-19 17:45:00;DK2;206,509995;1542,960079
2026-03-19 17:00:00;2026-03-19 18:00:00;DK2;180,369995;1347,652455
2026-03-19 17:15:00;2026-03-19 18:15:00;DK2;202,300003;1511,504702
2026-03-19 17:30:00;2026-03-19 18:30:00;DK2;223,210007;1667,735888
2026-03-19 17:45:00;2026-03-19 18:45:00;DK2;231,190002;1727,359219
2026-03-19 18:00:00;2026-03-19 19:00:00;DK2;240,910004;1799,983186
2026-03-19 18:15:00;2026-03-19 19:15:00;DK2;219,479996;1639,866738
2026-03-19 18:30:00;2026-03-19 19:30:00;DK2;203,320007;1519,125764
2026-03-19 18:45:00;2026-03-19 19:45:00;DK2;193,820007;1448,145564
2026-03-19 19:00:00;2026-03-19 20:00:00;DK2;183,050003;1367,676402
2026-03-19 19:15:00;2026-03-19 20:15:00;DK2;167,860001;1254,182783
2026-03-19 19:30:00;2026-03-19 20:30:00;DK2;157,149994;1174,161895
2026-03-19 19:45:00;2026-03-19 20:45:00;DK2;145,410004;1086,445386
2026-03-19 20:00:00;2026-03-19 21:00:00;DK2;160,779999;1201,283841
2026-03-19 20:15:00;2026-03-19 21:15:00;DK2;155,729996;1163,552238
2026-03-19 20:30:00;2026-03-19 21:30:00;DK2;147,759995;1104,003579
2026-03-19 20:45:00;2026-03-19 21:45:00;DK2;131,850006;985,130505
2026-03-19 21:00:00;2026-03-19 22:00:00;DK2;150,740005;1126,269021
2026-03-19 21:15:00;2026-03-19 22:15:00;DK2;145,679993;1088,462636
2026-03-19 21:30:00;2026-03-19 22:30:00;DK2;134,429993;1004,407136
2026-03-19 21:45:00;2026-03-19 22:45:00;DK2;127,330002;951,358843
2026-03-19 22:00:00;2026-03-19 23:00:00;DK2;141,559998;1057,679681
2026-03-19 22:15:00;2026-03-19 23:15:00;DK2;134,039993;1001,493212
2026-03-19 22:30:00;2026-03-19 23:30:00;DK2;131,100006;979,526805
2026-03-19 22:45:00;2026-03-19 23:45:00;DK2;122,239998;913,328369
2026-03-19 23:00:00;2026-03-20 00:00:00;DK2;158,559998;1184,633457
2026-03-19 23:15:00;2026-03-20 00:15:00;DK2;145,410004;1086,387222
2026-03-19 23:30:00;2026-03-20 00:30:00;DK2;137,259995;1025,496875
2026-03-19 23:45:00;2026-03-20 00:45:00;DK2;133,020004;993,819054
2026-03-20 00:00:00;2026-03-20 01:00:00;DK2;141,259995;1055,381675
2026-03-20 00:15:00;2026-03-20 01:15:00;DK2;138,080002;1031,623311
2026-03-20 00:30:00;2026-03-20 01:30:00;DK2;136,649994;1020,939435
2026-03-20 00:45:00;2026-03-20 01:45:00;DK2;135,830002;1014,813111
2026-03-20 01:00:00;2026-03-20 02:00:00;DK2;136,360001;1018,772839
2026-03-20 01:15:00;2026-03-20 02:15:00;DK2;134,979996;1008,462546
2026-03-20 01:30:00;2026-03-20 02:30:00;DK2;135,610001;1013,169439
2026-03-20 01:45:00;2026-03-20 02:45:00;DK2;135,600006;1013,094765
2026-03-20 02:00:00;2026-03-20 03:00:00;DK2;135,919998;1015,485489
2026-03-20 02:15:00;2026-03-20 03:15:00;DK2;135,220001;1010,255671
2026-03-20 02:30:00;2026-03-20 03:30:00;DK2;138,860001;1037,450839
2026-03-20 02:45:00;2026-03-20 03:45:00;DK2;139,880005;1045,071493
2026-03-20 03:00:00;2026-03-20 04:00:00;DK2;131,130005;979,698493
2026-03-20 03:15:00;2026-03-20 04:15:00;DK2;135,759995;1014,290075
2026-03-20 03:30:00;2026-03-20 04:30:00;DK2;138,990005;1038,422125
2026-03-20 03:45:00;2026-03-20 04:45:00;DK2;149,740005;1118,737525
2026-03-20 04:00:00;2026-03-20 05:00:00;DK2;136,600006;1020,565965
2026-03-20 04:15:00;2026-03-20 05:15:00;DK2;145,360001;1086,013639
2026-03-20 04:30:00;2026-03-20 05:30:00;DK2;164,679993;1230,357164
2026-03-20 04:45:00;2026-03-20 05:45:00;DK2;171,410004;1280,638422
2026-03-20 05:00:00;2026-03-20 06:00:00;DK2;168,800003;1261,138582
2026-03-20 05:15:00;2026-03-20 06:15:00;DK2;188,429993;1407,798164
2026-03-20 05:30:00;2026-03-20 06:30:00;DK2;203,300003;1518,894982
2026-03-20 05:45:00;2026-03-20 06:45:00;DK2;208,850006;1560,360165
2026-03-20 06:00:00;2026-03-20 07:00:00;DK2;239,979996;1792,938546
2026-03-20 06:15:00;2026-03-20 07:15:00;DK2;215,320007;1608,698836
2026-03-20 06:30:00;2026-03-20 07:30:00;DK2;195,179993;1458,228764
2026-03-20 06:45:00;2026-03-20 07:45:00;DK2;173,490005;1296,178525
2026-03-20 07:00:00;2026-03-20 08:00:00;DK2;208,289993;1556,176196
2026-03-20 07:15:00;2026-03-20 08:15:00;DK2;173,539993;1296,551996
2026-03-20 07:30:00;2026-03-20 08:30:00;DK2;155,770004;1163,788854
2026-03-20 07:45:00;2026-03-20 08:45:00;DK2;121,989998;911,411673
2026-03-20 08:00:00;2026-03-20 09:00:00;DK2;169,339996;1265,172978
2026-03-20 08:15:00;2026-03-20 09:15:00;DK2;144,380005;1078,691893
2026-03-20 08:30:00;2026-03-20 09:30:00;DK2;106,290001;794,113855
2026-03-20 08:45:00;2026-03-20 09:45:00;DK2;109,059998;814,809057
2026-03-20 09:00:00;2026-03-20 10:00:00;DK2;119,970001;896,319871
2026-03-20 09:15:00;2026-03-20 10:15:00;DK2;107,989998;806,814873
2026-03-20 09:30:00;2026-03-20 10:30:00;DK2;90,800003;678,384982
2026-03-20 09:45:00;2026-03-20 10:45:00;DK2;84,480003;631,166998
2026-03-20 10:00:00;2026-03-20 11:00:00;DK2;95,510002;713,574327
2026-03-20 10:15:00;2026-03-20 11:15:00;DK2;85,120003;635,948566
2026-03-20 10:30:00;2026-03-20 11:30:00;DK2;70,669998;527,989689
2026-03-20 10:45:00;2026-03-20 11:45:00;DK2;62,549999;467,323553
2026-03-20 11:00:00;2026-03-20 12:00:00;DK2;71,279999;532,547129
2026-03-20 11:15:00;2026-03-20 12:15:00;DK2;66,519997;496,984202
2026-03-20 11:30:00;2026-03-20 12:30:00;DK2;65,510002;489,438327
2026-03-20 11:45:00;2026-03-20 12:45:00;DK2;59,110001;441,622639
2026-03-20 12:00:00;2026-03-20 13:00:00;DK2;56,250000;420,255000
2026-03-20 12:15:00;2026-03-20 13:15:00;DK2;60,000000;448,272000
2026-03-20 12:30:00;2026-03-20 13:30:00;DK2;69,160004;516,708222
2026-03-20 12:45:00;2026-03-20 13:45:00;DK2;77,010002;575,357127
2026-03-20 13:00:00;2026-03-20 14:00:00;DK2;59,860001;447,226039
2026-03-20 13:15:00;2026-03-20 14:15:00;DK2;81,139999;606,213161
2026-03-20 13:30:00;2026-03-20 14:30:00;DK2;95,559998;713,947857
2026-03-20 13:45:00;2026-03-20 14:45:00;DK2;113,019997;844,395002
2026-03-20 14:00:00;2026-03-20 15:00:00;DK2;100,139999;748,165961
2026-03-20 14:15:00;2026-03-20 15:15:00;DK2;114,989998;859,113273
2026-03-20 14:30:00;2026-03-20 15:30:00;DK2;118,820000;887,727984
2026-03-20 14:45:00;2026-03-20 15:45:00;DK2;134,639999;1005,922361
2026-03-20 15:00:00;2026-03-20 16:00:00;DK2;104,290001;779,171455
2026-03-20 15:15:00;2026-03-20 16:15:00;DK2;138,990005;1038,422125
2026-03-20 15:30:00;2026-03-20 16:30:00;DK2;156,699997;1170,737018
2026-03-20 15:45:00;2026-03-20 16:45:00;DK2;178,710007;1335,178204
2026-03-20 16:00:00;2026-03-20 17:00:00;DK2;140,490005;1049,628925
2026-03-20 16:15:00;2026-03-20 17:15:00;DK2;161,610001;1207,420639
2026-03-20 16:30:00;2026-03-20 17:30:00;DK2;178,309998;1332,189657
2026-03-20 16:45:00;2026-03-20 17:45:00;DK2;218,869995;1635,221507
2026-03-20 17:00:00;2026-03-20 18:00:00;DK2;176,649994;1319,787435
2026-03-20 17:15:00;2026-03-20 18:15:00;DK2;217,130005;1622,221693
2026-03-20 17:30:00;2026-03-20 18:30:00;DK2;227,119995;1696,858907
2026-03-20 17:45:00;2026-03-20 18:45:00;DK2;223,119995;1666,974107
2026-03-20 18:00:00;2026-03-20 19:00:00;DK2;237,869995;1777,174307
2026-03-20 18:15:00;2026-03-20 19:15:00;DK2;218,020004;1628,871054
2026-03-20 18:30:00;2026-03-20 19:30:00;DK2;205,449997;1534,958018
2026-03-20 18:45:00;2026-03-20 19:45:00;DK2;187,919998;1403,987889
2026-03-20 19:00:00;2026-03-20 20:00:00;DK2;200,770004;1499,992854
2026-03-20 19:15:00;2026-03-20 20:15:00;DK2;182,990005;1367,154925
2026-03-20 19:30:00;2026-03-20 20:30:00;DK2;173,309998;1294,833657
2026-03-20 19:45:00;2026-03-20 20:45:00;DK2;163,070007;1218,328636
2026-03-20 20:00:00;2026-03-20 21:00:00;DK2;174,690002;1305,143943
2026-03-20 20:15:00;2026-03-20 21:15:00;DK2;170,710007;1275,408604
2026-03-20 20:30:00;2026-03-20 21:30:00;DK2;157,820007;1179,104836
2026-03-20 20:45:00;2026-03-20 21:45:00;DK2;149,000000;1113,208800
2026-03-20 21:00:00;2026-03-20 22:00:00;DK2;163,470001;1221,317071
2026-03-20 21:15:00;2026-03-20 22:15:00;DK2;164,059998;1225,725057
2026-03-20 21:30:00;2026-03-20 22:30:00;DK2;143,679993;1073,461964
2026-03-20 21:45:00;2026-03-20 22:45:00;DK2;136,089996;1016,755578
2026-03-20 22:00:00;2026-03-20 23:00:00;DK2;161,949997;1209,960818
2026-03-20 22:15:00;2026-03-20 23:15:00;DK2;154,800003;1156,541782
2026-03-20 22:30:00;2026-03-20 23:30:00;DK2;140,360001;1048,657639
2026-03-20 22:45:00;2026-03-20 23:45:00;DK2;135,160004;1009,807422
2026-03-20 23:00:00;2026-03-21 00:00:00;DK2;151,199997;1129,645418
2026-03-20 23:15:00;2026-03-21 00:15:00;DK2;147,309998;1100,582457
2026-03-20 23:30:00;2026-03-21 00:30:00;DK2;138,979996;1038,347346
2026-03-20 23:45:00;2026-03-21 00:45:00;DK2;131,899994;985,451235
2026-03-21 00:00:00;2026-03-21 01:00:00;DK2;148,570007;1109,996236
2026-03-21 00:15:00;2026-03-21 01:15:00;DK2;138,820007;1037,152036
2026-03-21 00:30:00;2026-03-21 01:30:00;DK2;133,699997;998,899418
2026-03-21 00:45:00;2026-03-21 01:45:00;DK2;132,050003;986,571982
2026-03-21 01:00:00;2026-03-21 02:00:00;DK2;142,720001;1066,289671
2026-03-21 01:15:00;2026-03-21 02:15:00;DK2;135,440002;1011,899343
2026-03-21 01:30:00;2026-03-21 02:30:00;DK2;132,570007;990,457036
2026-03-21 01:45:00;2026-03-21 02:45:00;DK2;133,399994;996,658035
2026-03-21 02:00:00;2026-03-21 03:00:00;DK2;131,960007;985,899604
2026-03-21 02:15:00;2026-03-21 03:15:00;DK2;131,979996;986,048946
2026-03-21 02:30:00;2026-03-21 03:30:00;DK2;132,220001;987,842071
2026-03-21 02:45:00;2026-03-21 03:45:00;DK2;131,839996;985,002978
2026-03-21 03:00:00;2026-03-21 04:00:00;DK2;131,289993;980,893796
2026-03-21 03:15:00;2026-03-21 04:15:00;DK2;130,539993;975,290396
2026-03-21 03:30:00;2026-03-21 04:30:00;DK2;131,350006;981,342165
2026-03-21 03:45:00;2026-03-21 04:45:00;DK2;131,389999;981,640961
2026-03-21 04:00:00;2026-03-21 05:00:00;DK2;135,589996;1013,019978
2026-03-21 04:15:00;2026-03-21 05:15:00;DK2;135,619995;1013,244107
2026-03-21 04:30:00;2026-03-21 05:30:00;DK2;138,399994;1034,014035
2026-03-21 04:45:00;2026-03-21 05:45:00;DK2;140,869995;1052,467907
2026-03-21 05:00:00;2026-03-21 06:00:00;DK2;140,649994;1050,824235
2026-03-21 05:15:00;2026-03-21 06:15:00;DK2;145,410004;1086,387222
2026-03-21 05:30:00;2026-03-21 06:30:00;DK2;141,570007;1057,697836
2026-03-21 05:45:00;2026-03-21 06:45:00;DK2;141,509995;1057,249475
2026-03-21 06:00:00;2026-03-21 07:00:00;DK2;151,000000;1128,151200
2026-03-21 06:15:00;2026-03-21 07:15:00;DK2;147,940002;1105,289343
2026-03-21 06:30:00;2026-03-21 07:30:00;DK2;138,619995;1035,657707
2026-03-21 06:45:00;2026-03-21 07:45:00;DK2;120,910004;903,342822
2026-03-21 07:00:00;2026-03-21 08:00:00;DK2;143,250000;1070,249400
2026-03-21 07:15:00;2026-03-21 08:15:00;DK2;137,990005;1030,950925
2026-03-21 07:30:00;2026-03-21 08:30:00;DK2;120,650002;901,400295
2026-03-21 07:45:00;2026-03-21 08:45:00;DK2;106,970001;799,194271
2026-03-21 08:00:00;2026-03-21 09:00:00;DK2;109,760002;820,038927
2026-03-21 08:15:00;2026-03-21 09:15:00;DK2;103,970001;776,780671
2026-03-21 08:30:00;2026-03-21 09:30:00;DK2;96,360001;719,924839
2026-03-21 08:45:00;2026-03-21 09:45:00;DK2;92,110001;688,172239
2026-03-21 09:00:00;2026-03-21 10:00:00;DK2;99,980003;746,970598
2026-03-21 09:15:00;2026-03-21 10:15:00;DK2;80,720001;603,075271
2026-03-21 09:30:00;2026-03-21 10:30:00;DK2;68,150002;509,162295
2026-03-21 09:45:00;2026-03-21 10:45:00;DK2;56,970001;425,634271
2026-03-21 10:00:00;2026-03-21 11:00:00;DK2;62,610001;467,771839
2026-03-21 10:15:00;2026-03-21 11:15:00;DK2;46,770000;349,428024
2026-03-21 10:30:00;2026-03-21 11:30:00;DK2;40,410000;301,911192
2026-03-21 10:45:00;2026-03-21 11:45:00;DK2;33,779999;252,377129
2026-03-21 11:00:00;2026-03-21 12:00:00;DK2;32,869999;245,578337
2026-03-21 11:15:00;2026-03-21 12:15:00;DK2;21,080000;157,492896
2026-03-21 11:30:00;2026-03-21 12:30:00;DK2;20,010000;149,498712
2026-03-21 11:45:00;2026-03-21 12:45:00;DK2;20,000000;149,424000
2026-03-21 12:00:00;2026-03-21 13:00:00;DK2;20,410000;152,487192
2026-03-21 12:15:00;2026-03-21 13:15:00;DK2;21,900000;163,619280
2026-03-21 12:30:00;2026-03-21 13:30:00;DK2;24,760000;184,986912
2026-03-21 12:45:00;2026-03-21 13:45:00;DK2;30,000000;224,136000
2026-03-21 13:00:00;2026-03-21 14:00:00;DK2;42,740002;319,319103
2026-03-21 13:15:00;2026-03-21 14:15:00;DK2;61,990002;463,139703
2026-03-21 13:30:00;2026-03-21 14:30:00;DK2;68,250000;509,909400
2026-03-21 13:45:00;2026-03-21 14:45:00;DK2;78,690002;587,908743
2026-03-21 14:00:00;2026-03-21 15:00:00;DK2;76,680000;572,891616
2026-03-21 14:15:00;2026-03-21 15:15:00;DK2;89,019997;665,086202
2026-03-21 14:30:00;2026-03-21 15:30:00;DK2;90,470001;675,919471
2026-03-21 14:45:00;2026-03-21 15:45:00;DK2;103,750000;775,137000
2026-03-21 15:00:00;2026-03-21 16:00:00;DK2;96,230003;718,953598
2026-03-21 15:15:00;2026-03-21 16:15:00;DK2;104,160004;778,200222
2026-03-21 15:30:00;2026-03-21 16:30:00;DK2;123,510002;922,767927
2026-03-21 15:45:00;2026-03-21 16:45:00;DK2;138,679993;1036,105964
2026-03-21 16:00:00;2026-03-21 17:00:00;DK2;122,760002;917,164527
2026-03-21 16:15:00;2026-03-21 17:15:00;DK2;141,089996;1054,111578
2026-03-21 16:30:00;2026-03-21 17:30:00;DK2;156,500000;1169,242800
2026-03-21 16:45:00;2026-03-21 17:45:00;DK2;163,759995;1223,483675
2026-03-21 17:00:00;2026-03-21 18:00:00;DK2;161,479996;1206,449346
2026-03-21 17:15:00;2026-03-21 18:15:00;DK2;174,389999;1302,902561
2026-03-21 17:30:00;2026-03-21 18:30:00;DK2;177,449997;1325,764418
2026-03-21 17:45:00;2026-03-21 18:45:00;DK2;173,169998;1293,787689
2026-03-21 18:00:00;2026-03-21 19:00:00;DK2;189,710007;1417,361404
2026-03-21 18:15:00;2026-03-21 19:15:00;DK2;168,190002;1256,581143
2026-03-21 18:30:00;2026-03-21 19:30:00;DK2;153,550003;1147,202782
2026-03-21 18:45:00;2026-03-21 19:45:00;DK2;140,970001;1053,215071
2026-03-21 19:00:00;2026-03-21 20:00:00;DK2;156,729996;1170,961146
2026-03-21 19:15:00;2026-03-21 20:15:00;DK2;145,990005;1090,720525
2026-03-21 19:30:00;2026-03-21 20:30:00;DK2;135,100006;1009,359165
2026-03-21 19:45:00;2026-03-21 20:45:00;DK2;129,479996;967,370946
2026-03-21 20:00:00;2026-03-21 21:00:00;DK2;131,000000;978,727200
2026-03-21 20:15:00;2026-03-21 21:15:00;DK2;129,520004;967,669854
2026-03-21 20:30:00;2026-03-21 21:30:00;DK2;125,570000;938,158584
2026-03-21 20:45:00;2026-03-21 21:45:00;DK2;121,239998;905,808273
2026-03-21 21:00:00;2026-03-21 22:00:00;DK2;127,879997;955,417034
2026-03-21 21:15:00;2026-03-21 22:15:00;DK2;127,449997;952,204418
2026-03-21 21:30:00;2026-03-21 22:30:00;DK2;117,059998;874,578657
2026-03-21 21:45:00;2026-03-21 22:45:00;DK2;108,430000;810,102216
2026-03-21 22:00:00;2026-03-21 23:00:00;DK2;121,150002;905,135895
2026-03-21 22:15:00;2026-03-21 23:15:00;DK2;110,309998;824,148057
2026-03-21 22:30:00;2026-03-21 23:30:00;DK2;103,629997;774,240434
2026-03-21 22:45:00;2026-03-21 23:45:00;DK2;96,790001;723,137455
2026-03-21 23:00:00;2026-03-22 00:00:00;DK2;104,510002;780,815127
2026-03-21 23:15:00;2026-03-22 00:15:00;DK2;101,769997;760,344002
2026-03-21 23:30:00;2026-03-22 00:30:00;DK2;99,779999;745,476329
2026-03-21 23:45:00;2026-03-22 00:45:00;DK2;95,470001;713,275471
2026-03-22 00:00:00;2026-03-22 01:00:00;DK2;98,529999;736,137329
2026-03-22 00:15:00;2026-03-22 01:15:00;DK2;96,720001;722,614471
2026-03-22 00:30:00;2026-03-22 01:30:00;DK2;94,910004;709,091622
2026-03-22 00:45:00;2026-03-22 01:45:00;DK2;92,760002;693,028527
2026-03-22 01:00:00;2026-03-22 02:00:00;DK2;95,559998;713,947857
2026-03-22 01:15:00;2026-03-22 02:15:00;DK2;94,169998;703,562889
2026-03-22 01:30:00;2026-03-22 02:30:00;DK2;93,959999;701,993945
2026-03-22 01:45:00;2026-03-22 02:45:00;DK2;93,019997;694,971002
2026-03-22 02:00:00;2026-03-22 03:00:00;DK2;95,660004;714,695022
2026-03-22 02:15:00;2026-03-22 03:15:00;DK2;94,669998;707,298489
2026-03-22 02:30:00;2026-03-22 03:30:00;DK2;95,160004;710,959422
2026-03-22 02:45:00;2026-03-22 03:45:00;DK2;95,470001;713,275471
2026-03-22 03:00:00;2026-03-22 04:00:00;DK2;97,489998;728,367273
2026-03-22 03:15:00;2026-03-22 04:15:00;DK2;97,730003;730,160398
2026-03-22 03:30:00;2026-03-22 04:30:00;DK2;99,029999;739,872929
2026-03-22 03:45:00;2026-03-22 04:45:00;DK2;100,050003;747,493582
2026-03-22 04:00:00;2026-03-22 05:00:00;DK2;100,190002;748,539543
2026-03-22 04:15:00;2026-03-22 05:15:00;DK2;101,839996;760,866978
2026-03-22 04:30:00;2026-03-22 05:30:00;DK2;102,849998;768,412905
2026-03-22 04:45:00;2026-03-22 05:45:00;DK2;101,660004;759,522222
2026-03-22 05:00:00;2026-03-22 06:00:00;DK2;102,779999;767,889929
2026-03-22 05:15:00;2026-03-22 06:15:00;DK2;103,790001;775,435855
2026-03-22 05:30:00;2026-03-22 06:30:00;DK2;102,160004;763,257822
2026-03-22 05:45:00;2026-03-22 06:45:00;DK2;91,610001;684,436639
2026-03-22 06:00:00;2026-03-22 07:00:00;DK2;117,489998;877,791273
2026-03-22 06:15:00;2026-03-22 07:15:00;DK2;92,889999;693,999761
2026-03-22 06:30:00;2026-03-22 07:30:00;DK2;78,610001;587,311039
2026-03-22 06:45:00;2026-03-22 07:45:00;DK2;49,779999;371,916329
2026-03-22 07:00:00;2026-03-22 08:00:00;DK2;80,739998;603,224673
2026-03-22 07:15:00;2026-03-22 08:15:00;DK2;46,189999;345,094721
2026-03-22 07:30:00;2026-03-22 08:30:00;DK2;26,370001;197,015551
2026-03-22 07:45:00;2026-03-22 08:45:00;DK2;9,260000;69,183312
2026-03-22 08:00:00;2026-03-22 09:00:00;DK2;19,780001;147,780343
2026-03-22 08:15:00;2026-03-22 09:15:00;DK2;6,690000;49,982328
2026-03-22 08:30:00;2026-03-22 09:30:00;DK2;3,440000;25,700928
2026-03-22 08:45:00;2026-03-22 09:45:00;DK2;2,820000;21,068784
2026-03-22 09:00:00;2026-03-22 10:00:00;DK2;3,910000;29,212392
2026-03-22 09:15:00;2026-03-22 10:15:00;DK2;3,400000;25,402080
2026-03-22 09:30:00;2026-03-22 10:30:00;DK2;3,040000;22,712448
2026-03-22 09:45:00;2026-03-22 10:45:00;DK2;2,620000;19,574544
2026-03-22 10:00:00;2026-03-22 11:00:00;DK2;1,330000;9,936696
2026-03-22 10:15:00;2026-03-22 11:15:00;DK2;1,270000;9,488424
2026-03-22 10:30:00;2026-03-22 11:30:00;DK2;0,260000;1,942512
2026-03-22 10:45:00;2026-03-22 11:45:00;DK2;0,060000;0,448272
2026-03-22 11:00:00;2026-03-22 12:00:00;DK2;-0,720000;-5,379264
2026-03-22 11:15:00;2026-03-22 12:15:00;DK2;-0,630000;-4,706856
2026-03-22 11:30:00;2026-03-22 12:30:00;DK2;-0,540000;-4,034448
2026-03-22 11:45:00;2026-03-22 12:45:00;DK2;-0,480000;-3,586176
2026-03-22 12:00:00;2026-03-22 13:00:00;DK2;-2,880000;-21,517056
2026-03-22 12:15:00;2026-03-22 13:15:00;DK2;-2,940000;-21,965328
2026-03-22 12:30:00;2026-03-22 13:30:00;DK2;-3,250000;-24,281400
2026-03-22 12:45:00;2026-03-22 13:45:00;DK2;-3,120000;-23,310144
2026-03-22 13:00:00;2026-03-22 14:00:00;DK2;-2,370000;-17,706744
2026-03-22 13:15:00;2026-03-22 14:15:00;DK2;-2,250000;-16,810200
2026-03-22 13:30:00;2026-03-22 14:30:00;DK2;-1,890000;-14,120568
2026-03-22 13:45:00;2026-03-22 14:45:00;DK2;-0,950000;-7,097640
2026-03-22 14:00:00;2026-03-22 15:00:00;DK2;-0,260000;-1,942512
2026-03-22 14:15:00;2026-03-22 15:15:00;DK2;0,000000;0,000000
2026-03-22 14:30:00;2026-03-22 15:30:00;DK2;11,660000;87,114192
2026-03-22 14:45:00;2026-03-22 15:45:00;DK2;33,590000;250,957608
2026-03-22 15:00:00;2026-03-22 16:00:00;DK2;32,750000;244,681800
2026-03-22 15:15:00;2026-03-22 16:15:00;DK2;79,830002;596,425911
2026-03-22 15:30:00;2026-03-22 16:30:00;DK2;107,959999;806,590745
2026-03-22 15:45:00;2026-03-22 16:45:00;DK2;151,949997;1135,248818
2026-03-22 16:00:00;2026-03-22 17:00:00;DK2;98,570000;736,436184
2026-03-22 16:15:00;2026-03-22 17:15:00;DK2;141,740005;1058,967925
2026-03-22 16:30:00;2026-03-22 17:30:00;DK2;159,020004;1188,070254
2026-03-22 16:45:00;2026-03-22 17:45:00;DK2;182,960007;1366,930804
2026-03-22 17:00:00;2026-03-22 18:00:00;DK2;160,970001;1202,639071
2026-03-22 17:15:00;2026-03-22 18:15:00;DK2;174,190002;1301,408343
2026-03-22 17:30:00;2026-03-22 18:30:00;DK2;175,929993;1314,408164
2026-03-22 17:45:00;2026-03-22 18:45:00;DK2;185,389999;1385,085761
2026-03-22 18:00:00;2026-03-22 19:00:00;DK2;184,389999;1377,614561
2026-03-22 18:15:00;2026-03-22 19:15:00;DK2;181,630005;1356,994093
2026-03-22 18:30:00;2026-03-22 19:30:00;DK2;168,539993;1259,195996
2026-03-22 18:45:00;2026-03-22 19:45:00;DK2;158,690002;1185,604743
2026-03-22 19:00:00;2026-03-22 20:00:00;DK2;184,059998;1375,149057
2026-03-22 19:15:00;2026-03-22 20:15:00;DK2;167,070007;1248,213436
2026-03-22 19:30:00;2026-03-22 20:30:00;DK2;159,520004;1191,805854
2026-03-22 19:45:00;2026-03-22 20:45:00;DK2;148,000000;1105,737600
2026-03-22 20:00:00;2026-03-22 21:00:00;DK2;165,139999;1233,793961
2026-03-22 20:15:00;2026-03-22 21:15:00;DK2;158,179993;1181,794364
2026-03-22 20:30:00;2026-03-22 21:30:00;DK2;149,979996;1120,530546
2026-03-22 20:45:00;2026-03-22 21:45:00;DK2;147,929993;1105,214564
2026-03-22 21:00:00;2026-03-22 22:00:00;DK2;145,960007;1090,496404
2026-03-22 21:15:00;2026-03-22 22:15:00;DK2;139,330002;1040,962311
2026-03-22 21:30:00;2026-03-22 22:30:00;DK2;135,399994;1011,600435
2026-03-22 21:45:00;2026-03-22 22:45:00;DK2;128,410004;959,376822
2026-03-22 22:00:00;2026-03-22 23:00:00;DK2;145,860001;1089,749239
2026-03-22 22:15:00;2026-03-22 23:15:00;DK2;133,729996;999,123546
2026-03-22 22:30:00;2026-03-22 23:30:00;DK2;129,990005;971,181325
2026-03-22 22:45:00;2026-03-22 23:45:00;DK2;125,139999;934,945961
2026-03-22 23:00:00;2026-03-23 00:00:00;DK2;136,169998;1017,421374
2026-03-22 23:15:00;2026-03-23 00:15:00;DK2;133,050003;994,109707
2026-03-22 23:30:00;2026-03-23 00:30:00;DK2;128,550003;960,487057
2026-03-22 23:45:00;2026-03-23 00:45:00;DK2;126,750000;947,037975
2026-03-23 00:00:00;2026-03-23 01:00:00;DK2;128,589996;960,785873
2026-03-23 00:15:00;2026-03-23 01:15:00;DK2;127,750000;954,509675
2026-03-23 00:30:00;2026-03-23 01:30:00;DK2;124,919998;933,364749
2026-03-23 00:45:00;2026-03-23 01:45:00;DK2;122,320000;913,938344
2026-03-23 01:00:00;2026-03-23 02:00:00;DK2;127,330002;951,371576
2026-03-23 01:15:00;2026-03-23 02:15:00;DK2;124,400002;929,479495
2026-03-23 01:30:00;2026-03-23 02:30:00;DK2;124,209999;928,059850
2026-03-23 01:45:00;2026-03-23 02:45:00;DK2;124,699997;931,720968
2026-03-23 02:00:00;2026-03-23 03:00:00;DK2;129,059998;964,297587
2026-03-23 02:15:00;2026-03-23 03:15:00;DK2;126,309998;943,750412
2026-03-23 02:30:00;2026-03-23 03:30:00;DK2;127,510002;952,716482
2026-03-23 02:45:00;2026-03-23 03:45:00;DK2;131,470001;982,304406
2026-03-23 03:00:00;2026-03-23 04:00:00;DK2;130,869995;977,821342
2026-03-23 03:15:00;2026-03-23 04:15:00;DK2;129,949997;970,947393
2026-03-23 03:30:00;2026-03-23 04:30:00;DK2;128,919998;963,251549
2026-03-23 03:45:00;2026-03-23 04:45:00;DK2;130,160004;972,516502
2026-03-23 04:00:00;2026-03-23 05:00:00;DK2;127,470001;952,417606
2026-03-23 04:15:00;2026-03-23 05:15:00;DK2;133,229996;995,454561
2026-03-23 04:30:00;2026-03-23 05:30:00;DK2;151,279999;1130,318769
2026-03-23 04:45:00;2026-03-23 05:45:00;DK2;157,839996;1179,333098
2026-03-23 05:00:00;2026-03-23 06:00:00;DK2;161,820007;1209,070546
2026-03-23 05:15:00;2026-03-23 06:15:00;DK2;181,800003;1358,355082
2026-03-23 05:30:00;2026-03-23 06:30:00;DK2;193,350006;1444,653240
2026-03-23 05:45:00;2026-03-23 06:45:00;DK2;191,949997;1434,192793
2026-03-23 06:00:00;2026-03-23 07:00:00;DK2;230,570007;1722,749921
2026-03-23 06:15:00;2026-03-23 07:15:00;DK2;190,039993;1419,921816
2026-03-23 06:30:00;2026-03-23 07:30:00;DK2;181,500000;1356,113550
2026-03-23 06:45:00;2026-03-23 07:45:00;DK2;142,380005;1063,820683
2026-03-23 07:00:00;2026-03-23 08:00:00;DK2;199,929993;1493,816929
2026-03-23 07:15:00;2026-03-23 08:15:00;DK2;159,710007;1193,305259
2026-03-23 07:30:00;2026-03-23 08:30:00;DK2;128,979996;963,699836
2026-03-23 07:45:00;2026-03-23 08:45:00;DK2;101,580002;758,975301
2026-03-23 08:00:00;2026-03-23 09:00:00;DK2;135,160004;1009,875002
2026-03-23 08:15:00;2026-03-23 09:15:00;DK2;104,860001;783,482469
2026-03-23 08:30:00;2026-03-23 09:30:00;DK2;109,500000;818,151150
2026-03-23 08:45:00;2026-03-23 09:45:00;DK2;82,290001;614,846200
2026-03-23 09:00:00;2026-03-23 10:00:00;DK2;107,330002;801,937576
2026-03-23 09:15:00;2026-03-23 10:15:00;DK2;85,260002;637,037157
2026-03-23 09:30:00;2026-03-23 10:30:00;DK2;76,540001;571,883925
2026-03-23 09:45:00;2026-03-23 10:45:00;DK2;56,450001;421,777472
2026-03-23 10:00:00;2026-03-23 11:00:00;DK2;67,110001;501,425794
2026-03-23 10:15:00;2026-03-23 11:15:00;DK2;50,529999;377,544994
2026-03-23 10:30:00;2026-03-23 11:30:00;DK2;38,549999;288,034028
2026-03-23 10:45:00;2026-03-23 11:45:00;DK2;36,090000;269,653653
2026-03-23 11:00:00;2026-03-23 12:00:00;DK2;37,610001;281,010644
2026-03-23 11:15:00;2026-03-23 12:15:00;DK2;44,320000;331,145744
2026-03-23 11:30:00;2026-03-23 12:30:00;DK2;51,360001;383,746519
2026-03-23 11:45:00;2026-03-23 12:45:00;DK2;63,709999;476,022000
2026-03-23 12:00:00;2026-03-23 13:00:00;DK2;56,669998;423,421224
2026-03-23 12:15:00;2026-03-23 13:15:00;DK2;68,790001;513,978250
2026-03-23 12:30:00;2026-03-23 13:30:00;DK2;83,180000;621,496006
2026-03-23 12:45:00;2026-03-23 13:45:00;DK2;90,839996;678,729198
2026-03-23 13:00:00;2026-03-23 14:00:00;DK2;82,489998;616,340518
2026-03-23 13:15:00;2026-03-23 14:15:00;DK2;90,459999;675,889975
2026-03-23 13:30:00;2026-03-23 14:30:00;DK2;99,739998;745,227343
2026-03-23 13:45:00;2026-03-23 14:45:00;DK2;107,209999;801,040950
2026-03-23 14:00:00;2026-03-23 15:00:00;DK2;93,059998;695,316387
2026-03-23 14:15:00;2026-03-23 15:15:00;DK2;107,120003;800,368526
2026-03-23 14:30:00;2026-03-23 15:30:00;DK2;118,510002;885,471182
2026-03-23 14:45:00;2026-03-23 15:45:00;DK2;138,940002;1038,118013
2026-03-23 15:00:00;2026-03-23 16:00:00;DK2;102,169998;763,383574
2026-03-23 15:15:00;2026-03-23 16:15:00;DK2;131,940002;985,816113
2026-03-23 15:30:00;2026-03-23 16:30:00;DK2;149,250000;1115,151225
2026-03-23 15:45:00;2026-03-23 16:45:00;DK2;169,649994;1267,573860
2026-03-23 16:00:00;2026-03-23 17:00:00;DK2;132,899994;992,988885
2026-03-23 16:15:00;2026-03-23 17:15:00;DK2;168,750000;1260,849375
2026-03-23 16:30:00;2026-03-23 17:30:00;DK2;195,619995;1461,613917
2026-03-23 16:45:00;2026-03-23 17:45:00;DK2;266,570007;1991,731121
2026-03-23 17:00:00;2026-03-23 18:00:00;DK2;195,919998;1463,855449
2026-03-23 17:15:00;2026-03-23 18:15:00;DK2;260,600006;1947,125065
2026-03-23 17:30:00;2026-03-23 18:30:00;DK2;285,130005;2130,405858
2026-03-23 17:45:00;2026-03-23 18:45:00;DK2;310,140015;2317,273150
2026-03-23 18:00:00;2026-03-23 19:00:00;DK2;267,890015;2001,593825
2026-03-23 18:15:00;2026-03-23 19:15:00;DK2;244,910004;1829,894077
2026-03-23 18:30:00;2026-03-23 19:30:00;DK2;235,860001;1762,275169
2026-03-23 18:45:00;2026-03-23 19:45:00;DK2;217,339996;1623,899248
2026-03-23 19:00:00;2026-03-23 20:00:00;DK2;246,539993;1842,072866
2026-03-23 19:15:00;2026-03-23 20:15:00;DK2;216,679993;1618,967904
2026-03-23 19:30:00;2026-03-23 20:30:00;DK2;187,850006;1403,558890
2026-03-23 19:45:00;2026-03-23 20:45:00;DK2;175,050003;1307,921107
2026-03-23 20:00:00;2026-03-23 21:00:00;DK2;219,490005;1639,963470
2026-03-23 20:15:00;2026-03-23 21:15:00;DK2;182,419998;1362,987499
2026-03-23 20:30:00;2026-03-23 21:30:00;DK2;158,910004;1187,327877
2026-03-23 20:45:00;2026-03-23 21:45:00;DK2;148,240005;1107,604845
2026-03-23 21:00:00;2026-03-23 22:00:00;DK2;168,940002;1262,269013
2026-03-23 21:15:00;2026-03-23 22:15:00;DK2;154,179993;1151,986654
2026-03-23 21:30:00;2026-03-23 22:30:00;DK2;151,940002;1135,250113
2026-03-23 21:45:00;2026-03-23 22:45:00;DK2;147,669998;1103,345924
2026-03-23 22:00:00;2026-03-23 23:00:00;DK2;152,899994;1142,422885
2026-03-23 22:15:00;2026-03-23 23:15:00;DK2;144,119995;1076,821367
2026-03-23 22:30:00;2026-03-23 23:30:00;DK2;138,110001;1031,916494
2026-03-23 22:45:00;2026-03-23 23:45:00;DK2;126,480003;945,020638
2026-03-23 23:00:00;2026-03-24 00:00:00;DK2;148,960007;1112,895108
2026-03-23 23:15:00;2026-03-24 00:15:00;DK2;145,630005;1088,016330
2026-03-23 23:30:00;2026-03-24 00:30:00;DK2;136,509995;1019,879824
2026-03-23 23:45:00;2026-03-24 00:45:00;DK2;132,960007;993,357508
2026-03-24 00:00:00;2026-03-24 01:00:00;DK2;139,020004;1038,632352
2026-03-24 00:15:00;2026-03-24 01:15:00;DK2;130,070007;971,766029
2026-03-24 00:30:00;2026-03-24 01:30:00;DK2;116,489998;870,308424
2026-03-24 00:45:00;2026-03-24 01:45:00;DK2;111,519997;833,177050
2026-03-24 01:00:00;2026-03-24 02:00:00;DK2;119,220001;890,704549
2026-03-24 01:15:00;2026-03-24 02:15:00;DK2;111,540001;833,326501
2026-03-24 01:30:00;2026-03-24 02:30:00;DK2;106,180000;793,281398
2026-03-24 01:45:00;2026-03-24 02:45:00;DK2;102,900002;768,776205
2026-03-24 02:00:00;2026-03-24 03:00:00;DK2;107,050003;799,781277
2026-03-24 02:15:00;2026-03-24 03:15:00;DK2;101,510002;758,391376
2026-03-24 02:30:00;2026-03-24 03:30:00;DK2;99,330002;742,104378
2026-03-24 02:45:00;2026-03-24 03:45:00;DK2;98,550003;736,276927
2026-03-24 03:00:00;2026-03-24 04:00:00;DK2;100,430000;750,322573
2026-03-24 03:15:00;2026-03-24 04:15:00;DK2;95,980003;717,076200
2026-03-24 03:30:00;2026-03-24 04:30:00;DK2;95,839996;716,030194
2026-03-24 03:45:00;2026-03-24 04:45:00;DK2;97,000000;724,696700
2026-03-24 04:00:00;2026-03-24 05:00:00;DK2;89,529999;668,887576
2026-03-24 04:15:00;2026-03-24 05:15:00;DK2;96,849998;723,576020
2026-03-24 04:30:00;2026-03-24 05:30:00;DK2;98,989998;739,564174
2026-03-24 04:45:00;2026-03-24 05:45:00;DK2;109,599998;818,832545
2026-03-24 05:00:00;2026-03-24 06:00:00;DK2;107,080002;800,005403
2026-03-24 05:15:00;2026-03-24 06:15:00;DK2;108,489998;810,539624
2026-03-24 05:30:00;2026-03-24 06:30:00;DK2;110,690002;826,976074
2026-03-24 05:45:00;2026-03-24 06:45:00;DK2;111,320000;831,682852
2026-03-24 06:00:00;2026-03-24 07:00:00;DK2;134,100006;1001,874555
2026-03-24 06:15:00;2026-03-24 07:15:00;DK2;120,440002;899,819299
2026-03-24 06:30:00;2026-03-24 07:30:00;DK2;106,580002;796,269853
2026-03-24 06:45:00;2026-03-24 07:45:00;DK2;91,070000;680,393077
2026-03-24 07:00:00;2026-03-24 08:00:00;DK2;132,080002;986,782903
2026-03-24 07:15:00;2026-03-24 08:15:00;DK2;103,459999;772,959999
2026-03-24 07:30:00;2026-03-24 08:30:00;DK2;89,900002;671,651905
2026-03-24 07:45:00;2026-03-24 08:45:00;DK2;64,379997;480,989396
2026-03-24 08:00:00;2026-03-24 09:00:00;DK2;99,550003;743,748027
2026-03-24 08:15:00;2026-03-24 09:15:00;DK2;80,220001;599,331649
2026-03-24 08:30:00;2026-03-24 09:30:00;DK2;64,709999;483,454874
2026-03-24 08:45:00;2026-03-24 09:45:00;DK2;39,119999;292,269425
2026-03-24 09:00:00;2026-03-24 10:00:00;DK2;57,630001;430,559500
2026-03-24 09:15:00;2026-03-24 10:15:00;DK2;23,170000;173,105387
2026-03-24 09:30:00;2026-03-24 10:30:00;DK2;9,460000;70,676606
2026-03-24 09:45:00;2026-03-24 10:45:00;DK2;4,010000;29,959111
2026-03-24 10:00:00;2026-03-24 11:00:00;DK2;8,740000;65,297414
2026-03-24 10:15:00;2026-03-24 11:15:00;DK2;5,070000;37,878477
2026-03-24 10:30:00;2026-03-24 11:30:00;DK2;4,100000;30,631510
2026-03-24 10:45:00;2026-03-24 11:45:00;DK2;3,570000;26,671827
2026-03-24 11:00:00;2026-03-24 12:00:00;DK2;4,020000;30,033822
2026-03-24 11:15:00;2026-03-24 12:15:00;DK2;3,580000;26,746538
2026-03-24 11:30:00;2026-03-24 12:30:00;DK2;3,620000;27,045382
2026-03-24 11:45:00;2026-03-24 12:45:00;DK2;3,490000;26,074139
2026-03-24 12:00:00;2026-03-24 13:00:00;DK2;3,470000;25,924717
2026-03-24 12:15:00;2026-03-24 13:15:00;DK2;3,520000;26,298272
2026-03-24 12:30:00;2026-03-24 13:30:00;DK2;3,500000;26,148850
2026-03-24 12:45:00;2026-03-24 13:45:00;DK2;3,700000;27,643070
2026-03-24 13:00:00;2026-03-24 14:00:00;DK2;2,400000;17,930640
2026-03-24 13:15:00;2026-03-24 14:15:00;DK2;2,770000;20,694947
2026-03-24 13:30:00;2026-03-24 14:30:00;DK2;2,920000;21,815612
2026-03-24 13:45:00;2026-03-24 14:45:00;DK2;3,680000;27,493648
2026-03-24 14:00:00;2026-03-24 15:00:00;DK2;2,170000;16,212287
2026-03-24 14:15:00;2026-03-24 15:15:00;DK2;7,770000;58,050447
2026-03-24 14:30:00;2026-03-24 15:30:00;DK2;9,490000;70,900739
2026-03-24 14:45:00;2026-03-24 15:45:00;DK2;56,209999;419,950524
2026-03-24 15:00:00;2026-03-24 16:00:00;DK2;23,020000;171,984722
2026-03-24 15:15:00;2026-03-24 16:15:00;DK2;66,790001;498,994776
2026-03-24 15:30:00;2026-03-24 16:30:00;DK2;101,010002;754,655826
2026-03-24 15:45:00;2026-03-24 16:45:00;DK2;108,000000;806,878800
2026-03-24 16:00:00;2026-03-24 17:00:00;DK2;91,269997;681,887275
2026-03-24 16:15:00;2026-03-24 17:15:00;DK2;100,959999;754,282249
2026-03-24 16:30:00;2026-03-24 17:30:00;DK2;118,660004;886,520756
2026-03-24 16:45:00;2026-03-24 17:45:00;DK2;140,289993;1048,120567
2026-03-24 17:00:00;2026-03-24 18:00:00;DK2;129,949997;970,869423
2026-03-24 17:15:00;2026-03-24 18:15:00;DK2;125,919998;940,760897
2026-03-24 17:30:00;2026-03-24 18:30:00;DK2;124,559998;930,600201
2026-03-24 17:45:00;2026-03-24 18:45:00;DK2;123,379997;921,784296
2026-03-24 18:00:00;2026-03-24 19:00:00;DK2;138,289993;1033,178367
2026-03-24 18:15:00;2026-03-24 19:15:00;DK2;131,619995;983,346145
2026-03-24 18:30:00;2026-03-24 19:30:00;DK2;139,550003;1042,592027
2026-03-24 18:45:00;2026-03-24 19:45:00;DK2;132,649994;991,041370
2026-03-24 19:00:00;2026-03-24 20:00:00;DK2;125,000000;933,887500
2026-03-24 19:15:00;2026-03-24 20:15:00;DK2;106,430000;795,149173
2026-03-24 19:30:00;2026-03-24 20:30:00;DK2;90,779999;678,226451
2026-03-24 19:45:00;2026-03-24 20:45:00;DK2;78,000000;582,745800
2026-03-24 20:00:00;2026-03-24 21:00:00;DK2;91,940002;686,892949
2026-03-24 20:15:00;2026-03-24 21:15:00;DK2;86,000000;642,514600
2026-03-24 20:30:00;2026-03-24 21:30:00;DK2;60,369999;451,030300
2026-03-24 20:45:00;2026-03-24 21:45:00;DK2;17,370001;129,773014
2026-03-24 21:00:00;2026-03-24 22:00:00;DK2;75,360001;563,022103
2026-03-24 21:15:00;2026-03-24 22:15:00;DK2;30,230000;225,851353
2026-03-24 21:30:00;2026-03-24 22:30:00;DK2;9,500000;70,975450
2026-03-24 21:45:00;2026-03-24 22:45:00;DK2;9,490000;70,900739
2026-03-24 22:00:00;2026-03-24 23:00:00;DK2;45,529999;340,159176
2026-03-24 22:15:00;2026-03-24 23:15:00;DK2;17,500000;130,744250
2026-03-24 22:30:00;2026-03-24 23:30:00;DK2;15,950000;119,164045
2026-03-24 22:45:00;2026-03-24 23:45:00;DK2;8,750000;65,372125
2026-03-24 23:00:00;2026-03-25 00:00:00;DK2;3,000000;22,415100
2026-03-24 23:15:00;2026-03-25 00:15:00;DK2;2,400000;17,932080
2026-03-24 23:30:00;2026-03-25 00:30:00;DK2;1,780000;13,299626
2026-03-24 23:45:00;2026-03-25 00:45:00;DK2;0,070000;0,523019
2026-03-25 00:00:00;2026-03-25 01:00:00;DK2;1,360000;10,161512
2026-03-25 00:15:00;2026-03-25 01:15:00;DK2;0,100000;0,747170
2026-03-25 00:30:00;2026-03-25 01:30:00;DK2;0,010000;0,074717
2026-03-25 00:45:00;2026-03-25 01:45:00;DK2;0,000000;0,000000
2026-03-25 01:00:00;2026-03-25 02:00:00;DK2;0,000000;0,000000
2026-03-25 01:15:00;2026-03-25 02:15:00;DK2;0,000000;0,000000
2026-03-25 01:30:00;2026-03-25 02:30:00;DK2;0,000000;0,000000
2026-03-25 01:45:00;2026-03-25 02:45:00;DK2;0,000000;0,000000
2026-03-25 02:00:00;2026-03-25 03:00:00;DK2;0,000000;0,000000
2026-03-25 02:15:00;2026-03-25 03:15:00;DK2;0,000000;0,000000
2026-03-25 02:30:00;2026-03-25 03:30:00;DK2;0,000000;0,000000
2026-03-25 02:45:00;2026-03-25 03:45:00;DK2;0,000000;0,000000
2026-03-25 03:00:00;2026-03-25 04:00:00;DK2;0,000000;0,000000
2026-03-25 03:15:00;2026-03-25 04:15:00;DK2;0,000000;0,000000
2026-03-25 03:30:00;2026-03-25 04:30:00;DK2;0,000000;0,000000
2026-03-25 03:45:00;2026-03-25 04:45:00;DK2;0,850000;6,350945
2026-03-25 04:00:00;2026-03-25 05:00:00;DK2;0,000000;0,000000
2026-03-25 04:15:00;2026-03-25 05:15:00;DK2;0,940000;7,023398
2026-03-25 04:30:00;2026-03-25 05:30:00;DK2;1,300000;9,713210
2026-03-25 04:45:00;2026-03-25 05:45:00;DK2;2,370000;17,707929
2026-03-25 05:00:00;2026-03-25 06:00:00;DK2;2,160000;16,138872
2026-03-25 05:15:00;2026-03-25 06:15:00;DK2;2,890000;21,593213
2026-03-25 05:30:00;2026-03-25 06:30:00;DK2;4,810000;35,938877
2026-03-25 05:45:00;2026-03-25 06:45:00;DK2;6,910000;51,629447
2026-03-25 06:00:00;2026-03-25 07:00:00;DK2;9,470000;70,756999
2026-03-25 06:15:00;2026-03-25 07:15:00;DK2;10,000000;74,717000
2026-03-25 06:30:00;2026-03-25 07:30:00;DK2;9,500000;70,981150
2026-03-25 06:45:00;2026-03-25 07:45:00;DK2;9,410000;70,308697
2026-03-25 07:00:00;2026-03-25 08:00:00;DK2;9,470000;70,756999
2026-03-25 07:15:00;2026-03-25 08:15:00;DK2;9,490000;70,906433
2026-03-25 07:30:00;2026-03-25 08:30:00;DK2;9,490000;70,906433
2026-03-25 07:45:00;2026-03-25 08:45:00;DK2;9,480000;70,831716
2026-03-25 08:00:00;2026-03-25 09:00:00;DK2;9,490000;70,906433
2026-03-25 08:15:00;2026-03-25 09:15:00;DK2;9,480000;70,831716
2026-03-25 08:30:00;2026-03-25 09:30:00;DK2;9,480000;70,831716
2026-03-25 08:45:00;2026-03-25 09:45:00;DK2;9,470000;70,756999
2026-03-25 09:00:00;2026-03-25 10:00:00;DK2;9,470000;70,756999
2026-03-25 09:15:00;2026-03-25 10:15:00;DK2;9,090000;67,917753
2026-03-25 09:30:00;2026-03-25 10:30:00;DK2;6,680000;49,910956
2026-03-25 09:45:00;2026-03-25 10:45:00;DK2;4,260000;31,829442
2026-03-25 10:00:00;2026-03-25 11:00:00;DK2;6,170000;46,100389
2026-03-25 10:15:00;2026-03-25 11:15:00;DK2;4,830000;36,088311
2026-03-25 10:30:00;2026-03-25 11:30:00;DK2;4,550000;33,996235
2026-03-25 10:45:00;2026-03-25 11:45:00;DK2;4,340000;32,427178
2026-03-25 11:00:00;2026-03-25 12:00:00;DK2;5,870000;43,858879
2026-03-25 11:15:00;2026-03-25 12:15:00;DK2;5,170000;38,628689
2026-03-25 11:30:00;2026-03-25 12:30:00;DK2;4,590000;34,295103
2026-03-25 11:45:00;2026-03-25 12:45:00;DK2;4,370000;32,651329
2026-03-25 12:00:00;2026-03-25 13:00:00;DK2;4,630000;34,593971
2026-03-25 12:15:00;2026-03-25 13:15:00;DK2;4,470000;33,398499
2026-03-25 12:30:00;2026-03-25 13:30:00;DK2;4,360000;32,576612
2026-03-25 12:45:00;2026-03-25 13:45:00;DK2;4,300000;32,128310
2026-03-25 13:00:00;2026-03-25 14:00:00;DK2;3,200000;23,909440
2026-03-25 13:15:00;2026-03-25 14:15:00;DK2;3,550000;26,524535
2026-03-25 13:30:00;2026-03-25 14:30:00;DK2;3,630000;27,122271
2026-03-25 13:45:00;2026-03-25 14:45:00;DK2;5,080000;37,956236
2026-03-25 14:00:00;2026-03-25 15:00:00;DK2;2,640000;19,725288
2026-03-25 14:15:00;2026-03-25 15:15:00;DK2;4,290000;32,053593
2026-03-25 14:30:00;2026-03-25 15:30:00;DK2;6,720000;50,209824
2026-03-25 14:45:00;2026-03-25 15:45:00;DK2;11,810000;88,240777
2026-03-25 15:00:00;2026-03-25 16:00:00;DK2;9,440000;70,532848
2026-03-25 15:15:00;2026-03-25 16:15:00;DK2;18,809999;140,542670
2026-03-25 15:30:00;2026-03-25 16:30:00;DK2;38,580002;288,258201
2026-03-25 15:45:00;2026-03-25 16:45:00;DK2;49,980000;373,435566
2026-03-25 16:00:00;2026-03-25 17:00:00;DK2;30,360001;226,840819
2026-03-25 16:15:00;2026-03-25 17:15:00;DK2;51,779999;386,884619
2026-03-25 16:30:00;2026-03-25 17:30:00;DK2;77,690002;580,476388
2026-03-25 16:45:00;2026-03-25 17:45:00;DK2;115,870003;865,745901
2026-03-25 17:00:00;2026-03-25 18:00:00;DK2;103,730003;775,039463
2026-03-25 17:15:00;2026-03-25 18:15:00;DK2;105,709999;789,833400
2026-03-25 17:30:00;2026-03-25 18:30:00;DK2;109,660004;819,346652
2026-03-25 17:45:00;2026-03-25 18:45:00;DK2;86,169998;643,836374
2026-03-25 18:00:00;2026-03-25 19:00:00;DK2;123,050003;919,392707
2026-03-25 18:15:00;2026-03-25 19:15:00;DK2;106,050003;792,373807
2026-03-25 18:30:00;2026-03-25 19:30:00;DK2;100,370003;749,934551
2026-03-25 18:45:00;2026-03-25 19:45:00;DK2;74,900002;559,630345
2026-03-25 19:00:00;2026-03-25 20:00:00;DK2;34,020000;254,187234
2026-03-25 19:15:00;2026-03-25 20:15:00;DK2;30,870001;230,651386
2026-03-25 19:30:00;2026-03-25 20:30:00;DK2;32,119999;239,990997
2026-03-25 19:45:00;2026-03-25 20:45:00;DK2;30,820000;230,277794
2026-03-25 20:00:00;2026-03-25 21:00:00;DK2;26,170000;195,534389
2026-03-25 20:15:00;2026-03-25 21:15:00;DK2;21,290001;159,072500
2026-03-25 20:30:00;2026-03-25 21:30:00;DK2;17,840000;133,295128
2026-03-25 20:45:00;2026-03-25 21:45:00;DK2;13,810000;103,184177
2026-03-25 21:00:00;2026-03-25 22:00:00;DK2;40,560001;303,052159
2026-03-25 21:15:00;2026-03-25 22:15:00;DK2;29,270000;218,696659
2026-03-25 21:30:00;2026-03-25 22:30:00;DK2;22,549999;168,486828
2026-03-25 21:45:00;2026-03-25 22:45:00;DK2;14,220000;106,247574
2026-03-25 22:00:00;2026-03-25 23:00:00;DK2;19,400000;144,950980
2026-03-25 22:15:00;2026-03-25 23:15:00;DK2;13,650000;101,988705
2026-03-25 22:30:00;2026-03-25 23:30:00;DK2;12,630000;94,367571
2026-03-25 22:45:00;2026-03-25 23:45:00;DK2;10,550000;78,826435
2026-03-25 23:00:00;2026-03-26 00:00:00;DK2;22,280001;166,476167
2026-03-25 23:15:00;2026-03-26 00:15:00;DK2;11,830000;88,393760
2026-03-25 23:30:00;2026-03-26 00:30:00;DK2;24,930000;186,276960
2026-03-25 23:45:00;2026-03-26 00:45:00;DK2;18,280001;136,588167
2026-03-26 00:00:00;2026-03-26 01:00:00;DK2;27,639999;206,526073
2026-03-26 00:15:00;2026-03-26 01:15:00;DK2;9,500000;70,984000
2026-03-26 00:30:00;2026-03-26 01:30:00;DK2;9,500000;70,984000
2026-03-26 00:45:00;2026-03-26 01:45:00;DK2;9,500000;70,984000
2026-03-26 01:00:00;2026-03-26 02:00:00;DK2;28,600000;213,699200
2026-03-26 01:15:00;2026-03-26 02:15:00;DK2;28,350000;211,831200
2026-03-26 01:30:00;2026-03-26 02:30:00;DK2;9,500000;70,984000
2026-03-26 01:45:00;2026-03-26 02:45:00;DK2;9,500000;70,984000
2026-03-26 02:00:00;2026-03-26 03:00:00;DK2;10,300000;76,961600
2026-03-26 02:15:00;2026-03-26 03:15:00;DK2;9,500000;70,984000
2026-03-26 02:30:00;2026-03-26 03:30:00;DK2;23,799999;177,833593
2026-03-26 02:45:00;2026-03-26 03:45:00;DK2;15,300000;114,321600
2026-03-26 03:00:00;2026-03-26 04:00:00;DK2;9,500000;70,984000
2026-03-26 03:15:00;2026-03-26 04:15:00;DK2;10,310000;77,036320
2026-03-26 03:30:00;2026-03-26 04:30:00;DK2;25,750000;192,404000
2026-03-26 03:45:00;2026-03-26 04:45:00;DK2;10,690000;79,875680
2026-03-26 04:00:00;2026-03-26 05:00:00;DK2;9,490000;70,909280
2026-03-26 04:15:00;2026-03-26 05:15:00;DK2;9,500000;70,984000
2026-03-26 04:30:00;2026-03-26 05:30:00;DK2;10,020000;74,869440
2026-03-26 04:45:00;2026-03-26 05:45:00;DK2;34,990002;261,445295
2026-03-26 05:00:00;2026-03-26 06:00:00;DK2;39,349998;294,023185
2026-03-26 05:15:00;2026-03-26 06:15:00;DK2;62,369999;466,028633
2026-03-26 05:30:00;2026-03-26 06:30:00;DK2;75,139999;561,446073
2026-03-26 05:45:00;2026-03-26 06:45:00;DK2;77,639999;580,126073
2026-03-26 06:00:00;2026-03-26 07:00:00;DK2;77,750000;580,948000
2026-03-26 06:15:00;2026-03-26 07:15:00;DK2;78,440002;586,103695
2026-03-26 06:30:00;2026-03-26 07:30:00;DK2;79,739998;595,817265
2026-03-26 06:45:00;2026-03-26 07:45:00;DK2;80,330002;600,225775
2026-03-26 07:00:00;2026-03-26 08:00:00;DK2;101,620003;759,304662
2026-03-26 07:15:00;2026-03-26 08:15:00;DK2;83,820000;626,303040
2026-03-26 07:30:00;2026-03-26 08:30:00;DK2;77,230003;577,062582
2026-03-26 07:45:00;2026-03-26 08:45:00;DK2;70,930000;529,988960
2026-03-26 08:00:00;2026-03-26 09:00:00;DK2;72,610001;542,541927
2026-03-26 08:15:00;2026-03-26 09:15:00;DK2;60,180000;449,664960
2026-03-26 08:30:00;2026-03-26 09:30:00;DK2;45,900002;342,964815
2026-03-26 08:45:00;2026-03-26 09:45:00;DK2;41,599998;310,835185
2026-03-26 09:00:00;2026-03-26 10:00:00;DK2;59,450001;444,210407
2026-03-26 09:15:00;2026-03-26 10:15:00;DK2;44,070000;329,291040
2026-03-26 09:30:00;2026-03-26 10:30:00;DK2;22,129999;165,355353
2026-03-26 09:45:00;2026-03-26 10:45:00;DK2;13,870000;103,636640
2026-03-26 10:00:00;2026-03-26 11:00:00;DK2;20,070000;149,963040
2026-03-26 10:15:00;2026-03-26 11:15:00;DK2;14,850000;110,959200
2026-03-26 10:30:00;2026-03-26 11:30:00;DK2;9,790000;73,150880
2026-03-26 10:45:00;2026-03-26 11:45:00;DK2;9,400000;70,236800
2026-03-26 11:00:00;2026-03-26 12:00:00;DK2;7,330000;54,769760
2026-03-26 11:15:00;2026-03-26 12:15:00;DK2;5,190000;38,779680
2026-03-26 11:30:00;2026-03-26 12:30:00;DK2;4,020000;30,037440
2026-03-26 11:45:00;2026-03-26 12:45:00;DK2;2,820000;21,071040
2026-03-26 12:00:00;2026-03-26 13:00:00;DK2;6,940000;51,855680
2026-03-26 12:15:00;2026-03-26 13:15:00;DK2;5,090000;38,032480
2026-03-26 12:30:00;2026-03-26 13:30:00;DK2;5,290000;39,526880
2026-03-26 12:45:00;2026-03-26 13:45:00;DK2;6,280000;46,924160
2026-03-26 13:00:00;2026-03-26 14:00:00;DK2;3,720000;27,795840
2026-03-26 13:15:00;2026-03-26 14:15:00;DK2;6,690000;49,987680
2026-03-26 13:30:00;2026-03-26 14:30:00;DK2;9,100000;67,995200
2026-03-26 13:45:00;2026-03-26 14:45:00;DK2;12,100000;90,411200
2026-03-26 14:00:00;2026-03-26 15:00:00;DK2;9,990000;74,645280
2026-03-26 14:15:00;2026-03-26 15:15:00;DK2;20,549999;153,549593
2026-03-26 14:30:00;2026-03-26 15:30:00;DK2;39,209999;292,977113
2026-03-26 14:45:00;2026-03-26 15:45:00;DK2;79,639999;595,070073
2026-03-26 15:00:00;2026-03-26 16:00:00;DK2;34,900002;260,772815
2026-03-26 15:15:00;2026-03-26 16:15:00;DK2;73,660004;550,387550
2026-03-26 15:30:00;2026-03-26 16:30:00;DK2;80,050003;598,133622
2026-03-26 15:45:00;2026-03-26 16:45:00;DK2;110,809998;827,972305
2026-03-26 16:00:00;2026-03-26 17:00:00;DK2;76,830002;574,073775
2026-03-26 16:15:00;2026-03-26 17:15:00;DK2;109,059998;814,896305
2026-03-26 16:30:00;2026-03-26 17:30:00;DK2;128,149994;957,536755
2026-03-26 16:45:00;2026-03-26 17:45:00;DK2;149,529999;1117,288153
2026-03-26 17:00:00;2026-03-26 18:00:00;DK2;131,410004;981,895550
2026-03-26 17:15:00;2026-03-26 18:15:00;DK2;147,210007;1099,953172
2026-03-26 17:30:00;2026-03-26 18:30:00;DK2;160,289993;1197,686828
2026-03-26 17:45:00;2026-03-26 18:45:00;DK2;167,369995;1250,588603
2026-03-26 18:00:00;2026-03-26 19:00:00;DK2;162,830002;1216,665775
2026-03-26 18:15:00;2026-03-26 19:15:00;DK2;155,490005;1161,821317
2026-03-26 18:30:00;2026-03-26 19:30:00;DK2;156,279999;1167,724153
2026-03-26 18:45:00;2026-03-26 19:45:00;DK2;154,830002;1156,889775
2026-03-26 19:00:00;2026-03-26 20:00:00;DK2;155,440002;1161,447695
2026-03-26 19:15:00;2026-03-26 20:15:00;DK2;146,139999;1091,958073
2026-03-26 19:30:00;2026-03-26 20:30:00;DK2;140,679993;1051,160908
2026-03-26 19:45:00;2026-03-26 20:45:00;DK2;136,059998;1016,640305
2026-03-26 20:00:00;2026-03-26 21:00:00;DK2;140,070007;1046,603092
2026-03-26 20:15:00;2026-03-26 21:15:00;DK2;131,809998;984,884305
2026-03-26 20:30:00;2026-03-26 21:30:00;DK2;123,760002;924,734735
2026-03-26 20:45:00;2026-03-26 21:45:00;DK2;118,290001;883,862887
2026-03-26 21:00:00;2026-03-26 22:00:00;DK2;131,039993;979,130828
2026-03-26 21:15:00;2026-03-26 22:15:00;DK2;121,489998;907,773265
2026-03-26 21:30:00;2026-03-26 22:30:00;DK2;124,110001;927,349927
2026-03-26 21:45:00;2026-03-26 22:45:00;DK2;120,739998;902,169265
2026-03-26 22:00:00;2026-03-26 23:00:00;DK2;123,739998;924,585265
2026-03-26 22:15:00;2026-03-26 23:15:00;DK2;114,029999;852,032153
2026-03-26 22:30:00;2026-03-26 23:30:00;DK2;115,910004;866,079550
2026-03-26 22:45:00;2026-03-26 23:45:00;DK2;106,300003;794,273622
2026-03-26 23:00:00;2026-03-27 00:00:00;DK2;124,480003;930,127030
2026-03-26 23:15:00;2026-03-27 00:15:00;DK2;120,260002;898,594761
2026-03-26 23:30:00;2026-03-27 00:30:00;DK2;117,110001;875,057638
2026-03-26 23:45:00;2026-03-27 00:45:00;DK2;115,599998;863,774745
2026-03-27 00:00:00;2026-03-27 01:00:00;DK2;122,120003;912,492874
2026-03-27 00:15:00;2026-03-27 01:15:00;DK2;119,370003;891,944599
2026-03-27 00:30:00;2026-03-27 01:30:00;DK2;119,300003;891,421552
2026-03-27 00:45:00;2026-03-27 01:45:00;DK2;117,089996;874,908159
2026-03-27 01:00:00;2026-03-27 02:00:00;DK2;120,889999;903,302162
2026-03-27 01:15:00;2026-03-27 02:15:00;DK2;118,110001;882,529738
2026-03-27 01:30:00;2026-03-27 02:30:00;DK2;115,279999;861,383681
2026-03-27 01:45:00;2026-03-27 02:45:00;DK2;114,980003;859,142080
2026-03-27 02:00:00;2026-03-27 03:00:00;DK2;116,470001;870,275494
2026-03-27 02:15:00;2026-03-27 03:15:00;DK2;119,459999;892,617059
2026-03-27 02:30:00;2026-03-27 03:30:00;DK2;116,970001;874,011544
2026-03-27 02:45:00;2026-03-27 03:45:00;DK2;118,309998;884,024136
2026-03-27 03:00:00;2026-03-27 04:00:00;DK2;117,639999;879,017837
2026-03-27 03:15:00;2026-03-27 04:15:00;DK2;118,699997;886,938248
2026-03-27 03:30:00;2026-03-27 04:30:00;DK2;120,900002;903,376905
2026-03-27 03:45:00;2026-03-27 04:45:00;DK2;123,629997;923,775701
2026-03-27 04:00:00;2026-03-27 05:00:00;DK2;119,760002;894,858711
2026-03-27 04:15:00;2026-03-27 05:15:00;DK2;128,960007;963,602068
2026-03-27 04:30:00;2026-03-27 05:30:00;DK2;143,960007;1075,683568
2026-03-27 04:45:00;2026-03-27 05:45:00;DK2;153,029999;1143,455456
2026-03-27 05:00:00;2026-03-27 06:00:00;DK2;152,169998;1137,029442
2026-03-27 05:15:00;2026-03-27 06:15:00;DK2;168,960007;1262,486068
2026-03-27 05:30:00;2026-03-27 06:30:00;DK2;179,089996;1338,178359
2026-03-27 05:45:00;2026-03-27 06:45:00;DK2;190,059998;1420,147311
2026-03-27 06:00:00;2026-03-27 07:00:00;DK2;203,910004;1523,635941
2026-03-27 06:15:00;2026-03-27 07:15:00;DK2;191,360001;1429,861063
2026-03-27 06:30:00;2026-03-27 07:30:00;DK2;170,919998;1277,131317
2026-03-27 06:45:00;2026-03-27 07:45:00;DK2;139,559998;1042,806261
2026-03-27 07:00:00;2026-03-27 08:00:00;DK2;194,210007;1451,156593
2026-03-27 07:15:00;2026-03-27 08:15:00;DK2;151,410004;1131,350691
2026-03-27 07:30:00;2026-03-27 08:30:00;DK2;136,759995;1021,884359
2026-03-27 07:45:00;2026-03-27 08:45:00;DK2;107,860001;805,940713
2026-03-27 08:00:00;2026-03-27 09:00:00;DK2;136,389999;1019,119712
2026-03-27 08:15:00;2026-03-27 09:15:00;DK2;122,180000;912,941178
2026-03-27 08:30:00;2026-03-27 09:30:00;DK2;109,349998;817,074120
2026-03-27 08:45:00;2026-03-27 09:45:00;DK2;87,980003;657,395380
2026-03-27 09:00:00;2026-03-27 10:00:00;DK2;101,190002;756,101814
2026-03-27 09:15:00;2026-03-27 10:15:00;DK2;90,120003;673,385674
2026-03-27 09:30:00;2026-03-27 10:30:00;DK2;86,519997;646,486070
2026-03-27 09:45:00;2026-03-27 10:45:00;DK2;71,160004;531,714666
2026-03-27 10:00:00;2026-03-27 11:00:00;DK2;85,300003;637,370152
2026-03-27 10:15:00;2026-03-27 11:15:00;DK2;77,919998;582,226017
2026-03-27 10:30:00;2026-03-27 11:30:00;DK2;68,830002;514,304658
2026-03-27 10:45:00;2026-03-27 11:45:00;DK2;59,169998;442,124142
2026-03-27 11:00:00;2026-03-27 12:00:00;DK2;70,739998;528,576339
2026-03-27 11:15:00;2026-03-27 12:15:00;DK2;64,989998;485,611764
2026-03-27 11:30:00;2026-03-27 12:30:00;DK2;61,000000;455,798100
2026-03-27 11:45:00;2026-03-27 12:45:00;DK2;56,529999;422,397806
2026-03-27 12:00:00;2026-03-27 13:00:00;DK2;61,209999;457,367234
2026-03-27 12:15:00;2026-03-27 13:15:00;DK2;59,180000;442,198878
2026-03-27 12:30:00;2026-03-27 13:30:00;DK2;57,900002;432,634605
2026-03-27 12:45:00;2026-03-27 13:45:00;DK2;60,099998;449,073195
2026-03-27 13:00:00;2026-03-27 14:00:00;DK2;58,259998;435,324531
2026-03-27 13:15:00;2026-03-27 14:15:00;DK2;67,610001;505,188688
2026-03-27 13:30:00;2026-03-27 14:30:00;DK2;82,279999;614,804381
2026-03-27 13:45:00;2026-03-27 14:45:00;DK2;88,099998;658,291995
2026-03-27 14:00:00;2026-03-27 15:00:00;DK2;78,820000;588,950922
2026-03-27 14:15:00;2026-03-27 15:15:00;DK2;91,970001;687,209044
2026-03-27 14:30:00;2026-03-27 15:30:00;DK2;95,300003;712,091152
2026-03-27 14:45:00;2026-03-27 15:45:00;DK2;103,129997;770,597651
2026-03-27 15:00:00;2026-03-27 16:00:00;DK2;90,620003;677,121724
2026-03-27 15:15:00;2026-03-27 16:15:00;DK2;99,989998;747,135264
2026-03-27 15:30:00;2026-03-27 16:30:00;DK2;100,790001;753,112966
2026-03-27 15:45:00;2026-03-27 16:45:00;DK2;120,070000;897,175047
2026-03-27 16:00:00;2026-03-27 17:00:00;DK2;106,349998;794,657820
2026-03-27 16:15:00;2026-03-27 17:15:00;DK2;130,740005;976,902391
2026-03-27 16:30:00;2026-03-27 17:30:00;DK2;146,559998;1095,110961
2026-03-27 16:45:00;2026-03-27 17:45:00;DK2;173,039993;1292,972132
2026-03-27 17:00:00;2026-03-27 18:00:00;DK2;145,940002;1090,478289
2026-03-27 17:15:00;2026-03-27 18:15:00;DK2;158,970001;1187,839744
2026-03-27 17:30:00;2026-03-27 18:30:00;DK2;163,429993;1221,165251
2026-03-27 17:45:00;2026-03-27 18:45:00;DK2;167,429993;1251,053651
2026-03-27 18:00:00;2026-03-27 19:00:00;DK2;192,949997;1441,741673
2026-03-27 18:15:00;2026-03-27 19:15:00;DK2;177,580002;1326,895533
2026-03-27 18:30:00;2026-03-27 19:30:00;DK2;158,229996;1182,310353
2026-03-27 18:45:00;2026-03-27 19:45:00;DK2;144,449997;1079,344823
2026-03-27 19:00:00;2026-03-27 20:00:00;DK2;174,539993;1304,180282
2026-03-27 19:15:00;2026-03-27 20:15:00;DK2;150,110001;1121,636938
2026-03-27 19:30:00;2026-03-27 20:30:00;DK2;127,489998;952,618014
2026-03-27 19:45:00;2026-03-27 20:45:00;DK2;118,970001;888,955744
2026-03-27 20:00:00;2026-03-27 21:00:00;DK2;124,099998;927,287595
2026-03-27 20:15:00;2026-03-27 21:15:00;DK2;122,470001;915,108094
2026-03-27 20:30:00;2026-03-27 21:30:00;DK2;119,750000;894,783975
2026-03-27 20:45:00;2026-03-27 21:45:00;DK2;109,550003;818,568577
2026-03-27 21:00:00;2026-03-27 22:00:00;DK2;122,769997;917,349695
2026-03-27 21:15:00;2026-03-27 22:15:00;DK2;117,639999;879,017837
2026-03-27 21:30:00;2026-03-27 22:30:00;DK2;115,459999;862,728659
2026-03-27 21:45:00;2026-03-27 22:45:00;DK2;108,029999;807,210956
2026-03-27 22:00:00;2026-03-27 23:00:00;DK2;113,190002;845,767014
2026-03-27 22:15:00;2026-03-27 23:15:00;DK2;106,870003;798,543349
2026-03-27 22:30:00;2026-03-27 23:30:00;DK2;105,220001;786,214369
2026-03-27 22:45:00;2026-03-27 23:45:00;DK2;98,230003;733,984405
2026-03-27 23:00:00;2026-03-28 00:00:00;DK2;78,889999;589,473962
2026-03-27 23:15:00;2026-03-28 00:15:00;DK2;63,889999;477,392462
2026-03-27 23:30:00;2026-03-28 00:30:00;DK2;58,990002;440,779194
2026-03-27 23:45:00;2026-03-28 00:45:00;DK2;54,450001;406,855852
2026-03-28 00:00:00;2026-03-28 01:00:00;DK2;83,010002;620,259036
2026-03-28 00:15:00;2026-03-28 01:15:00;DK2;36,250000;270,863625
2026-03-28 00:30:00;2026-03-28 01:30:00;DK2;28,990000;216,616179
2026-03-28 00:45:00;2026-03-28 01:45:00;DK2;10,020000;74,870442
2026-03-28 01:00:00;2026-03-28 02:00:00;DK2;63,470001;474,254194
2026-03-28 01:15:00;2026-03-28 02:15:00;DK2;28,730000;214,673433
2026-03-28 01:30:00;2026-03-28 02:30:00;DK2;16,760000;125,232396
2026-03-28 01:45:00;2026-03-28 02:45:00;DK2;10,360000;77,410956
2026-03-28 02:00:00;2026-03-28 03:00:00;DK2;30,120001;225,059659
2026-03-28 02:15:00;2026-03-28 03:15:00;DK2;30,120001;225,059659
2026-03-28 02:30:00;2026-03-28 03:30:00;DK2;25,309999;189,118844
2026-03-28 02:45:00;2026-03-28 03:45:00;DK2;10,000000;74,721000
2026-03-28 03:00:00;2026-03-28 04:00:00;DK2;59,880001;447,429355
2026-03-28 03:15:00;2026-03-28 04:15:00;DK2;14,590000;109,017939
2026-03-28 03:30:00;2026-03-28 04:30:00;DK2;10,640000;79,503144
2026-03-28 03:45:00;2026-03-28 04:45:00;DK2;10,160000;75,916536
2026-03-28 04:00:00;2026-03-28 05:00:00;DK2;10,470000;78,232887
2026-03-28 04:15:00;2026-03-28 05:15:00;DK2;27,950001;208,845202
2026-03-28 04:30:00;2026-03-28 05:30:00;DK2;15,600000;116,564760
2026-03-28 04:45:00;2026-03-28 05:45:00;DK2;30,120001;225,059659
2026-03-28 05:00:00;2026-03-28 06:00:00;DK2;11,110000;83,015031
2026-03-28 05:15:00;2026-03-28 06:15:00;DK2;16,170000;120,823857
2026-03-28 05:30:00;2026-03-28 06:30:00;DK2;33,910000;253,378911
2026-03-28 05:45:00;2026-03-28 06:45:00;DK2;66,900002;499,883505
2026-03-28 06:00:00;2026-03-28 07:00:00;DK2;30,110001;224,984938
2026-03-28 06:15:00;2026-03-28 07:15:00;DK2;72,339996;540,531684
2026-03-28 06:30:00;2026-03-28 07:30:00;DK2;79,110001;591,117838
2026-03-28 06:45:00;2026-03-28 07:45:00;DK2;68,209999;509,671934
2026-03-28 07:00:00;2026-03-28 08:00:00;DK2;80,660004;602,699616
2026-03-28 07:15:00;2026-03-28 08:15:00;DK2;75,489998;564,068814
2026-03-28 07:30:00;2026-03-28 08:30:00;DK2;67,440002;503,918439
2026-03-28 07:45:00;2026-03-28 08:45:00;DK2;49,520000;370,018392
2026-03-28 08:00:00;2026-03-28 09:00:00;DK2;76,129997;568,850951
2026-03-28 08:15:00;2026-03-28 09:15:00;DK2;49,169998;367,403142
2026-03-28 08:30:00;2026-03-28 09:30:00;DK2;40,869999;305,384720
2026-03-28 08:45:00;2026-03-28 09:45:00;DK2;13,390000;100,051419
2026-03-28 09:00:00;2026-03-28 10:00:00;DK2;36,930000;275,944653
2026-03-28 09:15:00;2026-03-28 10:15:00;DK2;16,780001;125,381845
2026-03-28 09:30:00;2026-03-28 10:30:00;DK2;9,900000;73,973790
2026-03-28 09:45:00;2026-03-28 10:45:00;DK2;6,450000;48,195045
2026-03-28 10:00:00;2026-03-28 11:00:00;DK2;9,310000;69,565251
2026-03-28 10:15:00;2026-03-28 11:15:00;DK2;8,040000;60,075684
2026-03-28 10:30:00;2026-03-28 11:30:00;DK2;7,290000;54,471609
2026-03-28 10:45:00;2026-03-28 11:45:00;DK2;6,490000;48,493929
2026-03-28 11:00:00;2026-03-28 12:00:00;DK2;7,110000;53,126631
2026-03-28 11:15:00;2026-03-28 12:15:00;DK2;5,370000;40,125177
2026-03-28 11:30:00;2026-03-28 12:30:00;DK2;6,520000;48,718092
2026-03-28 11:45:00;2026-03-28 12:45:00;DK2;8,430000;62,989803
2026-03-28 12:00:00;2026-03-28 13:00:00;DK2;6,410000;47,896161
2026-03-28 12:15:00;2026-03-28 13:15:00;DK2;6,700000;50,063070
2026-03-28 12:30:00;2026-03-28 13:30:00;DK2;8,520000;63,662292
2026-03-28 12:45:00;2026-03-28 13:45:00;DK2;10,020000;74,870442
2026-03-28 13:00:00;2026-03-28 14:00:00;DK2;7,720000;57,684612
2026-03-28 13:15:00;2026-03-28 14:15:00;DK2;9,990000;74,646279
2026-03-28 13:30:00;2026-03-28 14:30:00;DK2;25,030001;187,026670
2026-03-28 13:45:00;2026-03-28 14:45:00;DK2;38,880001;290,515255
2026-03-28 14:00:00;2026-03-28 15:00:00;DK2;24,030001;179,554570
2026-03-28 14:15:00;2026-03-28 15:15:00;DK2;44,990002;336,169794
2026-03-28 14:30:00;2026-03-28 15:30:00;DK2;63,570000;475,001397
2026-03-28 14:45:00;2026-03-28 15:45:00;DK2;84,330002;630,122208
2026-03-28 15:00:00;2026-03-28 16:00:00;DK2;60,330002;450,791808
2026-03-28 15:15:00;2026-03-28 16:15:00;DK2;74,110001;553,757338
2026-03-28 15:30:00;2026-03-28 16:30:00;DK2;88,379997;660,384176
2026-03-28 15:45:00;2026-03-28 16:45:00;DK2;101,300003;756,923752
2026-03-28 16:00:00;2026-03-28 17:00:00;DK2;89,410004;668,080491
2026-03-28 16:15:00;2026-03-28 17:15:00;DK2;99,860001;746,163913
2026-03-28 16:30:00;2026-03-28 17:30:00;DK2;122,260002;913,538961
2026-03-28 16:45:00;2026-03-28 17:45:00;DK2;129,679993;968,981876
2026-03-28 17:00:00;2026-03-28 18:00:00;DK2;124,370003;929,305099
2026-03-28 17:15:00;2026-03-28 18:15:00;DK2;134,550003;1005,371077
2026-03-28 17:30:00;2026-03-28 18:30:00;DK2;141,300003;1055,807752
2026-03-28 17:45:00;2026-03-28 18:45:00;DK2;155,270004;1160,192997
2026-03-28 18:00:00;2026-03-28 19:00:00;DK2;157,949997;1180,218173
2026-03-28 18:15:00;2026-03-28 19:15:00;DK2;156,289993;1167,814457
2026-03-28 18:30:00;2026-03-28 19:30:00;DK2;154,899994;1157,428245
2026-03-28 18:45:00;2026-03-28 19:45:00;DK2;146,919998;1097,800917
2026-03-28 19:00:00;2026-03-28 20:00:00;DK2;161,729996;1208,462703
2026-03-28 19:15:00;2026-03-28 20:15:00;DK2;148,850006;1112,222130
2026-03-28 19:30:00;2026-03-28 20:30:00;DK2;137,289993;1025,844557
2026-03-28 19:45:00;2026-03-28 20:45:00;DK2;127,720001;954,336619
2026-03-28 20:00:00;2026-03-28 21:00:00;DK2;141,070007;1054,089199
2026-03-28 20:15:00;2026-03-28 21:15:00;DK2;132,130005;987,288610
2026-03-28 20:30:00;2026-03-28 21:30:00;DK2;128,199997;957,923198
2026-03-28 20:45:00;2026-03-28 21:45:00;DK2;124,730003;931,995055
2026-03-28 21:00:00;2026-03-28 22:00:00;DK2;127,449997;952,319123
2026-03-28 21:15:00;2026-03-28 22:15:00;DK2;126,809998;947,536986
2026-03-28 21:30:00;2026-03-28 22:30:00;DK2;125,949997;941,110973
2026-03-28 21:45:00;2026-03-28 22:45:00;DK2;120,870003;903,152749
2026-03-28 22:00:00;2026-03-28 23:00:00;DK2;129,940002;970,924689
2026-03-28 22:15:00;2026-03-28 23:15:00;DK2;118,000000;881,707800
2026-03-28 22:30:00;2026-03-28 23:30:00;DK2;120,870003;903,152749
2026-03-28 22:45:00;2026-03-28 23:45:00;DK2;109,300003;816,700552
2026-03-28 23:00:00;2026-03-29 00:00:00;DK2;125,830002;940,214358
2026-03-28 23:15:00;2026-03-29 00:15:00;DK2;120,180000;897,996978
2026-03-28 23:30:00;2026-03-29 00:30:00;DK2;108,230003;808,705405
2026-03-28 23:45:00;2026-03-29 00:45:00;DK2;103,800003;775,604002
2026-03-29 00:00:00;2026-03-29 01:00:00;DK2;112,010002;836,949936
2026-03-29 00:15:00;2026-03-29 01:15:00;DK2;107,470001;803,026594
2026-03-29 00:30:00;2026-03-29 01:30:00;DK2;106,970001;799,290544
2026-03-29 00:45:00;2026-03-29 01:45:00;DK2;104,180000;778,443378
2026-03-29 01:00:00;2026-03-29 03:00:00;DK2;102,070000;762,677247
2026-03-29 01:15:00;2026-03-29 03:15:00;DK2;100,220001;748,853869
2026-03-29 01:30:00;2026-03-29 03:30:00;DK2;101,139999;755,728187
2026-03-29 01:45:00;2026-03-29 03:45:00;DK2;101,070000;755,205147
2026-03-29 02:00:00;2026-03-29 04:00:00;DK2;109,370003;817,223599
2026-03-29 02:15:00;2026-03-29 04:15:00;DK2;103,309998;771,942636
2026-03-29 02:30:00;2026-03-29 04:30:00;DK2;104,279999;779,190581
2026-03-29 02:45:00;2026-03-29 04:45:00;DK2;103,779999;775,454531
2026-03-29 03:00:00;2026-03-29 05:00:00;DK2;103,529999;773,586506
2026-03-29 03:15:00;2026-03-29 05:15:00;DK2;103,639999;774,408437
2026-03-29 03:30:00;2026-03-29 05:30:00;DK2;105,199997;786,064898
2026-03-29 03:45:00;2026-03-29 05:45:00;DK2;105,889999;791,220662
2026-03-29 04:00:00;2026-03-29 06:00:00;DK2;102,290001;764,321116
2026-03-29 04:15:00;2026-03-29 06:15:00;DK2;105,260002;786,513261
2026-03-29 04:30:00;2026-03-29 06:30:00;DK2;113,550003;848,456977
2026-03-29 04:45:00;2026-03-29 06:45:00;DK2;117,750000;879,839775
2026-03-29 05:00:00;2026-03-29 07:00:00;DK2;119,629997;893,887301
2026-03-29 05:15:00;2026-03-29 07:15:00;DK2;115,199997;860,785898
2026-03-29 05:30:00;2026-03-29 07:30:00;DK2;112,959999;844,048409
2026-03-29 05:45:00;2026-03-29 07:45:00;DK2;112,169998;838,145442
2026-03-29 06:00:00;2026-03-29 08:00:00;DK2;122,419998;914,734467
2026-03-29 06:15:00;2026-03-29 08:15:00;DK2;124,959999;933,713609
2026-03-29 06:30:00;2026-03-29 08:30:00;DK2;108,949997;814,085273
2026-03-29 06:45:00;2026-03-29 08:45:00;DK2;102,860001;768,580213
2026-03-29 07:00:00;2026-03-29 09:00:00;DK2;112,190002;838,294914
2026-03-29 07:15:00;2026-03-29 09:15:00;DK2;94,779999;708,205631
2026-03-29 07:30:00;2026-03-29 09:30:00;DK2;89,040001;665,315791
2026-03-29 07:45:00;2026-03-29 09:45:00;DK2;81,449997;608,602523
2026-03-29 08:00:00;2026-03-29 10:00:00;DK2;97,930000;731,742753
2026-03-29 08:15:00;2026-03-29 10:15:00;DK2;83,889999;626,834462
2026-03-29 08:30:00;2026-03-29 10:30:00;DK2;70,519997;526,932470
2026-03-29 08:45:00;2026-03-29 10:45:00;DK2;46,799999;349,694273
2026-03-29 09:00:00;2026-03-29 11:00:00;DK2;70,580002;527,380833
2026-03-29 09:15:00;2026-03-29 11:15:00;DK2;55,270000;412,982967
2026-03-29 09:30:00;2026-03-29 11:30:00;DK2;42,910000;320,627811
2026-03-29 09:45:00;2026-03-29 11:45:00;DK2;9,740000;72,778254
2026-03-29 10:00:00;2026-03-29 12:00:00;DK2;25,250000;188,670525
2026-03-29 10:15:00;2026-03-29 12:15:00;DK2;8,750000;65,380875
2026-03-29 10:30:00;2026-03-29 12:30:00;DK2;4,690000;35,044149
2026-03-29 10:45:00;2026-03-29 12:45:00;DK2;1,340000;10,012614
2026-03-29 11:00:00;2026-03-29 13:00:00;DK2;4,790000;35,791359
2026-03-29 11:15:00;2026-03-29 13:15:00;DK2;3,100000;23,163510
2026-03-29 11:30:00;2026-03-29 13:30:00;DK2;2,780000;20,772438
2026-03-29 11:45:00;2026-03-29 13:45:00;DK2;2,230000;16,662783
2026-03-29 12:00:00;2026-03-29 14:00:00;DK2;1,340000;10,012614
2026-03-29 12:15:00;2026-03-29 14:15:00;DK2;1,320000;9,863172
2026-03-29 12:30:00;2026-03-29 14:30:00;DK2;1,380000;10,311498
2026-03-29 12:45:00;2026-03-29 14:45:00;DK2;1,370000;10,236777
2026-03-29 13:00:00;2026-03-29 15:00:00;DK2;1,530000;11,432313
2026-03-29 13:15:00;2026-03-29 15:15:00;DK2;1,700000;12,702570
2026-03-29 13:30:00;2026-03-29 15:30:00;DK2;1,710000;12,777291
2026-03-29 13:45:00;2026-03-29 15:45:00;DK2;2,460000;18,381366
2026-03-29 14:00:00;2026-03-29 16:00:00;DK2;0,630000;4,707423
2026-03-29 14:15:00;2026-03-29 16:15:00;DK2;1,220000;9,115962
2026-03-29 14:30:00;2026-03-29 16:30:00;DK2;2,240000;16,737504
2026-03-29 14:45:00;2026-03-29 16:45:00;DK2;4,590000;34,296939
2026-03-29 15:00:00;2026-03-29 17:00:00;DK2;2,310000;17,260551
2026-03-29 15:15:00;2026-03-29 17:15:00;DK2;14,100000;105,356610
2026-03-29 15:30:00;2026-03-29 17:30:00;DK2;33,730000;252,033933
2026-03-29 15:45:00;2026-03-29 17:45:00;DK2;79,839996;596,572434
2026-03-29 16:00:00;2026-03-29 18:00:00;DK2;42,509998;317,638956
2026-03-29 16:15:00;2026-03-29 18:15:00;DK2;67,559998;504,815061
2026-03-29 16:30:00;2026-03-29 18:30:00;DK2;84,739998;633,185739
2026-03-29 16:45:00;2026-03-29 18:45:00;DK2;97,480003;728,380330
2026-03-29 17:00:00;2026-03-29 19:00:00;DK2;96,589996;721,730109
2026-03-29 17:15:00;2026-03-29 19:15:00;DK2;95,529999;713,809706
2026-03-29 17:30:00;2026-03-29 19:30:00;DK2;95,889999;716,499662
2026-03-29 17:45:00;2026-03-29 19:45:00;DK2;95,260002;711,792261
2026-03-29 18:00:00;2026-03-29 20:00:00;DK2;104,180000;778,443378
2026-03-29 18:15:00;2026-03-29 20:15:00;DK2;103,910004;776,425941
2026-03-29 18:30:00;2026-03-29 20:30:00;DK2;78,440002;586,111539
2026-03-29 18:45:00;2026-03-29 20:45:00;DK2;69,980003;522,897580
2026-03-29 19:00:00;2026-03-29 21:00:00;DK2;92,000000;687,433200
2026-03-29 19:15:00;2026-03-29 21:15:00;DK2;78,639999;587,605937
2026-03-29 19:30:00;2026-03-29 21:30:00;DK2;60,070000;448,849047
2026-03-29 19:45:00;2026-03-29 21:45:00;DK2;48,540001;362,695741
2026-03-29 20:00:00;2026-03-29 22:00:00;DK2;66,970001;500,406544
2026-03-29 20:15:00;2026-03-29 22:15:00;DK2;56,209999;420,006734
2026-03-29 20:30:00;2026-03-29 22:30:00;DK2;47,139999;352,234787
2026-03-29 20:45:00;2026-03-29 22:45:00;DK2;26,129999;195,245966
2026-03-29 21:00:00;2026-03-29 23:00:00;DK2;47,090000;351,861189
2026-03-29 21:15:00;2026-03-29 23:15:00;DK2;22,070000;164,909247
2026-03-29 21:30:00;2026-03-29 23:30:00;DK2;15,590000;116,490039
2026-03-29 21:45:00;2026-03-29 23:45:00;DK2;4,960000;37,061616
2026-03-29 22:00:00;2026-03-30 00:00:00;DK2;17,760000;132,715152
2026-03-29 22:15:00;2026-03-30 00:15:00;DK2;9,390000;70,168653
2026-03-29 22:30:00;2026-03-30 00:30:00;DK2;5,170000;38,633859
2026-03-29 22:45:00;2026-03-30 00:45:00;DK2;4,400000;32,879880
2026-03-29 23:00:00;2026-03-30 01:00:00;DK2;4,320000;32,282064
2026-03-29 23:15:00;2026-03-30 01:15:00;DK2;3,950000;29,517165
2026-03-29 23:30:00;2026-03-30 01:30:00;DK2;3,600000;26,901720
2026-03-29 23:45:00;2026-03-30 01:45:00;DK2;3,020000;22,567554
2026-03-30 00:00:00;2026-03-30 02:00:00;DK2;4,980000;37,214046
2026-03-30 00:15:00;2026-03-30 02:15:00;DK2;4,510000;33,701877
2026-03-30 00:30:00;2026-03-30 02:30:00;DK2;4,970000;37,139319
2026-03-30 00:45:00;2026-03-30 02:45:00;DK2;4,980000;37,214046
2026-03-30 01:00:00;2026-03-30 03:00:00;DK2;3,240000;24,211548
2026-03-30 01:15:00;2026-03-30 03:15:00;DK2;3,860000;28,844622
2026-03-30 01:30:00;2026-03-30 03:30:00;DK2;3,950000;29,517165
2026-03-30 01:45:00;2026-03-30 03:45:00;DK2;4,510000;33,701877
2026-03-30 02:00:00;2026-03-30 04:00:00;DK2;2,200000;16,439940
2026-03-30 02:15:00;2026-03-30 04:15:00;DK2;3,540000;26,453358
2026-03-30 02:30:00;2026-03-30 04:30:00;DK2;4,080000;30,488616
2026-03-30 02:45:00;2026-03-30 04:45:00;DK2;7,640000;57,091428
2026-03-30 03:00:00;2026-03-30 05:00:00;DK2;3,690000;27,574263
2026-03-30 03:15:00;2026-03-30 05:15:00;DK2;7,450000;55,671615
2026-03-30 03:30:00;2026-03-30 05:30:00;DK2;16,790001;125,466640
2026-03-30 03:45:00;2026-03-30 05:45:00;DK2;30,150000;225,301905
2026-03-30 04:00:00;2026-03-30 06:00:00;DK2;26,049999;194,663828
2026-03-30 04:15:00;2026-03-30 06:15:00;DK2;58,009998;433,491312
2026-03-30 04:30:00;2026-03-30 06:30:00;DK2;79,750000;595,947825
2026-03-30 04:45:00;2026-03-30 06:45:00;DK2;89,940002;672,094653
2026-03-30 05:00:00;2026-03-30 07:00:00;DK2;73,099998;546,254355
2026-03-30 05:15:00;2026-03-30 07:15:00;DK2;89,449997;668,432993
2026-03-30 05:30:00;2026-03-30 07:30:00;DK2;100,480003;750,856918
2026-03-30 05:45:00;2026-03-30 07:45:00;DK2;98,099998;733,071855
2026-03-30 06:00:00;2026-03-30 08:00:00;DK2;116,680000;871,914636
2026-03-30 06:15:00;2026-03-30 08:15:00;DK2;108,209999;808,620860
2026-03-30 06:30:00;2026-03-30 08:30:00;DK2;108,349998;809,667030
2026-03-30 06:45:00;2026-03-30 08:45:00;DK2;103,480003;773,275018
2026-03-30 07:00:00;2026-03-30 09:00:00;DK2;111,809998;835,522572
2026-03-30 07:15:00;2026-03-30 09:15:00;DK2;102,120003;763,112146
2026-03-30 07:30:00;2026-03-30 09:30:00;DK2;96,309998;719,695722
2026-03-30 07:45:00;2026-03-30 09:45:00;DK2;76,970001;575,173726
2026-03-30 08:00:00;2026-03-30 10:00:00;DK2;85,959999;642,353285
2026-03-30 08:15:00;2026-03-30 10:15:00;DK2;71,510002;534,372792
2026-03-30 08:30:00;2026-03-30 10:30:00;DK2;82,209999;614,330660
2026-03-30 08:45:00;2026-03-30 10:45:00;DK2;55,599998;415,482105
2026-03-30 09:00:00;2026-03-30 11:00:00;DK2;71,260002;532,504617
2026-03-30 09:15:00;2026-03-30 11:15:00;DK2;50,279999;375,727349
2026-03-30 09:30:00;2026-03-30 11:30:00;DK2;39,160000;292,630932
2026-03-30 09:45:00;2026-03-30 11:45:00;DK2;23,240000;173,665548
2026-03-30 10:00:00;2026-03-30 12:00:00;DK2;39,400002;294,424395
2026-03-30 10:15:00;2026-03-30 12:15:00;DK2;25,030001;187,041688
2026-03-30 10:30:00;2026-03-30 12:30:00;DK2;19,670000;146,988009
2026-03-30 10:45:00;2026-03-30 12:45:00;DK2;10,240000;76,520448
2026-03-30 11:00:00;2026-03-30 13:00:00;DK2;17,549999;131,145878
2026-03-30 11:15:00;2026-03-30 13:15:00;DK2;15,540000;116,125758
2026-03-30 11:30:00;2026-03-30 13:30:00;DK2;10,150000;75,847905
2026-03-30 11:45:00;2026-03-30 13:45:00;DK2;9,680000;72,335736
2026-03-30 12:00:00;2026-03-30 14:00:00;DK2;9,940000;74,278638
2026-03-30 12:15:00;2026-03-30 14:15:00;DK2;10,140000;75,773178
2026-03-30 12:30:00;2026-03-30 14:30:00;DK2;11,250000;84,067875
2026-03-30 12:45:00;2026-03-30 14:45:00;DK2;13,040000;97,444008
2026-03-30 13:00:00;2026-03-30 15:00:00;DK2;9,380000;70,093926
2026-03-30 13:15:00;2026-03-30 15:15:00;DK2;10,730000;80,182071
2026-03-30 13:30:00;2026-03-30 15:30:00;DK2;11,660000;87,131682
2026-03-30 13:45:00;2026-03-30 15:45:00;DK2;20,290001;151,621090
2026-03-30 14:00:00;2026-03-30 16:00:00;DK2;9,740000;72,784098
2026-03-30 14:15:00;2026-03-30 16:15:00;DK2;23,270000;173,889729
2026-03-30 14:30:00;2026-03-30 16:30:00;DK2;44,250000;330,666975
2026-03-30 14:45:00;2026-03-30 16:45:00;DK2;62,990002;470,705388
2026-03-30 15:00:00;2026-03-30 17:00:00;DK2;45,450001;339,634222
2026-03-30 15:15:00;2026-03-30 17:15:00;DK2;65,440002;489,013503
2026-03-30 15:30:00;2026-03-30 17:30:00;DK2;86,769997;648,406157
2026-03-30 15:45:00;2026-03-30 17:45:00;DK2;112,070000;837,465489
2026-03-30 16:00:00;2026-03-30 18:00:00;DK2;84,980003;635,030068
2026-03-30 16:15:00;2026-03-30 18:15:00;DK2;105,010002;784,708242
2026-03-30 16:30:00;2026-03-30 18:30:00;DK2;109,349998;817,139730
2026-03-30 16:45:00;2026-03-30 18:45:00;DK2;119,879997;895,827254
2026-03-30 17:00:00;2026-03-30 19:00:00;DK2;114,029999;852,111974
2026-03-30 17:15:00;2026-03-30 19:15:00;DK2;117,250000;876,174075
2026-03-30 17:30:00;2026-03-30 19:30:00;DK2;122,230003;913,388143
2026-03-30 17:45:00;2026-03-30 19:45:00;DK2;132,960007;993,570244
2026-03-30 18:00:00;2026-03-30 20:00:00;DK2;124,750000;932,219325
2026-03-30 18:15:00;2026-03-30 20:15:00;DK2;124,360001;929,304979
2026-03-30 18:30:00;2026-03-30 20:30:00;DK2;127,290001;951,199990
2026-03-30 18:45:00;2026-03-30 20:45:00;DK2;125,839996;940,364538
2026-03-30 19:00:00;2026-03-30 21:00:00;DK2;135,940002;1015,838853
2026-03-30 19:15:00;2026-03-30 21:15:00;DK2;124,769997;932,368757
2026-03-30 19:30:00;2026-03-30 21:30:00;DK2;119,120003;890,148046
2026-03-30 19:45:00;2026-03-30 21:45:00;DK2;109,559998;818,708997
2026-03-30 20:00:00;2026-03-30 22:00:00;DK2;116,879997;873,409154
2026-03-30 20:15:00;2026-03-30 22:15:00;DK2;113,650002;849,272370
2026-03-30 20:30:00;2026-03-30 22:30:00;DK2;111,540001;833,504965
2026-03-30 20:45:00;2026-03-30 22:45:00;DK2;109,339996;817,064988
2026-03-30 21:00:00;2026-03-30 23:00:00;DK2;115,180000;860,705586
2026-03-30 21:15:00;2026-03-30 23:15:00;DK2;110,110001;822,819004
2026-03-30 21:30:00;2026-03-30 23:30:00;DK2;107,559998;803,763597
2026-03-30 21:45:00;2026-03-30 23:45:00;DK2;102,410004;765,279237
2026-03-30 22:00:00;2026-03-31 00:00:00;DK2;110,150002;823,150965
2026-03-30 22:15:00;2026-03-31 00:15:00;DK2;103,430000;772,932390
2026-03-30 22:30:00;2026-03-31 00:30:00;DK2;99,910004;746,627460
2026-03-30 22:45:00;2026-03-31 00:45:00;DK2;95,440002;713,223135
2026-03-30 23:00:00;2026-03-31 01:00:00;DK2;98,199997;733,848578
2026-03-30 23:15:00;2026-03-31 01:15:00;DK2;99,160004;741,022710
2026-03-30 23:30:00;2026-03-31 01:30:00;DK2;99,050003;740,200672
2026-03-30 23:45:00;2026-03-31 01:45:00;DK2;98,470001;735,866317
2026-03-31 00:00:00;2026-03-31 02:00:00;DK2;99,470001;743,339317
2026-03-31 00:15:00;2026-03-31 02:15:00;DK2;98,709999;737,659823
2026-03-31 00:30:00;2026-03-31 02:30:00;DK2;98,820000;738,481860
2026-03-31 00:45:00;2026-03-31 02:45:00;DK2;98,169998;733,624395
2026-03-31 01:00:00;2026-03-31 03:00:00;DK2;98,290001;734,521177
2026-03-31 01:15:00;2026-03-31 03:15:00;DK2;98,089996;733,026540
2026-03-31 01:30:00;2026-03-31 03:30:00;DK2;99,870003;746,328532
2026-03-31 01:45:00;2026-03-31 03:45:00;DK2;99,989998;747,225255
2026-03-31 02:00:00;2026-03-31 04:00:00;DK2;93,459999;698,426573
2026-03-31 02:15:00;2026-03-31 04:15:00;DK2;95,070000;710,458110
2026-03-31 02:30:00;2026-03-31 04:30:00;DK2;96,070000;717,931110
2026-03-31 02:45:00;2026-03-31 04:45:00;DK2;98,459999;735,791573
2026-03-31 03:00:00;2026-03-31 05:00:00;DK2;93,629997;699,696968
2026-03-31 03:15:00;2026-03-31 05:15:00;DK2;97,290001;727,048177
2026-03-31 03:30:00;2026-03-31 05:30:00;DK2;110,279999;824,122433
2026-03-31 03:45:00;2026-03-31 05:45:00;DK2;114,010002;851,996745
2026-03-31 04:00:00;2026-03-31 06:00:00;DK2;111,099998;830,250285
2026-03-31 04:15:00;2026-03-31 06:15:00;DK2;123,809998;925,232115
2026-03-31 04:30:00;2026-03-31 06:30:00;DK2;147,479996;1102,118010
2026-03-31 04:45:00;2026-03-31 06:45:00;DK2;152,449997;1139,258828
2026-03-31 05:00:00;2026-03-31 07:00:00;DK2;138,440002;1034,562135
2026-03-31 05:15:00;2026-03-31 07:15:00;DK2;142,009995;1061,240693
2026-03-31 05:30:00;2026-03-31 07:30:00;DK2;150,729996;1126,405260
2026-03-31 05:45:00;2026-03-31 07:45:00;DK2;145,020004;1083,734490
2026-03-31 06:00:00;2026-03-31 08:00:00;DK2;173,369995;1295,593973
2026-03-31 06:15:00;2026-03-31 08:15:00;DK2;147,990005;1105,929307
2026-03-31 06:30:00;2026-03-31 08:30:00;DK2;142,070007;1061,689162
2026-03-31 06:45:00;2026-03-31 08:45:00;DK2;124,089996;927,324540
2026-03-31 07:00:00;2026-03-31 09:00:00;DK2;144,820007;1082,239912
2026-03-31 07:15:00;2026-03-31 09:15:00;DK2;130,000000;971,490000
2026-03-31 07:30:00;2026-03-31 09:30:00;DK2;120,000000;896,760000
2026-03-31 07:45:00;2026-03-31 09:45:00;DK2;109,389999;817,471463
2026-03-31 08:00:00;2026-03-31 10:00:00;DK2;117,089996;875,013540
2026-03-31 08:15:00;2026-03-31 10:15:00;DK2;95,760002;715,614495
2026-03-31 08:30:00;2026-03-31 10:30:00;DK2;90,989998;679,968255
2026-03-31 08:45:00;2026-03-31 10:45:00;DK2;94,589996;706,871040
2026-03-31 09:00:00;2026-03-31 11:00:00;DK2;97,410004;727,944960
2026-03-31 09:15:00;2026-03-31 11:15:00;DK2;91,669998;685,049895
2026-03-31 09:30:00;2026-03-31 11:30:00;DK2;85,540001;639,240427
2026-03-31 09:45:00;2026-03-31 11:45:00;DK2;74,480003;556,589062
2026-03-31 10:00:00;2026-03-31 12:00:00;DK2;87,459999;653,588573
2026-03-31 10:15:00;2026-03-31 12:15:00;DK2;82,339996;615,326790
2026-03-31 10:30:00;2026-03-31 12:30:00;DK2;78,169998;584,164395
2026-03-31 10:45:00;2026-03-31 12:45:00;DK2;65,379997;488,584718
2026-03-31 11:00:00;2026-03-31 13:00:00;DK2;73,540001;549,564427
2026-03-31 11:15:00;2026-03-31 13:15:00;DK2;60,900002;455,105715
2026-03-31 11:30:00;2026-03-31 13:30:00;DK2;46,400002;346,747215
2026-03-31 11:45:00;2026-03-31 13:45:00;DK2;40,070000;299,443110
2026-03-31 12:00:00;2026-03-31 14:00:00;DK2;51,200001;382,617607
2026-03-31 12:15:00;2026-03-31 14:15:00;DK2;51,340000;383,663820
2026-03-31 12:30:00;2026-03-31 14:30:00;DK2;54,020000;403,691460
2026-03-31 12:45:00;2026-03-31 14:45:00;DK2;58,689999;438,590363
2026-03-31 13:00:00;2026-03-31 15:00:00;DK2;52,700001;393,827107
2026-03-31 13:15:00;2026-03-31 15:15:00;DK2;62,400002;466,315215
2026-03-31 13:30:00;2026-03-31 15:30:00;DK2;62,759998;469,005465
2026-03-31 13:45:00;2026-03-31 15:45:00;DK2;73,050003;545,902672
2026-03-31 14:00:00;2026-03-31 16:00:00;DK2;64,029999;478,496183
2026-03-31 14:15:00;2026-03-31 16:15:00;DK2;80,400002;600,829215
2026-03-31 14:30:00;2026-03-31 16:30:00;DK2;89,260002;667,039995
2026-03-31 14:45:00;2026-03-31 16:45:00;DK2;95,169998;711,205395
2026-03-31 15:00:00;2026-03-31 17:00:00;DK2;96,059998;717,856365
2026-03-31 15:15:00;2026-03-31 17:15:00;DK2;101,220001;756,417067
2026-03-31 15:30:00;2026-03-31 17:30:00;DK2;105,809998;790,718115
2026-03-31 15:45:00;2026-03-31 17:45:00;DK2;140,309998;1048,536615
2026-03-31 16:00:00;2026-03-31 18:00:00;DK2;109,050003;814,930672
2026-03-31 16:15:00;2026-03-31 18:15:00;DK2;141,830002;1059,895605
2026-03-31 16:30:00;2026-03-31 18:30:00;DK2;158,740005;1186,264057
2026-03-31 16:45:00;2026-03-31 18:45:00;DK2;194,919998;1456,637145
2026-03-31 17:00:00;2026-03-31 19:00:00;DK2;153,500000;1147,105500
2026-03-31 17:15:00;2026-03-31 19:15:00;DK2;176,589996;1319,657040
2026-03-31 17:30:00;2026-03-31 19:30:00;DK2;182,000000;1360,086000
2026-03-31 17:45:00;2026-03-31 19:45:00;DK2;188,050003;1405,297672
2026-03-31 18:00:00;2026-03-31 20:00:00;DK2;189,800003;1418,375422
2026-03-31 18:15:00;2026-03-31 20:15:00;DK2;180,779999;1350,968933
2026-03-31 18:30:00;2026-03-31 20:30:00;DK2;173,580002;1297,163355
2026-03-31 18:45:00;2026-03-31 20:45:00;DK2;160,020004;1195,829490
2026-03-31 19:00:00;2026-03-31 21:00:00;DK2;201,220001;1503,717067
2026-03-31 19:15:00;2026-03-31 21:15:00;DK2;171,500000;1281,619500
2026-03-31 19:30:00;2026-03-31 21:30:00;DK2;162,639999;1215,408713
2026-03-31 19:45:00;2026-03-31 21:45:00;DK2;151,669998;1133,429895
2026-03-31 20:00:00;2026-03-31 22:00:00;DK2;169,160004;1264,132710
2026-03-31 20:15:00;2026-03-31 22:15:00;DK2;161,309998;1205,469615
2026-03-31 20:30:00;2026-03-31 22:30:00;DK2;152,949997;1142,995328
2026-03-31 20:45:00;2026-03-31 22:45:00;DK2;149,889999;1120,127963
2026-03-31 21:00:00;2026-03-31 23:00:00;DK2;152,990005;1143,294307
2026-03-31 21:15:00;2026-03-31 23:15:00;DK2;149,539993;1117,512368
2026-03-31 21:30:00;2026-03-31 23:30:00;DK2;149,919998;1120,352145
2026-03-31 21:45:00;2026-03-31 23:45:00;DK2;141,339996;1056,233790
