"startTime";"endTime";"Wind power generation - 15 min data"
"2026-02-28T23:00:00.000Z";"2026-02-28T23:15:00.000Z";524.77
"2026-02-28T23:15:00.000Z";"2026-02-28T23:30:00.000Z";525.63
"2026-02-28T23:30:00.000Z";"2026-02-28T23:45:00.000Z";533.94
"2026-02-28T23:45:00.000Z";"2026-03-01T00:00:00.000Z";505.23
"2026-03-01T00:00:00.000Z";"2026-03-01T00:15:00.000Z";503.33
"2026-03-01T00:15:00.000Z";"2026-03-01T00:30:00.000Z";436.53
"2026-03-01T00:30:00.000Z";"2026-03-01T00:45:00.000Z";402.3
"2026-03-01T00:45:00.000Z";"2026-03-01T01:00:00.000Z";363.57
"2026-03-01T01:00:00.000Z";"2026-03-01T01:15:00.000Z";345.37
"2026-03-01T01:15:00.000Z";"2026-03-01T01:30:00.000Z";345.34
"2026-03-01T01:30:00.000Z";"2026-03-01T01:45:00.000Z";359.53
"2026-03-01T01:45:00.000Z";"2026-03-01T02:00:00.000Z";377.77
"2026-03-01T02:00:00.000Z";"2026-03-01T02:15:00.000Z";372.33
"2026-03-01T02:15:00.000Z";"2026-03-01T02:30:00.000Z";374.87
"2026-03-01T02:30:00.000Z";"2026-03-01T02:45:00.000Z";358.67
"2026-03-01T02:45:00.000Z";"2026-03-01T03:00:00.000Z";354.43
"2026-03-01T03:00:00.000Z";"2026-03-01T03:15:00.000Z";366.63
"2026-03-01T03:15:00.000Z";"2026-03-01T03:30:00.000Z";388.03
"2026-03-01T03:30:00.000Z";"2026-03-01T03:45:00.000Z";446.39
"2026-03-01T03:45:00.000Z";"2026-03-01T04:00:00.000Z";519.02
"2026-03-01T04:00:00.000Z";"2026-03-01T04:15:00.000Z";628.85
"2026-03-01T04:15:00.000Z";"2026-03-01T04:30:00.000Z";739.58
"2026-03-01T04:30:00.000Z";"2026-03-01T04:45:00.000Z";868.18
"2026-03-01T04:45:00.000Z";"2026-03-01T05:00:00.000Z";932.6
"2026-03-01T05:00:00.000Z";"2026-03-01T05:15:00.000Z";1006.32
"2026-03-01T05:15:00.000Z";"2026-03-01T05:30:00.000Z";1072.53
"2026-03-01T05:30:00.000Z";"2026-03-01T05:45:00.000Z";1137.21
"2026-03-01T05:45:00.000Z";"2026-03-01T06:00:00.000Z";1248.79
"2026-03-01T06:00:00.000Z";"2026-03-01T06:15:00.000Z";1227.67
"2026-03-01T06:15:00.000Z";"2026-03-01T06:30:00.000Z";1205.11
"2026-03-01T06:30:00.000Z";"2026-03-01T06:45:00.000Z";1189.21
"2026-03-01T06:45:00.000Z";"2026-03-01T07:00:00.000Z";1105.94
"2026-03-01T07:00:00.000Z";"2026-03-01T07:15:00.000Z";1062.13
"2026-03-01T07:15:00.000Z";"2026-03-01T07:30:00.000Z";1026.44
"2026-03-01T07:30:00.000Z";"2026-03-01T07:45:00.000Z";923.48
"2026-03-01T07:45:00.000Z";"2026-03-01T08:00:00.000Z";828.86
"2026-03-01T08:00:00.000Z";"2026-03-01T08:15:00.000Z";759.71
"2026-03-01T08:15:00.000Z";"2026-03-01T08:30:00.000Z";683.77
"2026-03-01T08:30:00.000Z";"2026-03-01T08:45:00.000Z";633.4
"2026-03-01T08:45:00.000Z";"2026-03-01T09:00:00.000Z";640.31
"2026-03-01T09:00:00.000Z";"2026-03-01T09:15:00.000Z";656.66
"2026-03-01T09:15:00.000Z";"2026-03-01T09:30:00.000Z";671.86
"2026-03-01T09:30:00.000Z";"2026-03-01T09:45:00.000Z";678.07
"2026-03-01T09:45:00.000Z";"2026-03-01T10:00:00.000Z";699.99
"2026-03-01T10:00:00.000Z";"2026-03-01T10:15:00.000Z";687.61
"2026-03-01T10:15:00.000Z";"2026-03-01T10:30:00.000Z";632.97
"2026-03-01T10:30:00.000Z";"2026-03-01T10:45:00.000Z";658.36
"2026-03-01T10:45:00.000Z";"2026-03-01T11:00:00.000Z";726.39
"2026-03-01T11:00:00.000Z";"2026-03-01T11:15:00.000Z";777.72
"2026-03-01T11:15:00.000Z";"2026-03-01T11:30:00.000Z";799.37
"2026-03-01T11:30:00.000Z";"2026-03-01T11:45:00.000Z";787.7
"2026-03-01T11:45:00.000Z";"2026-03-01T12:00:00.000Z";773.84
"2026-03-01T12:00:00.000Z";"2026-03-01T12:15:00.000Z";762.17
"2026-03-01T12:15:00.000Z";"2026-03-01T12:30:00.000Z";737.84
"2026-03-01T12:30:00.000Z";"2026-03-01T12:45:00.000Z";685.48
"2026-03-01T12:45:00.000Z";"2026-03-01T13:00:00.000Z";658.41
"2026-03-01T13:00:00.000Z";"2026-03-01T13:15:00.000Z";649.1
"2026-03-01T13:15:00.000Z";"2026-03-01T13:30:00.000Z";628.79
"2026-03-01T13:30:00.000Z";"2026-03-01T13:45:00.000Z";640.27
"2026-03-01T13:45:00.000Z";"2026-03-01T14:00:00.000Z";644.13
"2026-03-01T14:00:00.000Z";"2026-03-01T14:15:00.000Z";657.04
"2026-03-01T14:15:00.000Z";"2026-03-01T14:30:00.000Z";650.57
"2026-03-01T14:30:00.000Z";"2026-03-01T14:45:00.000Z";659.7
"2026-03-01T14:45:00.000Z";"2026-03-01T15:00:00.000Z";662.06
"2026-03-01T15:00:00.000Z";"2026-03-01T15:15:00.000Z";665.03
"2026-03-01T15:15:00.000Z";"2026-03-01T15:30:00.000Z";694.8
"2026-03-01T15:30:00.000Z";"2026-03-01T15:45:00.000Z";697.4
"2026-03-01T15:45:00.000Z";"2026-03-01T16:00:00.000Z";703.96
"2026-03-01T16:00:00.000Z";"2026-03-01T16:15:00.000Z";727.86
"2026-03-01T16:15:00.000Z";"2026-03-01T16:30:00.000Z";751.33
"2026-03-01T16:30:00.000Z";"2026-03-01T16:45:00.000Z";765.17
"2026-03-01T16:45:00.000Z";"2026-03-01T17:00:00.000Z";788.17
"2026-03-01T17:00:00.000Z";"2026-03-01T17:15:00.000Z";807.4
"2026-03-01T17:15:00.000Z";"2026-03-01T17:30:00.000Z";816.97
"2026-03-01T17:30:00.000Z";"2026-03-01T17:45:00.000Z";819.3
"2026-03-01T17:45:00.000Z";"2026-03-01T18:00:00.000Z";798
"2026-03-01T18:00:00.000Z";"2026-03-01T18:15:00.000Z";788.03
"2026-03-01T18:15:00.000Z";"2026-03-01T18:30:00.000Z";778.07
"2026-03-01T18:30:00.000Z";"2026-03-01T18:45:00.000Z";765.64
"2026-03-01T18:45:00.000Z";"2026-03-01T19:00:00.000Z";747.57
"2026-03-01T19:00:00.000Z";"2026-03-01T19:15:00.000Z";720.73
"2026-03-01T19:15:00.000Z";"2026-03-01T19:30:00.000Z";720.07
"2026-03-01T19:30:00.000Z";"2026-03-01T19:45:00.000Z";681.63
"2026-03-01T19:45:00.000Z";"2026-03-01T20:00:00.000Z";676.63
"2026-03-01T20:00:00.000Z";"2026-03-01T20:15:00.000Z";663.77
"2026-03-01T20:15:00.000Z";"2026-03-01T20:30:00.000Z";664.3
"2026-03-01T20:30:00.000Z";"2026-03-01T20:45:00.000Z";662.97
"2026-03-01T20:45:00.000Z";"2026-03-01T21:00:00.000Z";662.57
"2026-03-01T21:00:00.000Z";"2026-03-01T21:15:00.000Z";647.84
"2026-03-01T21:15:00.000Z";"2026-03-01T21:30:00.000Z";667.66
"2026-03-01T21:30:00.000Z";"2026-03-01T21:45:00.000Z";698.83
"2026-03-01T21:45:00.000Z";"2026-03-01T22:00:00.000Z";689.27
"2026-03-01T22:00:00.000Z";"2026-03-01T22:15:00.000Z";670.47
"2026-03-01T22:15:00.000Z";"2026-03-01T22:30:00.000Z";666.4
"2026-03-01T22:30:00.000Z";"2026-03-01T22:45:00.000Z";672.4
"2026-03-01T22:45:00.000Z";"2026-03-01T23:00:00.000Z";677.07
"2026-03-01T23:00:00.000Z";"2026-03-01T23:15:00.000Z";698.97
"2026-03-01T23:15:00.000Z";"2026-03-01T23:30:00.000Z";719.26
"2026-03-01T23:30:00.000Z";"2026-03-01T23:45:00.000Z";699.4
"2026-03-01T23:45:00.000Z";"2026-03-02T00:00:00.000Z";710.5
"2026-03-02T00:00:00.000Z";"2026-03-02T00:15:00.000Z";724.04
"2026-03-02T00:15:00.000Z";"2026-03-02T00:30:00.000Z";722.73
"2026-03-02T00:30:00.000Z";"2026-03-02T00:45:00.000Z";757.32
"2026-03-02T00:45:00.000Z";"2026-03-02T01:00:00.000Z";747.47
"2026-03-02T01:00:00.000Z";"2026-03-02T01:15:00.000Z";726.64
"2026-03-02T01:15:00.000Z";"2026-03-02T01:30:00.000Z";732.14
"2026-03-02T01:30:00.000Z";"2026-03-02T01:45:00.000Z";719.1
"2026-03-02T01:45:00.000Z";"2026-03-02T02:00:00.000Z";726.57
"2026-03-02T02:00:00.000Z";"2026-03-02T02:15:00.000Z";731.17
"2026-03-02T02:15:00.000Z";"2026-03-02T02:30:00.000Z";734.76
"2026-03-02T02:30:00.000Z";"2026-03-02T02:45:00.000Z";719.8
"2026-03-02T02:45:00.000Z";"2026-03-02T03:00:00.000Z";697.7
"2026-03-02T03:00:00.000Z";"2026-03-02T03:15:00.000Z";682.74
"2026-03-02T03:15:00.000Z";"2026-03-02T03:30:00.000Z";667.58
"2026-03-02T03:30:00.000Z";"2026-03-02T03:45:00.000Z";642.8
"2026-03-02T03:45:00.000Z";"2026-03-02T04:00:00.000Z";619
"2026-03-02T04:00:00.000Z";"2026-03-02T04:15:00.000Z";620.53
"2026-03-02T04:15:00.000Z";"2026-03-02T04:30:00.000Z";583.81
"2026-03-02T04:30:00.000Z";"2026-03-02T04:45:00.000Z";536.03
"2026-03-02T04:45:00.000Z";"2026-03-02T05:00:00.000Z";498.47
"2026-03-02T05:00:00.000Z";"2026-03-02T05:15:00.000Z";467.34
"2026-03-02T05:15:00.000Z";"2026-03-02T05:30:00.000Z";422.41
"2026-03-02T05:30:00.000Z";"2026-03-02T05:45:00.000Z";379.94
"2026-03-02T05:45:00.000Z";"2026-03-02T06:00:00.000Z";346.2
"2026-03-02T06:00:00.000Z";"2026-03-02T06:15:00.000Z";320.51
"2026-03-02T06:15:00.000Z";"2026-03-02T06:30:00.000Z";289.1
"2026-03-02T06:30:00.000Z";"2026-03-02T06:45:00.000Z";256.33
"2026-03-02T06:45:00.000Z";"2026-03-02T07:00:00.000Z";254.17
"2026-03-02T07:00:00.000Z";"2026-03-02T07:15:00.000Z";241.3
"2026-03-02T07:15:00.000Z";"2026-03-02T07:30:00.000Z";227.3
"2026-03-02T07:30:00.000Z";"2026-03-02T07:45:00.000Z";215.54
"2026-03-02T07:45:00.000Z";"2026-03-02T08:00:00.000Z";192.44
"2026-03-02T08:00:00.000Z";"2026-03-02T08:15:00.000Z";165
"2026-03-02T08:15:00.000Z";"2026-03-02T08:30:00.000Z";149.2
"2026-03-02T08:30:00.000Z";"2026-03-02T08:45:00.000Z";158.17
"2026-03-02T08:45:00.000Z";"2026-03-02T09:00:00.000Z";161.93
"2026-03-02T09:00:00.000Z";"2026-03-02T09:15:00.000Z";163.4
"2026-03-02T09:15:00.000Z";"2026-03-02T09:30:00.000Z";169.17
"2026-03-02T09:30:00.000Z";"2026-03-02T09:45:00.000Z";175.46
"2026-03-02T09:45:00.000Z";"2026-03-02T10:00:00.000Z";164.87
"2026-03-02T10:00:00.000Z";"2026-03-02T10:15:00.000Z";152.17
"2026-03-02T10:15:00.000Z";"2026-03-02T10:30:00.000Z";173
"2026-03-02T10:30:00.000Z";"2026-03-02T10:45:00.000Z";185.73
"2026-03-02T10:45:00.000Z";"2026-03-02T11:00:00.000Z";184.8
"2026-03-02T11:00:00.000Z";"2026-03-02T11:15:00.000Z";184.27
"2026-03-02T11:15:00.000Z";"2026-03-02T11:30:00.000Z";146.67
"2026-03-02T11:30:00.000Z";"2026-03-02T11:45:00.000Z";129.53
"2026-03-02T11:45:00.000Z";"2026-03-02T12:00:00.000Z";114.24
"2026-03-02T12:00:00.000Z";"2026-03-02T12:15:00.000Z";97.03
"2026-03-02T12:15:00.000Z";"2026-03-02T12:30:00.000Z";96.27
"2026-03-02T12:30:00.000Z";"2026-03-02T12:45:00.000Z";95.2
"2026-03-02T12:45:00.000Z";"2026-03-02T13:00:00.000Z";81.97
"2026-03-02T13:00:00.000Z";"2026-03-02T13:15:00.000Z";82.67
"2026-03-02T13:15:00.000Z";"2026-03-02T13:30:00.000Z";87.23
"2026-03-02T13:30:00.000Z";"2026-03-02T13:45:00.000Z";90.9
"2026-03-02T13:45:00.000Z";"2026-03-02T14:00:00.000Z";95.74
"2026-03-02T14:00:00.000Z";"2026-03-02T14:15:00.000Z";92.23
"2026-03-02T14:15:00.000Z";"2026-03-02T14:30:00.000Z";104.1
"2026-03-02T14:30:00.000Z";"2026-03-02T14:45:00.000Z";112.13
"2026-03-02T14:45:00.000Z";"2026-03-02T15:00:00.000Z";123.2
"2026-03-02T15:00:00.000Z";"2026-03-02T15:15:00.000Z";137.3
"2026-03-02T15:15:00.000Z";"2026-03-02T15:30:00.000Z";168.26
"2026-03-02T15:30:00.000Z";"2026-03-02T15:45:00.000Z";179.17
"2026-03-02T15:45:00.000Z";"2026-03-02T16:00:00.000Z";175.83
"2026-03-02T16:00:00.000Z";"2026-03-02T16:15:00.000Z";169.77
"2026-03-02T16:15:00.000Z";"2026-03-02T16:30:00.000Z";172.63
"2026-03-02T16:30:00.000Z";"2026-03-02T16:45:00.000Z";183.07
"2026-03-02T16:45:00.000Z";"2026-03-02T17:00:00.000Z";166.43
"2026-03-02T17:00:00.000Z";"2026-03-02T17:15:00.000Z";156.6
"2026-03-02T17:15:00.000Z";"2026-03-02T17:30:00.000Z";154.6
"2026-03-02T17:30:00.000Z";"2026-03-02T17:45:00.000Z";156.4
"2026-03-02T17:45:00.000Z";"2026-03-02T18:00:00.000Z";151.23
"2026-03-02T18:00:00.000Z";"2026-03-02T18:15:00.000Z";148.63
"2026-03-02T18:15:00.000Z";"2026-03-02T18:30:00.000Z";130
"2026-03-02T18:30:00.000Z";"2026-03-02T18:45:00.000Z";123.1
"2026-03-02T18:45:00.000Z";"2026-03-02T19:00:00.000Z";126.53
"2026-03-02T19:00:00.000Z";"2026-03-02T19:15:00.000Z";148.36
"2026-03-02T19:15:00.000Z";"2026-03-02T19:30:00.000Z";169.13
"2026-03-02T19:30:00.000Z";"2026-03-02T19:45:00.000Z";209.29
"2026-03-02T19:45:00.000Z";"2026-03-02T20:00:00.000Z";245.16
"2026-03-02T20:00:00.000Z";"2026-03-02T20:15:00.000Z";301.89
"2026-03-02T20:15:00.000Z";"2026-03-02T20:30:00.000Z";361.52
"2026-03-02T20:30:00.000Z";"2026-03-02T20:45:00.000Z";420.12
"2026-03-02T20:45:00.000Z";"2026-03-02T21:00:00.000Z";478.05
"2026-03-02T21:00:00.000Z";"2026-03-02T21:15:00.000Z";561.56
"2026-03-02T21:15:00.000Z";"2026-03-02T21:30:00.000Z";611.09
"2026-03-02T21:30:00.000Z";"2026-03-02T21:45:00.000Z";685.25
"2026-03-02T21:45:00.000Z";"2026-03-02T22:00:00.000Z";795.98
"2026-03-02T22:00:00.000Z";"2026-03-02T22:15:00.000Z";884.89
"2026-03-02T22:15:00.000Z";"2026-03-02T22:30:00.000Z";1023.54
"2026-03-02T22:30:00.000Z";"2026-03-02T22:45:00.000Z";1177.18
"2026-03-02T22:45:00.000Z";"2026-03-02T23:00:00.000Z";1309.78
"2026-03-02T23:00:00.000Z";"2026-03-02T23:15:00.000Z";1405.78
"2026-03-02T23:15:00.000Z";"2026-03-02T23:30:00.000Z";1475.61
"2026-03-02T23:30:00.000Z";"2026-03-02T23:45:00.000Z";1650.98
"2026-03-02T23:45:00.000Z";"2026-03-03T00:00:00.000Z";1716.15
"2026-03-03T00:00:00.000Z";"2026-03-03T00:15:00.000Z";1916.06
"2026-03-03T00:15:00.000Z";"2026-03-03T00:30:00.000Z";2003.98
"2026-03-03T00:30:00.000Z";"2026-03-03T00:45:00.000Z";2029.31
"2026-03-03T00:45:00.000Z";"2026-03-03T01:00:00.000Z";2077.62
"2026-03-03T01:00:00.000Z";"2026-03-03T01:15:00.000Z";2211.55
"2026-03-03T01:15:00.000Z";"2026-03-03T01:30:00.000Z";2350.37
"2026-03-03T01:30:00.000Z";"2026-03-03T01:45:00.000Z";2450.12
"2026-03-03T01:45:00.000Z";"2026-03-03T02:00:00.000Z";2620.52
"2026-03-03T02:00:00.000Z";"2026-03-03T02:15:00.000Z";2805.91
"2026-03-03T02:15:00.000Z";"2026-03-03T02:30:00.000Z";2938.66
"2026-03-03T02:30:00.000Z";"2026-03-03T02:45:00.000Z";2881.63
"2026-03-03T02:45:00.000Z";"2026-03-03T03:00:00.000Z";3076.97
"2026-03-03T03:00:00.000Z";"2026-03-03T03:15:00.000Z";3421.95
"2026-03-03T03:15:00.000Z";"2026-03-03T03:30:00.000Z";3676.65
"2026-03-03T03:30:00.000Z";"2026-03-03T03:45:00.000Z";3557.7
"2026-03-03T03:45:00.000Z";"2026-03-03T04:00:00.000Z";3683.32
"2026-03-03T04:00:00.000Z";"2026-03-03T04:15:00.000Z";3752.14
"2026-03-03T04:15:00.000Z";"2026-03-03T04:30:00.000Z";3988.98
"2026-03-03T04:30:00.000Z";"2026-03-03T04:45:00.000Z";4152.12
"2026-03-03T04:45:00.000Z";"2026-03-03T05:00:00.000Z";4292.6
"2026-03-03T05:00:00.000Z";"2026-03-03T05:15:00.000Z";4752.7
"2026-03-03T05:15:00.000Z";"2026-03-03T05:30:00.000Z";4728.12
"2026-03-03T05:30:00.000Z";"2026-03-03T05:45:00.000Z";4989.83
"2026-03-03T05:45:00.000Z";"2026-03-03T06:00:00.000Z";5022.26
"2026-03-03T06:00:00.000Z";"2026-03-03T06:15:00.000Z";5159.71
"2026-03-03T06:15:00.000Z";"2026-03-03T06:30:00.000Z";5333.59
"2026-03-03T06:30:00.000Z";"2026-03-03T06:45:00.000Z";5310.07
"2026-03-03T06:45:00.000Z";"2026-03-03T07:00:00.000Z";5347.21
"2026-03-03T07:00:00.000Z";"2026-03-03T07:15:00.000Z";5251.37
"2026-03-03T07:15:00.000Z";"2026-03-03T07:30:00.000Z";5323.93
"2026-03-03T07:30:00.000Z";"2026-03-03T07:45:00.000Z";5311.75
"2026-03-03T07:45:00.000Z";"2026-03-03T08:00:00.000Z";5268.69
"2026-03-03T08:00:00.000Z";"2026-03-03T08:15:00.000Z";5419.07
"2026-03-03T08:15:00.000Z";"2026-03-03T08:30:00.000Z";5508.64
"2026-03-03T08:30:00.000Z";"2026-03-03T08:45:00.000Z";5559.63
"2026-03-03T08:45:00.000Z";"2026-03-03T09:00:00.000Z";5644.5
"2026-03-03T09:00:00.000Z";"2026-03-03T09:15:00.000Z";5587.86
"2026-03-03T09:15:00.000Z";"2026-03-03T09:30:00.000Z";5678.48
"2026-03-03T09:30:00.000Z";"2026-03-03T09:45:00.000Z";5654.57
"2026-03-03T09:45:00.000Z";"2026-03-03T10:00:00.000Z";5712.85
"2026-03-03T10:00:00.000Z";"2026-03-03T10:15:00.000Z";5804.71
"2026-03-03T10:15:00.000Z";"2026-03-03T10:30:00.000Z";5646.27
"2026-03-03T10:30:00.000Z";"2026-03-03T10:45:00.000Z";5575.09
"2026-03-03T10:45:00.000Z";"2026-03-03T11:00:00.000Z";5599.8
"2026-03-03T11:00:00.000Z";"2026-03-03T11:15:00.000Z";5663.94
"2026-03-03T11:15:00.000Z";"2026-03-03T11:30:00.000Z";5790.17
"2026-03-03T11:30:00.000Z";"2026-03-03T11:45:00.000Z";5645.44
"2026-03-03T11:45:00.000Z";"2026-03-03T12:00:00.000Z";5700.76
"2026-03-03T12:00:00.000Z";"2026-03-03T12:15:00.000Z";5653.89
"2026-03-03T12:15:00.000Z";"2026-03-03T12:30:00.000Z";5546.6
"2026-03-03T12:30:00.000Z";"2026-03-03T12:45:00.000Z";5477.34
"2026-03-03T12:45:00.000Z";"2026-03-03T13:00:00.000Z";5604.58
"2026-03-03T13:00:00.000Z";"2026-03-03T13:15:00.000Z";5751.44
"2026-03-03T13:15:00.000Z";"2026-03-03T13:30:00.000Z";5921.89
"2026-03-03T13:30:00.000Z";"2026-03-03T13:45:00.000Z";5980.8
"2026-03-03T13:45:00.000Z";"2026-03-03T14:00:00.000Z";5926.98
"2026-03-03T14:00:00.000Z";"2026-03-03T14:15:00.000Z";5831.88
"2026-03-03T14:15:00.000Z";"2026-03-03T14:30:00.000Z";5790.57
"2026-03-03T14:30:00.000Z";"2026-03-03T14:45:00.000Z";5788.52
"2026-03-03T14:45:00.000Z";"2026-03-03T15:00:00.000Z";5758.8
"2026-03-03T15:00:00.000Z";"2026-03-03T15:15:00.000Z";5654.52
"2026-03-03T15:15:00.000Z";"2026-03-03T15:30:00.000Z";5520.81
"2026-03-03T15:30:00.000Z";"2026-03-03T15:45:00.000Z";5272.94
"2026-03-03T15:45:00.000Z";"2026-03-03T16:00:00.000Z";5088.55
"2026-03-03T16:00:00.000Z";"2026-03-03T16:15:00.000Z";5040.59
"2026-03-03T16:15:00.000Z";"2026-03-03T16:30:00.000Z";4951.59
"2026-03-03T16:30:00.000Z";"2026-03-03T16:45:00.000Z";4871.79
"2026-03-03T16:45:00.000Z";"2026-03-03T17:00:00.000Z";4749.44
"2026-03-03T17:00:00.000Z";"2026-03-03T17:15:00.000Z";4651.39
"2026-03-03T17:15:00.000Z";"2026-03-03T17:30:00.000Z";4597.39
"2026-03-03T17:30:00.000Z";"2026-03-03T17:45:00.000Z";4635.07
"2026-03-03T17:45:00.000Z";"2026-03-03T18:00:00.000Z";4580.15
"2026-03-03T18:00:00.000Z";"2026-03-03T18:15:00.000Z";4443.22
"2026-03-03T18:15:00.000Z";"2026-03-03T18:30:00.000Z";4353.66
"2026-03-03T18:30:00.000Z";"2026-03-03T18:45:00.000Z";4320.12
"2026-03-03T18:45:00.000Z";"2026-03-03T19:00:00.000Z";4253.33
"2026-03-03T19:00:00.000Z";"2026-03-03T19:15:00.000Z";4190.04
"2026-03-03T19:15:00.000Z";"2026-03-03T19:30:00.000Z";4187.87
"2026-03-03T19:30:00.000Z";"2026-03-03T19:45:00.000Z";4184.49
"2026-03-03T19:45:00.000Z";"2026-03-03T20:00:00.000Z";4199.78
"2026-03-03T20:00:00.000Z";"2026-03-03T20:15:00.000Z";4303.61
"2026-03-03T20:15:00.000Z";"2026-03-03T20:30:00.000Z";4393.41
"2026-03-03T20:30:00.000Z";"2026-03-03T20:45:00.000Z";4401.32
"2026-03-03T20:45:00.000Z";"2026-03-03T21:00:00.000Z";4385.73
"2026-03-03T21:00:00.000Z";"2026-03-03T21:15:00.000Z";4473.37
"2026-03-03T21:15:00.000Z";"2026-03-03T21:30:00.000Z";4498.94
"2026-03-03T21:30:00.000Z";"2026-03-03T21:45:00.000Z";4448.14
"2026-03-03T21:45:00.000Z";"2026-03-03T22:00:00.000Z";4470.11
"2026-03-03T22:00:00.000Z";"2026-03-03T22:15:00.000Z";4498
"2026-03-03T22:15:00.000Z";"2026-03-03T22:30:00.000Z";4482.04
"2026-03-03T22:30:00.000Z";"2026-03-03T22:45:00.000Z";4387.74
"2026-03-03T22:45:00.000Z";"2026-03-03T23:00:00.000Z";4405.26
"2026-03-03T23:00:00.000Z";"2026-03-03T23:15:00.000Z";4651.76
"2026-03-03T23:15:00.000Z";"2026-03-03T23:30:00.000Z";4835.39
"2026-03-03T23:30:00.000Z";"2026-03-03T23:45:00.000Z";4783.68
"2026-03-03T23:45:00.000Z";"2026-03-04T00:00:00.000Z";4823.71
"2026-03-04T00:00:00.000Z";"2026-03-04T00:15:00.000Z";4908.56
"2026-03-04T00:15:00.000Z";"2026-03-04T00:30:00.000Z";4854.14
"2026-03-04T00:30:00.000Z";"2026-03-04T00:45:00.000Z";4893.3
"2026-03-04T00:45:00.000Z";"2026-03-04T01:00:00.000Z";5082.64
"2026-03-04T01:00:00.000Z";"2026-03-04T01:15:00.000Z";4996.79
"2026-03-04T01:15:00.000Z";"2026-03-04T01:30:00.000Z";4906.77
"2026-03-04T01:30:00.000Z";"2026-03-04T01:45:00.000Z";4929.11
"2026-03-04T01:45:00.000Z";"2026-03-04T02:00:00.000Z";4759.5
"2026-03-04T02:00:00.000Z";"2026-03-04T02:15:00.000Z";4686.24
"2026-03-04T02:15:00.000Z";"2026-03-04T02:30:00.000Z";4739.88
"2026-03-04T02:30:00.000Z";"2026-03-04T02:45:00.000Z";4782.37
"2026-03-04T02:45:00.000Z";"2026-03-04T03:00:00.000Z";4722.33
"2026-03-04T03:00:00.000Z";"2026-03-04T03:15:00.000Z";4731.03
"2026-03-04T03:15:00.000Z";"2026-03-04T03:30:00.000Z";4782.79
"2026-03-04T03:30:00.000Z";"2026-03-04T03:45:00.000Z";4674.64
"2026-03-04T03:45:00.000Z";"2026-03-04T04:00:00.000Z";4614.52
"2026-03-04T04:00:00.000Z";"2026-03-04T04:15:00.000Z";4591.03
"2026-03-04T04:15:00.000Z";"2026-03-04T04:30:00.000Z";4705.17
"2026-03-04T04:30:00.000Z";"2026-03-04T04:45:00.000Z";4886.66
"2026-03-04T04:45:00.000Z";"2026-03-04T05:00:00.000Z";4938.84
"2026-03-04T05:00:00.000Z";"2026-03-04T05:15:00.000Z";4844.43
"2026-03-04T05:15:00.000Z";"2026-03-04T05:30:00.000Z";4821.31
"2026-03-04T05:30:00.000Z";"2026-03-04T05:45:00.000Z";4800.27
"2026-03-04T05:45:00.000Z";"2026-03-04T06:00:00.000Z";4749.12
"2026-03-04T06:00:00.000Z";"2026-03-04T06:15:00.000Z";4674.1
"2026-03-04T06:15:00.000Z";"2026-03-04T06:30:00.000Z";4650.04
"2026-03-04T06:30:00.000Z";"2026-03-04T06:45:00.000Z";4615.16
"2026-03-04T06:45:00.000Z";"2026-03-04T07:00:00.000Z";4514.17
"2026-03-04T07:00:00.000Z";"2026-03-04T07:15:00.000Z";4424.47
"2026-03-04T07:15:00.000Z";"2026-03-04T07:30:00.000Z";4360.69
"2026-03-04T07:30:00.000Z";"2026-03-04T07:45:00.000Z";4308.52
"2026-03-04T07:45:00.000Z";"2026-03-04T08:00:00.000Z";4188.48
"2026-03-04T08:00:00.000Z";"2026-03-04T08:15:00.000Z";4078.14
"2026-03-04T08:15:00.000Z";"2026-03-04T08:30:00.000Z";4096.45
"2026-03-04T08:30:00.000Z";"2026-03-04T08:45:00.000Z";4086.97
"2026-03-04T08:45:00.000Z";"2026-03-04T09:00:00.000Z";4016.12
"2026-03-04T09:00:00.000Z";"2026-03-04T09:15:00.000Z";3925.98
"2026-03-04T09:15:00.000Z";"2026-03-04T09:30:00.000Z";3820.46
"2026-03-04T09:30:00.000Z";"2026-03-04T09:45:00.000Z";3683.52
"2026-03-04T09:45:00.000Z";"2026-03-04T10:00:00.000Z";3542.43
"2026-03-04T10:00:00.000Z";"2026-03-04T10:15:00.000Z";3372.49
"2026-03-04T10:15:00.000Z";"2026-03-04T10:30:00.000Z";3261.87
"2026-03-04T10:30:00.000Z";"2026-03-04T10:45:00.000Z";3286.78
"2026-03-04T10:45:00.000Z";"2026-03-04T11:00:00.000Z";3267.51
"2026-03-04T11:00:00.000Z";"2026-03-04T11:15:00.000Z";3172.44
"2026-03-04T11:15:00.000Z";"2026-03-04T11:30:00.000Z";3168.15
"2026-03-04T11:30:00.000Z";"2026-03-04T11:45:00.000Z";3143.53
"2026-03-04T11:45:00.000Z";"2026-03-04T12:00:00.000Z";3086.66
"2026-03-04T12:00:00.000Z";"2026-03-04T12:15:00.000Z";3154.32
"2026-03-04T12:15:00.000Z";"2026-03-04T12:30:00.000Z";3188.96
"2026-03-04T12:30:00.000Z";"2026-03-04T12:45:00.000Z";3167.12
"2026-03-04T12:45:00.000Z";"2026-03-04T13:00:00.000Z";3273.8
"2026-03-04T13:00:00.000Z";"2026-03-04T13:15:00.000Z";3422.95
"2026-03-04T13:15:00.000Z";"2026-03-04T13:30:00.000Z";3468.38
"2026-03-04T13:30:00.000Z";"2026-03-04T13:45:00.000Z";3470.9
"2026-03-04T13:45:00.000Z";"2026-03-04T14:00:00.000Z";3540.92
"2026-03-04T14:00:00.000Z";"2026-03-04T14:15:00.000Z";3663.41
"2026-03-04T14:15:00.000Z";"2026-03-04T14:30:00.000Z";3871.95
"2026-03-04T14:30:00.000Z";"2026-03-04T14:45:00.000Z";4063.48
"2026-03-04T14:45:00.000Z";"2026-03-04T15:00:00.000Z";4075.96
"2026-03-04T15:00:00.000Z";"2026-03-04T15:15:00.000Z";3987.53
"2026-03-04T15:15:00.000Z";"2026-03-04T15:30:00.000Z";3766.06
"2026-03-04T15:30:00.000Z";"2026-03-04T15:45:00.000Z";3596.82
"2026-03-04T15:45:00.000Z";"2026-03-04T16:00:00.000Z";3509.78
"2026-03-04T16:00:00.000Z";"2026-03-04T16:15:00.000Z";3463.47
"2026-03-04T16:15:00.000Z";"2026-03-04T16:30:00.000Z";3405.02
"2026-03-04T16:30:00.000Z";"2026-03-04T16:45:00.000Z";3331.77
"2026-03-04T16:45:00.000Z";"2026-03-04T17:00:00.000Z";3332.09
"2026-03-04T17:00:00.000Z";"2026-03-04T17:15:00.000Z";3377.72
"2026-03-04T17:15:00.000Z";"2026-03-04T17:30:00.000Z";3330.8
"2026-03-04T17:30:00.000Z";"2026-03-04T17:45:00.000Z";3255.67
"2026-03-04T17:45:00.000Z";"2026-03-04T18:00:00.000Z";3243.1
"2026-03-04T18:00:00.000Z";"2026-03-04T18:15:00.000Z";3276.27
"2026-03-04T18:15:00.000Z";"2026-03-04T18:30:00.000Z";3303.55
"2026-03-04T18:30:00.000Z";"2026-03-04T18:45:00.000Z";3285.72
"2026-03-04T18:45:00.000Z";"2026-03-04T19:00:00.000Z";3228.83
"2026-03-04T19:00:00.000Z";"2026-03-04T19:15:00.000Z";3203.29
"2026-03-04T19:15:00.000Z";"2026-03-04T19:30:00.000Z";3156.03
"2026-03-04T19:30:00.000Z";"2026-03-04T19:45:00.000Z";3110.01
"2026-03-04T19:45:00.000Z";"2026-03-04T20:00:00.000Z";3088.75
"2026-03-04T20:00:00.000Z";"2026-03-04T20:15:00.000Z";3022.17
"2026-03-04T20:15:00.000Z";"2026-03-04T20:30:00.000Z";2929.24
"2026-03-04T20:30:00.000Z";"2026-03-04T20:45:00.000Z";2926.68
"2026-03-04T20:45:00.000Z";"2026-03-04T21:00:00.000Z";2928.3
"2026-03-04T21:00:00.000Z";"2026-03-04T21:15:00.000Z";2929.53
"2026-03-04T21:15:00.000Z";"2026-03-04T21:30:00.000Z";2910.19
"2026-03-04T21:30:00.000Z";"2026-03-04T21:45:00.000Z";2889.82
"2026-03-04T21:45:00.000Z";"2026-03-04T22:00:00.000Z";2809.81
"2026-03-04T22:00:00.000Z";"2026-03-04T22:15:00.000Z";2717.23
"2026-03-04T22:15:00.000Z";"2026-03-04T22:30:00.000Z";2677.36
"2026-03-04T22:30:00.000Z";"2026-03-04T22:45:00.000Z";2689.11
"2026-03-04T22:45:00.000Z";"2026-03-04T23:00:00.000Z";2696.65
"2026-03-04T23:00:00.000Z";"2026-03-04T23:15:00.000Z";2729.54
"2026-03-04T23:15:00.000Z";"2026-03-04T23:30:00.000Z";2785.79
"2026-03-04T23:30:00.000Z";"2026-03-04T23:45:00.000Z";2851.9
"2026-03-04T23:45:00.000Z";"2026-03-05T00:00:00.000Z";2910.47
"2026-03-05T00:00:00.000Z";"2026-03-05T00:15:00.000Z";2890.14
"2026-03-05T00:15:00.000Z";"2026-03-05T00:30:00.000Z";2797.01
"2026-03-05T00:30:00.000Z";"2026-03-05T00:45:00.000Z";2763.29
"2026-03-05T00:45:00.000Z";"2026-03-05T01:00:00.000Z";2770.1
"2026-03-05T01:00:00.000Z";"2026-03-05T01:15:00.000Z";2782.41
"2026-03-05T01:15:00.000Z";"2026-03-05T01:30:00.000Z";2765.84
"2026-03-05T01:30:00.000Z";"2026-03-05T01:45:00.000Z";2760.09
"2026-03-05T01:45:00.000Z";"2026-03-05T02:00:00.000Z";2694.89
"2026-03-05T02:00:00.000Z";"2026-03-05T02:15:00.000Z";2586.98
"2026-03-05T02:15:00.000Z";"2026-03-05T02:30:00.000Z";2568.46
"2026-03-05T02:30:00.000Z";"2026-03-05T02:45:00.000Z";2581.81
"2026-03-05T02:45:00.000Z";"2026-03-05T03:00:00.000Z";2574.32
"2026-03-05T03:00:00.000Z";"2026-03-05T03:15:00.000Z";2613.01
"2026-03-05T03:15:00.000Z";"2026-03-05T03:30:00.000Z";2700.12
"2026-03-05T03:30:00.000Z";"2026-03-05T03:45:00.000Z";2804.57
"2026-03-05T03:45:00.000Z";"2026-03-05T04:00:00.000Z";2846
"2026-03-05T04:00:00.000Z";"2026-03-05T04:15:00.000Z";2866.05
"2026-03-05T04:15:00.000Z";"2026-03-05T04:30:00.000Z";2908.08
"2026-03-05T04:30:00.000Z";"2026-03-05T04:45:00.000Z";2808.79
"2026-03-05T04:45:00.000Z";"2026-03-05T05:00:00.000Z";2666.99
"2026-03-05T05:00:00.000Z";"2026-03-05T05:15:00.000Z";2578.18
"2026-03-05T05:15:00.000Z";"2026-03-05T05:30:00.000Z";2533.64
"2026-03-05T05:30:00.000Z";"2026-03-05T05:45:00.000Z";2508.2
"2026-03-05T05:45:00.000Z";"2026-03-05T06:00:00.000Z";2394.55
"2026-03-05T06:00:00.000Z";"2026-03-05T06:15:00.000Z";2201.35
"2026-03-05T06:15:00.000Z";"2026-03-05T06:30:00.000Z";2016.02
"2026-03-05T06:30:00.000Z";"2026-03-05T06:45:00.000Z";1812.1
"2026-03-05T06:45:00.000Z";"2026-03-05T07:00:00.000Z";1639.98
"2026-03-05T07:00:00.000Z";"2026-03-05T07:15:00.000Z";1495.63
"2026-03-05T07:15:00.000Z";"2026-03-05T07:30:00.000Z";1352.57
"2026-03-05T07:30:00.000Z";"2026-03-05T07:45:00.000Z";1185.4
"2026-03-05T07:45:00.000Z";"2026-03-05T08:00:00.000Z";972.894
"2026-03-05T08:00:00.000Z";"2026-03-05T08:15:00.000Z";748.534
"2026-03-05T08:15:00.000Z";"2026-03-05T08:30:00.000Z";592.96
"2026-03-05T08:30:00.000Z";"2026-03-05T08:45:00.000Z";502
"2026-03-05T08:45:00.000Z";"2026-03-05T09:00:00.000Z";443.485
"2026-03-05T09:00:00.000Z";"2026-03-05T09:15:00.000Z";384.906
"2026-03-05T09:15:00.000Z";"2026-03-05T09:30:00.000Z";332.554
"2026-03-05T09:30:00.000Z";"2026-03-05T09:45:00.000Z";299.393
"2026-03-05T09:45:00.000Z";"2026-03-05T10:00:00.000Z";274.344
"2026-03-05T10:00:00.000Z";"2026-03-05T10:15:00.000Z";256.096
"2026-03-05T10:15:00.000Z";"2026-03-05T10:30:00.000Z";244.356
"2026-03-05T10:30:00.000Z";"2026-03-05T10:45:00.000Z";230.686
"2026-03-05T10:45:00.000Z";"2026-03-05T11:00:00.000Z";214.403
"2026-03-05T11:00:00.000Z";"2026-03-05T11:15:00.000Z";208.949
"2026-03-05T11:15:00.000Z";"2026-03-05T11:30:00.000Z";221.853
"2026-03-05T11:30:00.000Z";"2026-03-05T11:45:00.000Z";251.19
"2026-03-05T11:45:00.000Z";"2026-03-05T12:00:00.000Z";294.526
"2026-03-05T12:00:00.000Z";"2026-03-05T12:15:00.000Z";339.359
"2026-03-05T12:15:00.000Z";"2026-03-05T12:30:00.000Z";363.082
"2026-03-05T12:30:00.000Z";"2026-03-05T12:45:00.000Z";386.206
"2026-03-05T12:45:00.000Z";"2026-03-05T13:00:00.000Z";424.34
"2026-03-05T13:00:00.000Z";"2026-03-05T13:15:00.000Z";473.351
"2026-03-05T13:15:00.000Z";"2026-03-05T13:30:00.000Z";500.457
"2026-03-05T13:30:00.000Z";"2026-03-05T13:45:00.000Z";526.193
"2026-03-05T13:45:00.000Z";"2026-03-05T14:00:00.000Z";556.852
"2026-03-05T14:00:00.000Z";"2026-03-05T14:15:00.000Z";589.091
"2026-03-05T14:15:00.000Z";"2026-03-05T14:30:00.000Z";650.736
"2026-03-05T14:30:00.000Z";"2026-03-05T14:45:00.000Z";729.821
"2026-03-05T14:45:00.000Z";"2026-03-05T15:00:00.000Z";790.412
"2026-03-05T15:00:00.000Z";"2026-03-05T15:15:00.000Z";852.082
"2026-03-05T15:15:00.000Z";"2026-03-05T15:30:00.000Z";929.61
"2026-03-05T15:30:00.000Z";"2026-03-05T15:45:00.000Z";997.904
"2026-03-05T15:45:00.000Z";"2026-03-05T16:00:00.000Z";1073.56
"2026-03-05T16:00:00.000Z";"2026-03-05T16:15:00.000Z";1145.13
"2026-03-05T16:15:00.000Z";"2026-03-05T16:30:00.000Z";1198.31
"2026-03-05T16:30:00.000Z";"2026-03-05T16:45:00.000Z";1279.48
"2026-03-05T16:45:00.000Z";"2026-03-05T17:00:00.000Z";1384.88
"2026-03-05T17:00:00.000Z";"2026-03-05T17:15:00.000Z";1459.56
"2026-03-05T17:15:00.000Z";"2026-03-05T17:30:00.000Z";1563.58
"2026-03-05T17:30:00.000Z";"2026-03-05T17:45:00.000Z";1688.82
"2026-03-05T17:45:00.000Z";"2026-03-05T18:00:00.000Z";1755.29
"2026-03-05T18:00:00.000Z";"2026-03-05T18:15:00.000Z";1721.08
"2026-03-05T18:15:00.000Z";"2026-03-05T18:30:00.000Z";1628.49
"2026-03-05T18:30:00.000Z";"2026-03-05T18:45:00.000Z";1552.6
"2026-03-05T18:45:00.000Z";"2026-03-05T19:00:00.000Z";1489
"2026-03-05T19:00:00.000Z";"2026-03-05T19:15:00.000Z";1428.06
"2026-03-05T19:15:00.000Z";"2026-03-05T19:30:00.000Z";1380.81
"2026-03-05T19:30:00.000Z";"2026-03-05T19:45:00.000Z";1290.06
"2026-03-05T19:45:00.000Z";"2026-03-05T20:00:00.000Z";1231.64
"2026-03-05T20:00:00.000Z";"2026-03-05T20:15:00.000Z";1206.78
"2026-03-05T20:15:00.000Z";"2026-03-05T20:30:00.000Z";1179.43
"2026-03-05T20:30:00.000Z";"2026-03-05T20:45:00.000Z";1193.74
"2026-03-05T20:45:00.000Z";"2026-03-05T21:00:00.000Z";1230.41
"2026-03-05T21:00:00.000Z";"2026-03-05T21:15:00.000Z";1241.26
"2026-03-05T21:15:00.000Z";"2026-03-05T21:30:00.000Z";1251.64
"2026-03-05T21:30:00.000Z";"2026-03-05T21:45:00.000Z";1268.45
"2026-03-05T21:45:00.000Z";"2026-03-05T22:00:00.000Z";1282.63
"2026-03-05T22:00:00.000Z";"2026-03-05T22:15:00.000Z";1315.28
"2026-03-05T22:15:00.000Z";"2026-03-05T22:30:00.000Z";1373.5
"2026-03-05T22:30:00.000Z";"2026-03-05T22:45:00.000Z";1452.29
"2026-03-05T22:45:00.000Z";"2026-03-05T23:00:00.000Z";1493.85
"2026-03-05T23:00:00.000Z";"2026-03-05T23:15:00.000Z";1494.48
"2026-03-05T23:15:00.000Z";"2026-03-05T23:30:00.000Z";1551.34
"2026-03-05T23:30:00.000Z";"2026-03-05T23:45:00.000Z";1677
"2026-03-05T23:45:00.000Z";"2026-03-06T00:00:00.000Z";1819.33
"2026-03-06T00:00:00.000Z";"2026-03-06T00:15:00.000Z";1981.71
"2026-03-06T00:15:00.000Z";"2026-03-06T00:30:00.000Z";2160.45
"2026-03-06T00:30:00.000Z";"2026-03-06T00:45:00.000Z";2334.44
"2026-03-06T00:45:00.000Z";"2026-03-06T01:00:00.000Z";2523.12
"2026-03-06T01:00:00.000Z";"2026-03-06T01:15:00.000Z";2715.13
"2026-03-06T01:15:00.000Z";"2026-03-06T01:30:00.000Z";2896.32
"2026-03-06T01:30:00.000Z";"2026-03-06T01:45:00.000Z";3139.94
"2026-03-06T01:45:00.000Z";"2026-03-06T02:00:00.000Z";3395.74
"2026-03-06T02:00:00.000Z";"2026-03-06T02:15:00.000Z";3531.59
"2026-03-06T02:15:00.000Z";"2026-03-06T02:30:00.000Z";3597.88
"2026-03-06T02:30:00.000Z";"2026-03-06T02:45:00.000Z";3660.91
"2026-03-06T02:45:00.000Z";"2026-03-06T03:00:00.000Z";3771.45
"2026-03-06T03:00:00.000Z";"2026-03-06T03:15:00.000Z";3938.95
"2026-03-06T03:15:00.000Z";"2026-03-06T03:30:00.000Z";4086.45
"2026-03-06T03:30:00.000Z";"2026-03-06T03:45:00.000Z";4251.61
"2026-03-06T03:45:00.000Z";"2026-03-06T04:00:00.000Z";4472.4
"2026-03-06T04:00:00.000Z";"2026-03-06T04:15:00.000Z";4670.66
"2026-03-06T04:15:00.000Z";"2026-03-06T04:30:00.000Z";4815.7
"2026-03-06T04:30:00.000Z";"2026-03-06T04:45:00.000Z";5006.61
"2026-03-06T04:45:00.000Z";"2026-03-06T05:00:00.000Z";5181.19
"2026-03-06T05:00:00.000Z";"2026-03-06T05:15:00.000Z";5295.34
"2026-03-06T05:15:00.000Z";"2026-03-06T05:30:00.000Z";5391.03
"2026-03-06T05:30:00.000Z";"2026-03-06T05:45:00.000Z";5426.75
"2026-03-06T05:45:00.000Z";"2026-03-06T06:00:00.000Z";5378.71
"2026-03-06T06:00:00.000Z";"2026-03-06T06:15:00.000Z";5385.63
"2026-03-06T06:15:00.000Z";"2026-03-06T06:30:00.000Z";5491.6
"2026-03-06T06:30:00.000Z";"2026-03-06T06:45:00.000Z";5523.65
"2026-03-06T06:45:00.000Z";"2026-03-06T07:00:00.000Z";5363.35
"2026-03-06T07:00:00.000Z";"2026-03-06T07:15:00.000Z";5217.87
"2026-03-06T07:15:00.000Z";"2026-03-06T07:30:00.000Z";5193.84
"2026-03-06T07:30:00.000Z";"2026-03-06T07:45:00.000Z";5133.29
"2026-03-06T07:45:00.000Z";"2026-03-06T08:00:00.000Z";4863.52
"2026-03-06T08:00:00.000Z";"2026-03-06T08:15:00.000Z";4616.92
"2026-03-06T08:15:00.000Z";"2026-03-06T08:30:00.000Z";4466.41
"2026-03-06T08:30:00.000Z";"2026-03-06T08:45:00.000Z";4217.52
"2026-03-06T08:45:00.000Z";"2026-03-06T09:00:00.000Z";3928.83
"2026-03-06T09:00:00.000Z";"2026-03-06T09:15:00.000Z";3705.13
"2026-03-06T09:15:00.000Z";"2026-03-06T09:30:00.000Z";3599.49
"2026-03-06T09:30:00.000Z";"2026-03-06T09:45:00.000Z";3468.59
"2026-03-06T09:45:00.000Z";"2026-03-06T10:00:00.000Z";3327.79
"2026-03-06T10:00:00.000Z";"2026-03-06T10:15:00.000Z";3190.67
"2026-03-06T10:15:00.000Z";"2026-03-06T10:30:00.000Z";3025.46
"2026-03-06T10:30:00.000Z";"2026-03-06T10:45:00.000Z";2877.13
"2026-03-06T10:45:00.000Z";"2026-03-06T11:00:00.000Z";2808.54
"2026-03-06T11:00:00.000Z";"2026-03-06T11:15:00.000Z";2768.27
"2026-03-06T11:15:00.000Z";"2026-03-06T11:30:00.000Z";2690.94
"2026-03-06T11:30:00.000Z";"2026-03-06T11:45:00.000Z";2636.74
"2026-03-06T11:45:00.000Z";"2026-03-06T12:00:00.000Z";2658.7
"2026-03-06T12:00:00.000Z";"2026-03-06T12:15:00.000Z";2678.62
"2026-03-06T12:15:00.000Z";"2026-03-06T12:30:00.000Z";2625.95
"2026-03-06T12:30:00.000Z";"2026-03-06T12:45:00.000Z";2566.11
"2026-03-06T12:45:00.000Z";"2026-03-06T13:00:00.000Z";2567.58
"2026-03-06T13:00:00.000Z";"2026-03-06T13:15:00.000Z";2643.16
"2026-03-06T13:15:00.000Z";"2026-03-06T13:30:00.000Z";2752.61
"2026-03-06T13:30:00.000Z";"2026-03-06T13:45:00.000Z";2846.07
"2026-03-06T13:45:00.000Z";"2026-03-06T14:00:00.000Z";2916.95
"2026-03-06T14:00:00.000Z";"2026-03-06T14:15:00.000Z";2968.83
"2026-03-06T14:15:00.000Z";"2026-03-06T14:30:00.000Z";3029.64
"2026-03-06T14:30:00.000Z";"2026-03-06T14:45:00.000Z";3144.39
"2026-03-06T14:45:00.000Z";"2026-03-06T15:00:00.000Z";3350.11
"2026-03-06T15:00:00.000Z";"2026-03-06T15:15:00.000Z";3540.4
"2026-03-06T15:15:00.000Z";"2026-03-06T15:30:00.000Z";3565.78
"2026-03-06T15:30:00.000Z";"2026-03-06T15:45:00.000Z";3512.21
"2026-03-06T15:45:00.000Z";"2026-03-06T16:00:00.000Z";3520.83
"2026-03-06T16:00:00.000Z";"2026-03-06T16:15:00.000Z";3604.77
"2026-03-06T16:15:00.000Z";"2026-03-06T16:30:00.000Z";3706.89
"2026-03-06T16:30:00.000Z";"2026-03-06T16:45:00.000Z";3879.34
"2026-03-06T16:45:00.000Z";"2026-03-06T17:00:00.000Z";4152.31
"2026-03-06T17:00:00.000Z";"2026-03-06T17:15:00.000Z";4437.56
"2026-03-06T17:15:00.000Z";"2026-03-06T17:30:00.000Z";4635.83
"2026-03-06T17:30:00.000Z";"2026-03-06T17:45:00.000Z";4802.72
"2026-03-06T17:45:00.000Z";"2026-03-06T18:00:00.000Z";4967.58
"2026-03-06T18:00:00.000Z";"2026-03-06T18:15:00.000Z";5140.56
"2026-03-06T18:15:00.000Z";"2026-03-06T18:30:00.000Z";5313.12
"2026-03-06T18:30:00.000Z";"2026-03-06T18:45:00.000Z";5462.24
"2026-03-06T18:45:00.000Z";"2026-03-06T19:00:00.000Z";5651.5
"2026-03-06T19:00:00.000Z";"2026-03-06T19:15:00.000Z";5829.9
"2026-03-06T19:15:00.000Z";"2026-03-06T19:30:00.000Z";5940.44
"2026-03-06T19:30:00.000Z";"2026-03-06T19:45:00.000Z";6085.56
"2026-03-06T19:45:00.000Z";"2026-03-06T20:00:00.000Z";6157.46
"2026-03-06T20:00:00.000Z";"2026-03-06T20:15:00.000Z";6160.86
"2026-03-06T20:15:00.000Z";"2026-03-06T20:30:00.000Z";6174.34
"2026-03-06T20:30:00.000Z";"2026-03-06T20:45:00.000Z";6224.17
"2026-03-06T20:45:00.000Z";"2026-03-06T21:00:00.000Z";6237.82
"2026-03-06T21:00:00.000Z";"2026-03-06T21:15:00.000Z";6177.33
"2026-03-06T21:15:00.000Z";"2026-03-06T21:30:00.000Z";6105.55
"2026-03-06T21:30:00.000Z";"2026-03-06T21:45:00.000Z";6018.31
"2026-03-06T21:45:00.000Z";"2026-03-06T22:00:00.000Z";5909.22
"2026-03-06T22:00:00.000Z";"2026-03-06T22:15:00.000Z";5760.78
"2026-03-06T22:15:00.000Z";"2026-03-06T22:30:00.000Z";5648.03
"2026-03-06T22:30:00.000Z";"2026-03-06T22:45:00.000Z";5611.86
"2026-03-06T22:45:00.000Z";"2026-03-06T23:00:00.000Z";5645.7
"2026-03-06T23:00:00.000Z";"2026-03-06T23:15:00.000Z";5666.19
"2026-03-06T23:15:00.000Z";"2026-03-06T23:30:00.000Z";5525.97
"2026-03-06T23:30:00.000Z";"2026-03-06T23:45:00.000Z";5328.4
"2026-03-06T23:45:00.000Z";"2026-03-07T00:00:00.000Z";5190.31
"2026-03-07T00:00:00.000Z";"2026-03-07T00:15:00.000Z";5116.35
"2026-03-07T00:15:00.000Z";"2026-03-07T00:30:00.000Z";5038.97
"2026-03-07T00:30:00.000Z";"2026-03-07T00:45:00.000Z";4966.52
"2026-03-07T00:45:00.000Z";"2026-03-07T01:00:00.000Z";4921.05
"2026-03-07T01:00:00.000Z";"2026-03-07T01:15:00.000Z";4869.38
"2026-03-07T01:15:00.000Z";"2026-03-07T01:30:00.000Z";4876.19
"2026-03-07T01:30:00.000Z";"2026-03-07T01:45:00.000Z";4900.26
"2026-03-07T01:45:00.000Z";"2026-03-07T02:00:00.000Z";4864.95
"2026-03-07T02:00:00.000Z";"2026-03-07T02:15:00.000Z";4755.48
"2026-03-07T02:15:00.000Z";"2026-03-07T02:30:00.000Z";4642.44
"2026-03-07T02:30:00.000Z";"2026-03-07T02:45:00.000Z";4507.74
"2026-03-07T02:45:00.000Z";"2026-03-07T03:00:00.000Z";4416.08
"2026-03-07T03:00:00.000Z";"2026-03-07T03:15:00.000Z";4369.87
"2026-03-07T03:15:00.000Z";"2026-03-07T03:30:00.000Z";4280.12
"2026-03-07T03:30:00.000Z";"2026-03-07T03:45:00.000Z";4127.28
"2026-03-07T03:45:00.000Z";"2026-03-07T04:00:00.000Z";3884.95
"2026-03-07T04:00:00.000Z";"2026-03-07T04:15:00.000Z";3725.03
"2026-03-07T04:15:00.000Z";"2026-03-07T04:30:00.000Z";3694.8
"2026-03-07T04:30:00.000Z";"2026-03-07T04:45:00.000Z";3692.66
"2026-03-07T04:45:00.000Z";"2026-03-07T05:00:00.000Z";3700.45
"2026-03-07T05:00:00.000Z";"2026-03-07T05:15:00.000Z";3635.69
"2026-03-07T05:15:00.000Z";"2026-03-07T05:30:00.000Z";3537.82
"2026-03-07T05:30:00.000Z";"2026-03-07T05:45:00.000Z";3470.17
"2026-03-07T05:45:00.000Z";"2026-03-07T06:00:00.000Z";3495.99
"2026-03-07T06:00:00.000Z";"2026-03-07T06:15:00.000Z";3484.64
"2026-03-07T06:15:00.000Z";"2026-03-07T06:30:00.000Z";3430.47
"2026-03-07T06:30:00.000Z";"2026-03-07T06:45:00.000Z";3320.51
"2026-03-07T06:45:00.000Z";"2026-03-07T07:00:00.000Z";3204.72
"2026-03-07T07:00:00.000Z";"2026-03-07T07:15:00.000Z";3116.27
"2026-03-07T07:15:00.000Z";"2026-03-07T07:30:00.000Z";2960.37
"2026-03-07T07:30:00.000Z";"2026-03-07T07:45:00.000Z";2850.44
"2026-03-07T07:45:00.000Z";"2026-03-07T08:00:00.000Z";2786.3
"2026-03-07T08:00:00.000Z";"2026-03-07T08:15:00.000Z";2735.53
"2026-03-07T08:15:00.000Z";"2026-03-07T08:30:00.000Z";2731.99
"2026-03-07T08:30:00.000Z";"2026-03-07T08:45:00.000Z";2599.36
"2026-03-07T08:45:00.000Z";"2026-03-07T09:00:00.000Z";2392.2
"2026-03-07T09:00:00.000Z";"2026-03-07T09:15:00.000Z";2303.38
"2026-03-07T09:15:00.000Z";"2026-03-07T09:30:00.000Z";2203.07
"2026-03-07T09:30:00.000Z";"2026-03-07T09:45:00.000Z";2108.99
"2026-03-07T09:45:00.000Z";"2026-03-07T10:00:00.000Z";2054.83
"2026-03-07T10:00:00.000Z";"2026-03-07T10:15:00.000Z";2087.66
"2026-03-07T10:15:00.000Z";"2026-03-07T10:30:00.000Z";2148.81
"2026-03-07T10:30:00.000Z";"2026-03-07T10:45:00.000Z";2233.19
"2026-03-07T10:45:00.000Z";"2026-03-07T11:00:00.000Z";2295.32
"2026-03-07T11:00:00.000Z";"2026-03-07T11:15:00.000Z";2323.35
"2026-03-07T11:15:00.000Z";"2026-03-07T11:30:00.000Z";2451.42
"2026-03-07T11:30:00.000Z";"2026-03-07T11:45:00.000Z";2560.22
"2026-03-07T11:45:00.000Z";"2026-03-07T12:00:00.000Z";2649.62
"2026-03-07T12:00:00.000Z";"2026-03-07T12:15:00.000Z";2808.07
"2026-03-07T12:15:00.000Z";"2026-03-07T12:30:00.000Z";3008.81
"2026-03-07T12:30:00.000Z";"2026-03-07T12:45:00.000Z";3106.14
"2026-03-07T12:45:00.000Z";"2026-03-07T13:00:00.000Z";3122.6
"2026-03-07T13:00:00.000Z";"2026-03-07T13:15:00.000Z";3273.3
"2026-03-07T13:15:00.000Z";"2026-03-07T13:30:00.000Z";3474.78
"2026-03-07T13:30:00.000Z";"2026-03-07T13:45:00.000Z";3582.89
"2026-03-07T13:45:00.000Z";"2026-03-07T14:00:00.000Z";3627.43
"2026-03-07T14:00:00.000Z";"2026-03-07T14:15:00.000Z";3596.44
"2026-03-07T14:15:00.000Z";"2026-03-07T14:30:00.000Z";3609.06
"2026-03-07T14:30:00.000Z";"2026-03-07T14:45:00.000Z";3619.65
"2026-03-07T14:45:00.000Z";"2026-03-07T15:00:00.000Z";3701.05
"2026-03-07T15:00:00.000Z";"2026-03-07T15:15:00.000Z";3867.3
"2026-03-07T15:15:00.000Z";"2026-03-07T15:30:00.000Z";3930.15
"2026-03-07T15:30:00.000Z";"2026-03-07T15:45:00.000Z";4015.52
"2026-03-07T15:45:00.000Z";"2026-03-07T16:00:00.000Z";4165.57
"2026-03-07T16:00:00.000Z";"2026-03-07T16:15:00.000Z";4446.29
"2026-03-07T16:15:00.000Z";"2026-03-07T16:30:00.000Z";4541.05
"2026-03-07T16:30:00.000Z";"2026-03-07T16:45:00.000Z";4723.45
"2026-03-07T16:45:00.000Z";"2026-03-07T17:00:00.000Z";4823.8
"2026-03-07T17:00:00.000Z";"2026-03-07T17:15:00.000Z";5037.8
"2026-03-07T17:15:00.000Z";"2026-03-07T17:30:00.000Z";5246.4
"2026-03-07T17:30:00.000Z";"2026-03-07T17:45:00.000Z";5362.86
"2026-03-07T17:45:00.000Z";"2026-03-07T18:00:00.000Z";5359.11
"2026-03-07T18:00:00.000Z";"2026-03-07T18:15:00.000Z";5592.77
"2026-03-07T18:15:00.000Z";"2026-03-07T18:30:00.000Z";5556.46
"2026-03-07T18:30:00.000Z";"2026-03-07T18:45:00.000Z";5649.44
"2026-03-07T18:45:00.000Z";"2026-03-07T19:00:00.000Z";5534.18
"2026-03-07T19:00:00.000Z";"2026-03-07T19:15:00.000Z";5524.57
"2026-03-07T19:15:00.000Z";"2026-03-07T19:30:00.000Z";5688.19
"2026-03-07T19:30:00.000Z";"2026-03-07T19:45:00.000Z";5649.6
"2026-03-07T19:45:00.000Z";"2026-03-07T20:00:00.000Z";5672.84
"2026-03-07T20:00:00.000Z";"2026-03-07T20:15:00.000Z";5550.72
"2026-03-07T20:15:00.000Z";"2026-03-07T20:30:00.000Z";5474.43
"2026-03-07T20:30:00.000Z";"2026-03-07T20:45:00.000Z";5665.31
"2026-03-07T20:45:00.000Z";"2026-03-07T21:00:00.000Z";5686.7
"2026-03-07T21:00:00.000Z";"2026-03-07T21:15:00.000Z";5693.12
"2026-03-07T21:15:00.000Z";"2026-03-07T21:30:00.000Z";5710.14
"2026-03-07T21:30:00.000Z";"2026-03-07T21:45:00.000Z";5653.14
"2026-03-07T21:45:00.000Z";"2026-03-07T22:00:00.000Z";5582.92
"2026-03-07T22:00:00.000Z";"2026-03-07T22:15:00.000Z";5564.69
"2026-03-07T22:15:00.000Z";"2026-03-07T22:30:00.000Z";5619.46
"2026-03-07T22:30:00.000Z";"2026-03-07T22:45:00.000Z";5530.55
"2026-03-07T22:45:00.000Z";"2026-03-07T23:00:00.000Z";5472.93
"2026-03-07T23:00:00.000Z";"2026-03-07T23:15:00.000Z";5764.7
"2026-03-07T23:15:00.000Z";"2026-03-07T23:30:00.000Z";5668.37
"2026-03-07T23:30:00.000Z";"2026-03-07T23:45:00.000Z";5725.3
"2026-03-07T23:45:00.000Z";"2026-03-08T00:00:00.000Z";5634.15
"2026-03-08T00:00:00.000Z";"2026-03-08T00:15:00.000Z";5597.27
"2026-03-08T00:15:00.000Z";"2026-03-08T00:30:00.000Z";5396.45
"2026-03-08T00:30:00.000Z";"2026-03-08T00:45:00.000Z";5378
"2026-03-08T00:45:00.000Z";"2026-03-08T01:00:00.000Z";5386.36
"2026-03-08T01:00:00.000Z";"2026-03-08T01:15:00.000Z";5306.63
"2026-03-08T01:15:00.000Z";"2026-03-08T01:30:00.000Z";5265.21
"2026-03-08T01:30:00.000Z";"2026-03-08T01:45:00.000Z";5138.39
"2026-03-08T01:45:00.000Z";"2026-03-08T02:00:00.000Z";5012.97
"2026-03-08T02:00:00.000Z";"2026-03-08T02:15:00.000Z";4984.38
"2026-03-08T02:15:00.000Z";"2026-03-08T02:30:00.000Z";4861.28
"2026-03-08T02:30:00.000Z";"2026-03-08T02:45:00.000Z";4772.81
"2026-03-08T02:45:00.000Z";"2026-03-08T03:00:00.000Z";4615.52
"2026-03-08T03:00:00.000Z";"2026-03-08T03:15:00.000Z";4496.59
"2026-03-08T03:15:00.000Z";"2026-03-08T03:30:00.000Z";4563.68
"2026-03-08T03:30:00.000Z";"2026-03-08T03:45:00.000Z";4728.11
"2026-03-08T03:45:00.000Z";"2026-03-08T04:00:00.000Z";4946.57
"2026-03-08T04:00:00.000Z";"2026-03-08T04:15:00.000Z";5156.05
"2026-03-08T04:15:00.000Z";"2026-03-08T04:30:00.000Z";5177.49
"2026-03-08T04:30:00.000Z";"2026-03-08T04:45:00.000Z";5090.92
"2026-03-08T04:45:00.000Z";"2026-03-08T05:00:00.000Z";4890.61
"2026-03-08T05:00:00.000Z";"2026-03-08T05:15:00.000Z";4797.51
"2026-03-08T05:15:00.000Z";"2026-03-08T05:30:00.000Z";4783.12
"2026-03-08T05:30:00.000Z";"2026-03-08T05:45:00.000Z";4839.17
"2026-03-08T05:45:00.000Z";"2026-03-08T06:00:00.000Z";4830.03
"2026-03-08T06:00:00.000Z";"2026-03-08T06:15:00.000Z";4658.91
"2026-03-08T06:15:00.000Z";"2026-03-08T06:30:00.000Z";4445.94
"2026-03-08T06:30:00.000Z";"2026-03-08T06:45:00.000Z";4313.23
"2026-03-08T06:45:00.000Z";"2026-03-08T07:00:00.000Z";4249.54
"2026-03-08T07:00:00.000Z";"2026-03-08T07:15:00.000Z";4208.86
"2026-03-08T07:15:00.000Z";"2026-03-08T07:30:00.000Z";4067.22
"2026-03-08T07:30:00.000Z";"2026-03-08T07:45:00.000Z";3918.67
"2026-03-08T07:45:00.000Z";"2026-03-08T08:00:00.000Z";3706.1
"2026-03-08T08:00:00.000Z";"2026-03-08T08:15:00.000Z";3515.51
"2026-03-08T08:15:00.000Z";"2026-03-08T08:30:00.000Z";3312.22
"2026-03-08T08:30:00.000Z";"2026-03-08T08:45:00.000Z";3106.64
"2026-03-08T08:45:00.000Z";"2026-03-08T09:00:00.000Z";2914
"2026-03-08T09:00:00.000Z";"2026-03-08T09:15:00.000Z";2698.59
"2026-03-08T09:15:00.000Z";"2026-03-08T09:30:00.000Z";2559.74
"2026-03-08T09:30:00.000Z";"2026-03-08T09:45:00.000Z";2431.76
"2026-03-08T09:45:00.000Z";"2026-03-08T10:00:00.000Z";2348.56
"2026-03-08T10:00:00.000Z";"2026-03-08T10:15:00.000Z";2289.63
"2026-03-08T10:15:00.000Z";"2026-03-08T10:30:00.000Z";2230.28
"2026-03-08T10:30:00.000Z";"2026-03-08T10:45:00.000Z";2190.83
"2026-03-08T10:45:00.000Z";"2026-03-08T11:00:00.000Z";2140.09
"2026-03-08T11:00:00.000Z";"2026-03-08T11:15:00.000Z";2175.63
"2026-03-08T11:15:00.000Z";"2026-03-08T11:30:00.000Z";2169.8
"2026-03-08T11:30:00.000Z";"2026-03-08T11:45:00.000Z";2139.89
"2026-03-08T11:45:00.000Z";"2026-03-08T12:00:00.000Z";2119.07
"2026-03-08T12:00:00.000Z";"2026-03-08T12:15:00.000Z";2092.77
"2026-03-08T12:15:00.000Z";"2026-03-08T12:30:00.000Z";2052.01
"2026-03-08T12:30:00.000Z";"2026-03-08T12:45:00.000Z";2038
"2026-03-08T12:45:00.000Z";"2026-03-08T13:00:00.000Z";2099.81
"2026-03-08T13:00:00.000Z";"2026-03-08T13:15:00.000Z";2144.03
"2026-03-08T13:15:00.000Z";"2026-03-08T13:30:00.000Z";2182.55
"2026-03-08T13:30:00.000Z";"2026-03-08T13:45:00.000Z";2287.72
"2026-03-08T13:45:00.000Z";"2026-03-08T14:00:00.000Z";2425.73
"2026-03-08T14:00:00.000Z";"2026-03-08T14:15:00.000Z";2516.05
"2026-03-08T14:15:00.000Z";"2026-03-08T14:30:00.000Z";2571.5
"2026-03-08T14:30:00.000Z";"2026-03-08T14:45:00.000Z";2666.88
"2026-03-08T14:45:00.000Z";"2026-03-08T15:00:00.000Z";2755.76
"2026-03-08T15:00:00.000Z";"2026-03-08T15:15:00.000Z";2834.77
"2026-03-08T15:15:00.000Z";"2026-03-08T15:30:00.000Z";2925.78
"2026-03-08T15:30:00.000Z";"2026-03-08T15:45:00.000Z";3108.33
"2026-03-08T15:45:00.000Z";"2026-03-08T16:00:00.000Z";3318.45
"2026-03-08T16:00:00.000Z";"2026-03-08T16:15:00.000Z";3532.04
"2026-03-08T16:15:00.000Z";"2026-03-08T16:30:00.000Z";3712.01
"2026-03-08T16:30:00.000Z";"2026-03-08T16:45:00.000Z";3882.23
"2026-03-08T16:45:00.000Z";"2026-03-08T17:00:00.000Z";4140.3
"2026-03-08T17:00:00.000Z";"2026-03-08T17:15:00.000Z";4179.24
"2026-03-08T17:15:00.000Z";"2026-03-08T17:30:00.000Z";4207.84
"2026-03-08T17:30:00.000Z";"2026-03-08T17:45:00.000Z";4238.33
"2026-03-08T17:45:00.000Z";"2026-03-08T18:00:00.000Z";4144.63
"2026-03-08T18:00:00.000Z";"2026-03-08T18:15:00.000Z";4150.43
"2026-03-08T18:15:00.000Z";"2026-03-08T18:30:00.000Z";4140.83
"2026-03-08T18:30:00.000Z";"2026-03-08T18:45:00.000Z";4100.4
"2026-03-08T18:45:00.000Z";"2026-03-08T19:00:00.000Z";4036.74
"2026-03-08T19:00:00.000Z";"2026-03-08T19:15:00.000Z";3952.48
"2026-03-08T19:15:00.000Z";"2026-03-08T19:30:00.000Z";3856.17
"2026-03-08T19:30:00.000Z";"2026-03-08T19:45:00.000Z";3841.02
"2026-03-08T19:45:00.000Z";"2026-03-08T20:00:00.000Z";3947.61
"2026-03-08T20:00:00.000Z";"2026-03-08T20:15:00.000Z";3973.28
"2026-03-08T20:15:00.000Z";"2026-03-08T20:30:00.000Z";3978.09
"2026-03-08T20:30:00.000Z";"2026-03-08T20:45:00.000Z";3973.8
"2026-03-08T20:45:00.000Z";"2026-03-08T21:00:00.000Z";3941.34
"2026-03-08T21:00:00.000Z";"2026-03-08T21:15:00.000Z";3935.27
"2026-03-08T21:15:00.000Z";"2026-03-08T21:30:00.000Z";3842.27
"2026-03-08T21:30:00.000Z";"2026-03-08T21:45:00.000Z";3635.07
"2026-03-08T21:45:00.000Z";"2026-03-08T22:00:00.000Z";3540.87
"2026-03-08T22:00:00.000Z";"2026-03-08T22:15:00.000Z";3584.48
"2026-03-08T22:15:00.000Z";"2026-03-08T22:30:00.000Z";3335.14
"2026-03-08T22:30:00.000Z";"2026-03-08T22:45:00.000Z";3184.41
"2026-03-08T22:45:00.000Z";"2026-03-08T23:00:00.000Z";3056.3
"2026-03-08T23:00:00.000Z";"2026-03-08T23:15:00.000Z";3182.21
"2026-03-08T23:15:00.000Z";"2026-03-08T23:30:00.000Z";3085.01
"2026-03-08T23:30:00.000Z";"2026-03-08T23:45:00.000Z";2929.79
"2026-03-08T23:45:00.000Z";"2026-03-09T00:00:00.000Z";2713.04
"2026-03-09T00:00:00.000Z";"2026-03-09T00:15:00.000Z";2503.67
"2026-03-09T00:15:00.000Z";"2026-03-09T00:30:00.000Z";2379.24
"2026-03-09T00:30:00.000Z";"2026-03-09T00:45:00.000Z";2315.86
"2026-03-09T00:45:00.000Z";"2026-03-09T01:00:00.000Z";2205.64
"2026-03-09T01:00:00.000Z";"2026-03-09T01:15:00.000Z";2091.57
"2026-03-09T01:15:00.000Z";"2026-03-09T01:30:00.000Z";2216.6
"2026-03-09T01:30:00.000Z";"2026-03-09T01:45:00.000Z";2117.84
"2026-03-09T01:45:00.000Z";"2026-03-09T02:00:00.000Z";2205.85
"2026-03-09T02:00:00.000Z";"2026-03-09T02:15:00.000Z";2253.7
"2026-03-09T02:15:00.000Z";"2026-03-09T02:30:00.000Z";2170.61
"2026-03-09T02:30:00.000Z";"2026-03-09T02:45:00.000Z";2195.92
"2026-03-09T02:45:00.000Z";"2026-03-09T03:00:00.000Z";2231.82
"2026-03-09T03:00:00.000Z";"2026-03-09T03:15:00.000Z";1983.15
"2026-03-09T03:15:00.000Z";"2026-03-09T03:30:00.000Z";1967.36
"2026-03-09T03:30:00.000Z";"2026-03-09T03:45:00.000Z";1917.27
"2026-03-09T03:45:00.000Z";"2026-03-09T04:00:00.000Z";1773.43
"2026-03-09T04:00:00.000Z";"2026-03-09T04:15:00.000Z";1739.24
"2026-03-09T04:15:00.000Z";"2026-03-09T04:30:00.000Z";1765.83
"2026-03-09T04:30:00.000Z";"2026-03-09T04:45:00.000Z";1943.46
"2026-03-09T04:45:00.000Z";"2026-03-09T05:00:00.000Z";1907.64
"2026-03-09T05:00:00.000Z";"2026-03-09T05:15:00.000Z";1924.39
"2026-03-09T05:15:00.000Z";"2026-03-09T05:30:00.000Z";2039.49
"2026-03-09T05:30:00.000Z";"2026-03-09T05:45:00.000Z";1927.58
"2026-03-09T05:45:00.000Z";"2026-03-09T06:00:00.000Z";1854.01
"2026-03-09T06:00:00.000Z";"2026-03-09T06:15:00.000Z";1761.52
"2026-03-09T06:15:00.000Z";"2026-03-09T06:30:00.000Z";1683.82
"2026-03-09T06:30:00.000Z";"2026-03-09T06:45:00.000Z";1625.45
"2026-03-09T06:45:00.000Z";"2026-03-09T07:00:00.000Z";1524.05
"2026-03-09T07:00:00.000Z";"2026-03-09T07:15:00.000Z";1398.9
"2026-03-09T07:15:00.000Z";"2026-03-09T07:30:00.000Z";1294.45
"2026-03-09T07:30:00.000Z";"2026-03-09T07:45:00.000Z";1192.09
"2026-03-09T07:45:00.000Z";"2026-03-09T08:00:00.000Z";1097.88
"2026-03-09T08:00:00.000Z";"2026-03-09T08:15:00.000Z";1029.65
"2026-03-09T08:15:00.000Z";"2026-03-09T08:30:00.000Z";938.202
"2026-03-09T08:30:00.000Z";"2026-03-09T08:45:00.000Z";819.699
"2026-03-09T08:45:00.000Z";"2026-03-09T09:00:00.000Z";722.519
"2026-03-09T09:00:00.000Z";"2026-03-09T09:15:00.000Z";655.371
"2026-03-09T09:15:00.000Z";"2026-03-09T09:30:00.000Z";630.298
"2026-03-09T09:30:00.000Z";"2026-03-09T09:45:00.000Z";629.64
"2026-03-09T09:45:00.000Z";"2026-03-09T10:00:00.000Z";600.723
"2026-03-09T10:00:00.000Z";"2026-03-09T10:15:00.000Z";545.779
"2026-03-09T10:15:00.000Z";"2026-03-09T10:30:00.000Z";504.392
"2026-03-09T10:30:00.000Z";"2026-03-09T10:45:00.000Z";488.67
"2026-03-09T10:45:00.000Z";"2026-03-09T11:00:00.000Z";460.903
"2026-03-09T11:00:00.000Z";"2026-03-09T11:15:00.000Z";432.856
"2026-03-09T11:15:00.000Z";"2026-03-09T11:30:00.000Z";444.298
"2026-03-09T11:30:00.000Z";"2026-03-09T11:45:00.000Z";456.615
"2026-03-09T11:45:00.000Z";"2026-03-09T12:00:00.000Z";449.768
"2026-03-09T12:00:00.000Z";"2026-03-09T12:15:00.000Z";472.664
"2026-03-09T12:15:00.000Z";"2026-03-09T12:30:00.000Z";476.074
"2026-03-09T12:30:00.000Z";"2026-03-09T12:45:00.000Z";472.222
"2026-03-09T12:45:00.000Z";"2026-03-09T13:00:00.000Z";483.718
"2026-03-09T13:00:00.000Z";"2026-03-09T13:15:00.000Z";511.792
"2026-03-09T13:15:00.000Z";"2026-03-09T13:30:00.000Z";534.186
"2026-03-09T13:30:00.000Z";"2026-03-09T13:45:00.000Z";559.911
"2026-03-09T13:45:00.000Z";"2026-03-09T14:00:00.000Z";588.911
"2026-03-09T14:00:00.000Z";"2026-03-09T14:15:00.000Z";605.385
"2026-03-09T14:15:00.000Z";"2026-03-09T14:30:00.000Z";637.401
"2026-03-09T14:30:00.000Z";"2026-03-09T14:45:00.000Z";707.968
"2026-03-09T14:45:00.000Z";"2026-03-09T15:00:00.000Z";795.943
"2026-03-09T15:00:00.000Z";"2026-03-09T15:15:00.000Z";889.236
"2026-03-09T15:15:00.000Z";"2026-03-09T15:30:00.000Z";986.386
"2026-03-09T15:30:00.000Z";"2026-03-09T15:45:00.000Z";1074.81
"2026-03-09T15:45:00.000Z";"2026-03-09T16:00:00.000Z";1134.33
"2026-03-09T16:00:00.000Z";"2026-03-09T16:15:00.000Z";1190.59
"2026-03-09T16:15:00.000Z";"2026-03-09T16:30:00.000Z";1279.64
"2026-03-09T16:30:00.000Z";"2026-03-09T16:45:00.000Z";1389.14
"2026-03-09T16:45:00.000Z";"2026-03-09T17:00:00.000Z";1485.02
"2026-03-09T17:00:00.000Z";"2026-03-09T17:15:00.000Z";1626.73
"2026-03-09T17:15:00.000Z";"2026-03-09T17:30:00.000Z";1780.57
"2026-03-09T17:30:00.000Z";"2026-03-09T17:45:00.000Z";1922.57
"2026-03-09T17:45:00.000Z";"2026-03-09T18:00:00.000Z";2107.26
"2026-03-09T18:00:00.000Z";"2026-03-09T18:15:00.000Z";2228.18
"2026-03-09T18:15:00.000Z";"2026-03-09T18:30:00.000Z";2284.63
"2026-03-09T18:30:00.000Z";"2026-03-09T18:45:00.000Z";2409.03
"2026-03-09T18:45:00.000Z";"2026-03-09T19:00:00.000Z";2652.85
"2026-03-09T19:00:00.000Z";"2026-03-09T19:15:00.000Z";2932.05
"2026-03-09T19:15:00.000Z";"2026-03-09T19:30:00.000Z";3061.69
"2026-03-09T19:30:00.000Z";"2026-03-09T19:45:00.000Z";3125.52
"2026-03-09T19:45:00.000Z";"2026-03-09T20:00:00.000Z";3161.26
"2026-03-09T20:00:00.000Z";"2026-03-09T20:15:00.000Z";3215.76
"2026-03-09T20:15:00.000Z";"2026-03-09T20:30:00.000Z";3334.86
"2026-03-09T20:30:00.000Z";"2026-03-09T20:45:00.000Z";3429.91
"2026-03-09T20:45:00.000Z";"2026-03-09T21:00:00.000Z";3509.62
"2026-03-09T21:00:00.000Z";"2026-03-09T21:15:00.000Z";3639.11
"2026-03-09T21:15:00.000Z";"2026-03-09T21:30:00.000Z";3733.53
"2026-03-09T21:30:00.000Z";"2026-03-09T21:45:00.000Z";3746.4
"2026-03-09T21:45:00.000Z";"2026-03-09T22:00:00.000Z";3844.88
"2026-03-09T22:00:00.000Z";"2026-03-09T22:15:00.000Z";3960.08
"2026-03-09T22:15:00.000Z";"2026-03-09T22:30:00.000Z";3990
"2026-03-09T22:30:00.000Z";"2026-03-09T22:45:00.000Z";4008.97
"2026-03-09T22:45:00.000Z";"2026-03-09T23:00:00.000Z";4204.92
"2026-03-09T23:00:00.000Z";"2026-03-09T23:15:00.000Z";4416.65
"2026-03-09T23:15:00.000Z";"2026-03-09T23:30:00.000Z";4484.83
"2026-03-09T23:30:00.000Z";"2026-03-09T23:45:00.000Z";4439.63
"2026-03-09T23:45:00.000Z";"2026-03-10T00:00:00.000Z";4441.68
"2026-03-10T00:00:00.000Z";"2026-03-10T00:15:00.000Z";4709.68
"2026-03-10T00:15:00.000Z";"2026-03-10T00:30:00.000Z";4914.82
"2026-03-10T00:30:00.000Z";"2026-03-10T00:45:00.000Z";4940.65
"2026-03-10T00:45:00.000Z";"2026-03-10T01:00:00.000Z";4932.21
"2026-03-10T01:00:00.000Z";"2026-03-10T01:15:00.000Z";4900.04
"2026-03-10T01:15:00.000Z";"2026-03-10T01:30:00.000Z";4902.67
"2026-03-10T01:30:00.000Z";"2026-03-10T01:45:00.000Z";4952.19
"2026-03-10T01:45:00.000Z";"2026-03-10T02:00:00.000Z";4984.35
"2026-03-10T02:00:00.000Z";"2026-03-10T02:15:00.000Z";5030.52
"2026-03-10T02:15:00.000Z";"2026-03-10T02:30:00.000Z";5103.59
"2026-03-10T02:30:00.000Z";"2026-03-10T02:45:00.000Z";5106.12
"2026-03-10T02:45:00.000Z";"2026-03-10T03:00:00.000Z";5003.56
"2026-03-10T03:00:00.000Z";"2026-03-10T03:15:00.000Z";4877.37
"2026-03-10T03:15:00.000Z";"2026-03-10T03:30:00.000Z";4725.38
"2026-03-10T03:30:00.000Z";"2026-03-10T03:45:00.000Z";4594.72
"2026-03-10T03:45:00.000Z";"2026-03-10T04:00:00.000Z";4594.65
"2026-03-10T04:00:00.000Z";"2026-03-10T04:15:00.000Z";4605.52
"2026-03-10T04:15:00.000Z";"2026-03-10T04:30:00.000Z";4517.11
"2026-03-10T04:30:00.000Z";"2026-03-10T04:45:00.000Z";4468.14
"2026-03-10T04:45:00.000Z";"2026-03-10T05:00:00.000Z";4423.34
"2026-03-10T05:00:00.000Z";"2026-03-10T05:15:00.000Z";4310
"2026-03-10T05:15:00.000Z";"2026-03-10T05:30:00.000Z";4264.9
"2026-03-10T05:30:00.000Z";"2026-03-10T05:45:00.000Z";4298.93
"2026-03-10T05:45:00.000Z";"2026-03-10T06:00:00.000Z";4258.85
"2026-03-10T06:00:00.000Z";"2026-03-10T06:15:00.000Z";4101.08
"2026-03-10T06:15:00.000Z";"2026-03-10T06:30:00.000Z";3894.23
"2026-03-10T06:30:00.000Z";"2026-03-10T06:45:00.000Z";3783.01
"2026-03-10T06:45:00.000Z";"2026-03-10T07:00:00.000Z";3646.77
"2026-03-10T07:00:00.000Z";"2026-03-10T07:15:00.000Z";3423.28
"2026-03-10T07:15:00.000Z";"2026-03-10T07:30:00.000Z";3163.56
"2026-03-10T07:30:00.000Z";"2026-03-10T07:45:00.000Z";2889.83
"2026-03-10T07:45:00.000Z";"2026-03-10T08:00:00.000Z";2620.89
"2026-03-10T08:00:00.000Z";"2026-03-10T08:15:00.000Z";2342.7
"2026-03-10T08:15:00.000Z";"2026-03-10T08:30:00.000Z";2098.96
"2026-03-10T08:30:00.000Z";"2026-03-10T08:45:00.000Z";1925.93
"2026-03-10T08:45:00.000Z";"2026-03-10T09:00:00.000Z";1798.43
"2026-03-10T09:00:00.000Z";"2026-03-10T09:15:00.000Z";1664.82
"2026-03-10T09:15:00.000Z";"2026-03-10T09:30:00.000Z";1585.65
"2026-03-10T09:30:00.000Z";"2026-03-10T09:45:00.000Z";1597.06
"2026-03-10T09:45:00.000Z";"2026-03-10T10:00:00.000Z";1663.57
"2026-03-10T10:00:00.000Z";"2026-03-10T10:15:00.000Z";1731.65
"2026-03-10T10:15:00.000Z";"2026-03-10T10:30:00.000Z";1770.85
"2026-03-10T10:30:00.000Z";"2026-03-10T10:45:00.000Z";1793
"2026-03-10T10:45:00.000Z";"2026-03-10T11:00:00.000Z";1819.71
"2026-03-10T11:00:00.000Z";"2026-03-10T11:15:00.000Z";1920.95
"2026-03-10T11:15:00.000Z";"2026-03-10T11:30:00.000Z";2017.06
"2026-03-10T11:30:00.000Z";"2026-03-10T11:45:00.000Z";2053.59
"2026-03-10T11:45:00.000Z";"2026-03-10T12:00:00.000Z";2107.48
"2026-03-10T12:00:00.000Z";"2026-03-10T12:15:00.000Z";2169.76
"2026-03-10T12:15:00.000Z";"2026-03-10T12:30:00.000Z";2183.5
"2026-03-10T12:30:00.000Z";"2026-03-10T12:45:00.000Z";2178.92
"2026-03-10T12:45:00.000Z";"2026-03-10T13:00:00.000Z";2233.97
"2026-03-10T13:00:00.000Z";"2026-03-10T13:15:00.000Z";2369.9
"2026-03-10T13:15:00.000Z";"2026-03-10T13:30:00.000Z";2537.95
"2026-03-10T13:30:00.000Z";"2026-03-10T13:45:00.000Z";2696.56
"2026-03-10T13:45:00.000Z";"2026-03-10T14:00:00.000Z";2836.3
"2026-03-10T14:00:00.000Z";"2026-03-10T14:15:00.000Z";2970.53
"2026-03-10T14:15:00.000Z";"2026-03-10T14:30:00.000Z";3116.12
"2026-03-10T14:30:00.000Z";"2026-03-10T14:45:00.000Z";3342.89
"2026-03-10T14:45:00.000Z";"2026-03-10T15:00:00.000Z";3633.89
"2026-03-10T15:00:00.000Z";"2026-03-10T15:15:00.000Z";3907.79
"2026-03-10T15:15:00.000Z";"2026-03-10T15:30:00.000Z";4159.96
"2026-03-10T15:30:00.000Z";"2026-03-10T15:45:00.000Z";4479.05
"2026-03-10T15:45:00.000Z";"2026-03-10T16:00:00.000Z";4827.61
"2026-03-10T16:00:00.000Z";"2026-03-10T16:15:00.000Z";5107.94
"2026-03-10T16:15:00.000Z";"2026-03-10T16:30:00.000Z";5378.37
"2026-03-10T16:30:00.000Z";"2026-03-10T16:45:00.000Z";5552.09
"2026-03-10T16:45:00.000Z";"2026-03-10T17:00:00.000Z";5643.52
"2026-03-10T17:00:00.000Z";"2026-03-10T17:15:00.000Z";5721.72
"2026-03-10T17:15:00.000Z";"2026-03-10T17:30:00.000Z";5692.37
"2026-03-10T17:30:00.000Z";"2026-03-10T17:45:00.000Z";5645.33
"2026-03-10T17:45:00.000Z";"2026-03-10T18:00:00.000Z";5606.33
"2026-03-10T18:00:00.000Z";"2026-03-10T18:15:00.000Z";5520
"2026-03-10T18:15:00.000Z";"2026-03-10T18:30:00.000Z";5515.93
"2026-03-10T18:30:00.000Z";"2026-03-10T18:45:00.000Z";5440.48
"2026-03-10T18:45:00.000Z";"2026-03-10T19:00:00.000Z";5213.78
"2026-03-10T19:00:00.000Z";"2026-03-10T19:15:00.000Z";5069.86
"2026-03-10T19:15:00.000Z";"2026-03-10T19:30:00.000Z";4864.94
"2026-03-10T19:30:00.000Z";"2026-03-10T19:45:00.000Z";4526.9
"2026-03-10T19:45:00.000Z";"2026-03-10T20:00:00.000Z";4656
"2026-03-10T20:00:00.000Z";"2026-03-10T20:15:00.000Z";4949.11
"2026-03-10T20:15:00.000Z";"2026-03-10T20:30:00.000Z";5068.67
"2026-03-10T20:30:00.000Z";"2026-03-10T20:45:00.000Z";5053.71
"2026-03-10T20:45:00.000Z";"2026-03-10T21:00:00.000Z";5021.5
"2026-03-10T21:00:00.000Z";"2026-03-10T21:15:00.000Z";5060.75
"2026-03-10T21:15:00.000Z";"2026-03-10T21:30:00.000Z";4997.58
"2026-03-10T21:30:00.000Z";"2026-03-10T21:45:00.000Z";4943.43
"2026-03-10T21:45:00.000Z";"2026-03-10T22:00:00.000Z";4854.06
"2026-03-10T22:00:00.000Z";"2026-03-10T22:15:00.000Z";4760.39
"2026-03-10T22:15:00.000Z";"2026-03-10T22:30:00.000Z";4724.34
"2026-03-10T22:30:00.000Z";"2026-03-10T22:45:00.000Z";4586.99
"2026-03-10T22:45:00.000Z";"2026-03-10T23:00:00.000Z";4421.27
"2026-03-10T23:00:00.000Z";"2026-03-10T23:15:00.000Z";4434.39
"2026-03-10T23:15:00.000Z";"2026-03-10T23:30:00.000Z";4462.61
"2026-03-10T23:30:00.000Z";"2026-03-10T23:45:00.000Z";4535.53
"2026-03-10T23:45:00.000Z";"2026-03-11T00:00:00.000Z";4548.95
"2026-03-11T00:00:00.000Z";"2026-03-11T00:15:00.000Z";4503.46
"2026-03-11T00:15:00.000Z";"2026-03-11T00:30:00.000Z";4471.61
"2026-03-11T00:30:00.000Z";"2026-03-11T00:45:00.000Z";4450.54
"2026-03-11T00:45:00.000Z";"2026-03-11T01:00:00.000Z";4388.27
"2026-03-11T01:00:00.000Z";"2026-03-11T01:15:00.000Z";4309.41
"2026-03-11T01:15:00.000Z";"2026-03-11T01:30:00.000Z";4300.41
"2026-03-11T01:30:00.000Z";"2026-03-11T01:45:00.000Z";4261.19
"2026-03-11T01:45:00.000Z";"2026-03-11T02:00:00.000Z";4197.67
"2026-03-11T02:00:00.000Z";"2026-03-11T02:15:00.000Z";4159.05
"2026-03-11T02:15:00.000Z";"2026-03-11T02:30:00.000Z";4177.37
"2026-03-11T02:30:00.000Z";"2026-03-11T02:45:00.000Z";4088.38
"2026-03-11T02:45:00.000Z";"2026-03-11T03:00:00.000Z";3962.89
"2026-03-11T03:00:00.000Z";"2026-03-11T03:15:00.000Z";3940.35
"2026-03-11T03:15:00.000Z";"2026-03-11T03:30:00.000Z";3947.69
"2026-03-11T03:30:00.000Z";"2026-03-11T03:45:00.000Z";3958.03
"2026-03-11T03:45:00.000Z";"2026-03-11T04:00:00.000Z";3974.8
"2026-03-11T04:00:00.000Z";"2026-03-11T04:15:00.000Z";3962.22
"2026-03-11T04:15:00.000Z";"2026-03-11T04:30:00.000Z";3873.88
"2026-03-11T04:30:00.000Z";"2026-03-11T04:45:00.000Z";3820.17
"2026-03-11T04:45:00.000Z";"2026-03-11T05:00:00.000Z";3779.96
"2026-03-11T05:00:00.000Z";"2026-03-11T05:15:00.000Z";3678.65
"2026-03-11T05:15:00.000Z";"2026-03-11T05:30:00.000Z";3599.52
"2026-03-11T05:30:00.000Z";"2026-03-11T05:45:00.000Z";3526.46
"2026-03-11T05:45:00.000Z";"2026-03-11T06:00:00.000Z";3395.6
"2026-03-11T06:00:00.000Z";"2026-03-11T06:15:00.000Z";3230.92
"2026-03-11T06:15:00.000Z";"2026-03-11T06:30:00.000Z";3057.49
"2026-03-11T06:30:00.000Z";"2026-03-11T06:45:00.000Z";2921.21
"2026-03-11T06:45:00.000Z";"2026-03-11T07:00:00.000Z";2764.01
"2026-03-11T07:00:00.000Z";"2026-03-11T07:15:00.000Z";2543.74
"2026-03-11T07:15:00.000Z";"2026-03-11T07:30:00.000Z";2303.63
"2026-03-11T07:30:00.000Z";"2026-03-11T07:45:00.000Z";2101.75
"2026-03-11T07:45:00.000Z";"2026-03-11T08:00:00.000Z";1937.82
"2026-03-11T08:00:00.000Z";"2026-03-11T08:15:00.000Z";1828.25
"2026-03-11T08:15:00.000Z";"2026-03-11T08:30:00.000Z";1738.31
"2026-03-11T08:30:00.000Z";"2026-03-11T08:45:00.000Z";1669.31
"2026-03-11T08:45:00.000Z";"2026-03-11T09:00:00.000Z";1641.81
"2026-03-11T09:00:00.000Z";"2026-03-11T09:15:00.000Z";1632.4
"2026-03-11T09:15:00.000Z";"2026-03-11T09:30:00.000Z";1655.32
"2026-03-11T09:30:00.000Z";"2026-03-11T09:45:00.000Z";1710.71
"2026-03-11T09:45:00.000Z";"2026-03-11T10:00:00.000Z";1720.89
"2026-03-11T10:00:00.000Z";"2026-03-11T10:15:00.000Z";1706.53
"2026-03-11T10:15:00.000Z";"2026-03-11T10:30:00.000Z";1739.31
"2026-03-11T10:30:00.000Z";"2026-03-11T10:45:00.000Z";1807.71
"2026-03-11T10:45:00.000Z";"2026-03-11T11:00:00.000Z";1906.04
"2026-03-11T11:00:00.000Z";"2026-03-11T11:15:00.000Z";2003.06
"2026-03-11T11:15:00.000Z";"2026-03-11T11:30:00.000Z";2038.84
"2026-03-11T11:30:00.000Z";"2026-03-11T11:45:00.000Z";2063.79
"2026-03-11T11:45:00.000Z";"2026-03-11T12:00:00.000Z";2045.04
"2026-03-11T12:00:00.000Z";"2026-03-11T12:15:00.000Z";2025.84
"2026-03-11T12:15:00.000Z";"2026-03-11T12:30:00.000Z";2055.49
"2026-03-11T12:30:00.000Z";"2026-03-11T12:45:00.000Z";2067.36
"2026-03-11T12:45:00.000Z";"2026-03-11T13:00:00.000Z";2127.68
"2026-03-11T13:00:00.000Z";"2026-03-11T13:15:00.000Z";2191.7
"2026-03-11T13:15:00.000Z";"2026-03-11T13:30:00.000Z";2223.86
"2026-03-11T13:30:00.000Z";"2026-03-11T13:45:00.000Z";2358.71
"2026-03-11T13:45:00.000Z";"2026-03-11T14:00:00.000Z";2524.54
"2026-03-11T14:00:00.000Z";"2026-03-11T14:15:00.000Z";2639.78
"2026-03-11T14:15:00.000Z";"2026-03-11T14:30:00.000Z";2778.36
"2026-03-11T14:30:00.000Z";"2026-03-11T14:45:00.000Z";2849.6
"2026-03-11T14:45:00.000Z";"2026-03-11T15:00:00.000Z";2916.34
"2026-03-11T15:00:00.000Z";"2026-03-11T15:15:00.000Z";3037.1
"2026-03-11T15:15:00.000Z";"2026-03-11T15:30:00.000Z";3095.98
"2026-03-11T15:30:00.000Z";"2026-03-11T15:45:00.000Z";3072.7
"2026-03-11T15:45:00.000Z";"2026-03-11T16:00:00.000Z";3148.09
"2026-03-11T16:00:00.000Z";"2026-03-11T16:15:00.000Z";3337.87
"2026-03-11T16:15:00.000Z";"2026-03-11T16:30:00.000Z";3536.51
"2026-03-11T16:30:00.000Z";"2026-03-11T16:45:00.000Z";3767.71
"2026-03-11T16:45:00.000Z";"2026-03-11T17:00:00.000Z";3933.61
"2026-03-11T17:00:00.000Z";"2026-03-11T17:15:00.000Z";3916.48
"2026-03-11T17:15:00.000Z";"2026-03-11T17:30:00.000Z";3836.76
"2026-03-11T17:30:00.000Z";"2026-03-11T17:45:00.000Z";3942.04
"2026-03-11T17:45:00.000Z";"2026-03-11T18:00:00.000Z";4189.39
"2026-03-11T18:00:00.000Z";"2026-03-11T18:15:00.000Z";4393.12
"2026-03-11T18:15:00.000Z";"2026-03-11T18:30:00.000Z";4482.57
"2026-03-11T18:30:00.000Z";"2026-03-11T18:45:00.000Z";4516.56
"2026-03-11T18:45:00.000Z";"2026-03-11T19:00:00.000Z";4569.22
"2026-03-11T19:00:00.000Z";"2026-03-11T19:15:00.000Z";4619.54
"2026-03-11T19:15:00.000Z";"2026-03-11T19:30:00.000Z";4718.08
"2026-03-11T19:30:00.000Z";"2026-03-11T19:45:00.000Z";4789.32
"2026-03-11T19:45:00.000Z";"2026-03-11T20:00:00.000Z";4773.32
"2026-03-11T20:00:00.000Z";"2026-03-11T20:15:00.000Z";4583.68
"2026-03-11T20:15:00.000Z";"2026-03-11T20:30:00.000Z";4481.37
"2026-03-11T20:30:00.000Z";"2026-03-11T20:45:00.000Z";4462.44
"2026-03-11T20:45:00.000Z";"2026-03-11T21:00:00.000Z";4441.42
"2026-03-11T21:00:00.000Z";"2026-03-11T21:15:00.000Z";4460.3
"2026-03-11T21:15:00.000Z";"2026-03-11T21:30:00.000Z";4528.69
"2026-03-11T21:30:00.000Z";"2026-03-11T21:45:00.000Z";4626.77
"2026-03-11T21:45:00.000Z";"2026-03-11T22:00:00.000Z";4726.78
"2026-03-11T22:00:00.000Z";"2026-03-11T22:15:00.000Z";4793.58
"2026-03-11T22:15:00.000Z";"2026-03-11T22:30:00.000Z";4811.2
"2026-03-11T22:30:00.000Z";"2026-03-11T22:45:00.000Z";4776.34
"2026-03-11T22:45:00.000Z";"2026-03-11T23:00:00.000Z";4726.59
"2026-03-11T23:00:00.000Z";"2026-03-11T23:15:00.000Z";4735.09
"2026-03-11T23:15:00.000Z";"2026-03-11T23:30:00.000Z";4834.72
"2026-03-11T23:30:00.000Z";"2026-03-11T23:45:00.000Z";4875.84
"2026-03-11T23:45:00.000Z";"2026-03-12T00:00:00.000Z";4881
"2026-03-12T00:00:00.000Z";"2026-03-12T00:15:00.000Z";4900.9
"2026-03-12T00:15:00.000Z";"2026-03-12T00:30:00.000Z";4974.57
"2026-03-12T00:30:00.000Z";"2026-03-12T00:45:00.000Z";5031.61
"2026-03-12T00:45:00.000Z";"2026-03-12T01:00:00.000Z";5001.07
"2026-03-12T01:00:00.000Z";"2026-03-12T01:15:00.000Z";4954.9
"2026-03-12T01:15:00.000Z";"2026-03-12T01:30:00.000Z";5019.84
"2026-03-12T01:30:00.000Z";"2026-03-12T01:45:00.000Z";5118.79
"2026-03-12T01:45:00.000Z";"2026-03-12T02:00:00.000Z";5181.89
"2026-03-12T02:00:00.000Z";"2026-03-12T02:15:00.000Z";5291.53
"2026-03-12T02:15:00.000Z";"2026-03-12T02:30:00.000Z";5352.37
"2026-03-12T02:30:00.000Z";"2026-03-12T02:45:00.000Z";5343.67
"2026-03-12T02:45:00.000Z";"2026-03-12T03:00:00.000Z";5268.05
"2026-03-12T03:00:00.000Z";"2026-03-12T03:15:00.000Z";5240.05
"2026-03-12T03:15:00.000Z";"2026-03-12T03:30:00.000Z";5378.44
"2026-03-12T03:30:00.000Z";"2026-03-12T03:45:00.000Z";5545.9
"2026-03-12T03:45:00.000Z";"2026-03-12T04:00:00.000Z";5550.33
"2026-03-12T04:00:00.000Z";"2026-03-12T04:15:00.000Z";5612.03
"2026-03-12T04:15:00.000Z";"2026-03-12T04:30:00.000Z";5798.98
"2026-03-12T04:30:00.000Z";"2026-03-12T04:45:00.000Z";5828.76
"2026-03-12T04:45:00.000Z";"2026-03-12T05:00:00.000Z";5744.17
"2026-03-12T05:00:00.000Z";"2026-03-12T05:15:00.000Z";5711.97
"2026-03-12T05:15:00.000Z";"2026-03-12T05:30:00.000Z";5812.75
"2026-03-12T05:30:00.000Z";"2026-03-12T05:45:00.000Z";5891.97
"2026-03-12T05:45:00.000Z";"2026-03-12T06:00:00.000Z";5801.59
"2026-03-12T06:00:00.000Z";"2026-03-12T06:15:00.000Z";5648.71
"2026-03-12T06:15:00.000Z";"2026-03-12T06:30:00.000Z";5583.77
"2026-03-12T06:30:00.000Z";"2026-03-12T06:45:00.000Z";5569.17
"2026-03-12T06:45:00.000Z";"2026-03-12T07:00:00.000Z";5604.82
"2026-03-12T07:00:00.000Z";"2026-03-12T07:15:00.000Z";5611.97
"2026-03-12T07:15:00.000Z";"2026-03-12T07:30:00.000Z";5466.41
"2026-03-12T07:30:00.000Z";"2026-03-12T07:45:00.000Z";5292.25
"2026-03-12T07:45:00.000Z";"2026-03-12T08:00:00.000Z";5195.81
"2026-03-12T08:00:00.000Z";"2026-03-12T08:15:00.000Z";5136
"2026-03-12T08:15:00.000Z";"2026-03-12T08:30:00.000Z";5025.46
"2026-03-12T08:30:00.000Z";"2026-03-12T08:45:00.000Z";4947.54
"2026-03-12T08:45:00.000Z";"2026-03-12T09:00:00.000Z";4930.85
"2026-03-12T09:00:00.000Z";"2026-03-12T09:15:00.000Z";4855.19
"2026-03-12T09:15:00.000Z";"2026-03-12T09:30:00.000Z";4810.11
"2026-03-12T09:30:00.000Z";"2026-03-12T09:45:00.000Z";4809.41
"2026-03-12T09:45:00.000Z";"2026-03-12T10:00:00.000Z";4821.85
"2026-03-12T10:00:00.000Z";"2026-03-12T10:15:00.000Z";4875.27
"2026-03-12T10:15:00.000Z";"2026-03-12T10:30:00.000Z";4845.36
"2026-03-12T10:30:00.000Z";"2026-03-12T10:45:00.000Z";4755.99
"2026-03-12T10:45:00.000Z";"2026-03-12T11:00:00.000Z";4708.87
"2026-03-12T11:00:00.000Z";"2026-03-12T11:15:00.000Z";4684.22
"2026-03-12T11:15:00.000Z";"2026-03-12T11:30:00.000Z";4661.21
"2026-03-12T11:30:00.000Z";"2026-03-12T11:45:00.000Z";4650.06
"2026-03-12T11:45:00.000Z";"2026-03-12T12:00:00.000Z";4664.7
"2026-03-12T12:00:00.000Z";"2026-03-12T12:15:00.000Z";4657.74
"2026-03-12T12:15:00.000Z";"2026-03-12T12:30:00.000Z";4661.41
"2026-03-12T12:30:00.000Z";"2026-03-12T12:45:00.000Z";4783.8
"2026-03-12T12:45:00.000Z";"2026-03-12T13:00:00.000Z";5001.58
"2026-03-12T13:00:00.000Z";"2026-03-12T13:15:00.000Z";5221.91
"2026-03-12T13:15:00.000Z";"2026-03-12T13:30:00.000Z";5426.5
"2026-03-12T13:30:00.000Z";"2026-03-12T13:45:00.000Z";5524.04
"2026-03-12T13:45:00.000Z";"2026-03-12T14:00:00.000Z";5482.49
"2026-03-12T14:00:00.000Z";"2026-03-12T14:15:00.000Z";5502.59
"2026-03-12T14:15:00.000Z";"2026-03-12T14:30:00.000Z";5601.23
"2026-03-12T14:30:00.000Z";"2026-03-12T14:45:00.000Z";5706
"2026-03-12T14:45:00.000Z";"2026-03-12T15:00:00.000Z";5911.11
"2026-03-12T15:00:00.000Z";"2026-03-12T15:15:00.000Z";6015.06
"2026-03-12T15:15:00.000Z";"2026-03-12T15:30:00.000Z";6032.82
"2026-03-12T15:30:00.000Z";"2026-03-12T15:45:00.000Z";6124.87
"2026-03-12T15:45:00.000Z";"2026-03-12T16:00:00.000Z";6210.22
"2026-03-12T16:00:00.000Z";"2026-03-12T16:15:00.000Z";6189.74
"2026-03-12T16:15:00.000Z";"2026-03-12T16:30:00.000Z";6294.2
"2026-03-12T16:30:00.000Z";"2026-03-12T16:45:00.000Z";6476.17
"2026-03-12T16:45:00.000Z";"2026-03-12T17:00:00.000Z";6599.5
"2026-03-12T17:00:00.000Z";"2026-03-12T17:15:00.000Z";6683.11
"2026-03-12T17:15:00.000Z";"2026-03-12T17:30:00.000Z";6809.86
"2026-03-12T17:30:00.000Z";"2026-03-12T17:45:00.000Z";6771.43
"2026-03-12T17:45:00.000Z";"2026-03-12T18:00:00.000Z";6956.36
"2026-03-12T18:00:00.000Z";"2026-03-12T18:15:00.000Z";7067.56
"2026-03-12T18:15:00.000Z";"2026-03-12T18:30:00.000Z";7124.19
"2026-03-12T18:30:00.000Z";"2026-03-12T18:45:00.000Z";7091.54
"2026-03-12T18:45:00.000Z";"2026-03-12T19:00:00.000Z";7135.07
"2026-03-12T19:00:00.000Z";"2026-03-12T19:15:00.000Z";7006.96
"2026-03-12T19:15:00.000Z";"2026-03-12T19:30:00.000Z";7002.19
"2026-03-12T19:30:00.000Z";"2026-03-12T19:45:00.000Z";7016.66
"2026-03-12T19:45:00.000Z";"2026-03-12T20:00:00.000Z";6949.69
"2026-03-12T20:00:00.000Z";"2026-03-12T20:15:00.000Z";6952.47
"2026-03-12T20:15:00.000Z";"2026-03-12T20:30:00.000Z";6972.54
"2026-03-12T20:30:00.000Z";"2026-03-12T20:45:00.000Z";6645.95
"2026-03-12T20:45:00.000Z";"2026-03-12T21:00:00.000Z";6473.69
"2026-03-12T21:00:00.000Z";"2026-03-12T21:15:00.000Z";6538.97
"2026-03-12T21:15:00.000Z";"2026-03-12T21:30:00.000Z";6484.87
"2026-03-12T21:30:00.000Z";"2026-03-12T21:45:00.000Z";6412.04
"2026-03-12T21:45:00.000Z";"2026-03-12T22:00:00.000Z";6407.5
"2026-03-12T22:00:00.000Z";"2026-03-12T22:15:00.000Z";6444.72
"2026-03-12T22:15:00.000Z";"2026-03-12T22:30:00.000Z";6512.44
"2026-03-12T22:30:00.000Z";"2026-03-12T22:45:00.000Z";6445.08
"2026-03-12T22:45:00.000Z";"2026-03-12T23:00:00.000Z";6437.86
"2026-03-12T23:00:00.000Z";"2026-03-12T23:15:00.000Z";6313.92
"2026-03-12T23:15:00.000Z";"2026-03-12T23:30:00.000Z";6220.91
"2026-03-12T23:30:00.000Z";"2026-03-12T23:45:00.000Z";6271.81
"2026-03-12T23:45:00.000Z";"2026-03-13T00:00:00.000Z";6375.26
"2026-03-13T00:00:00.000Z";"2026-03-13T00:15:00.000Z";6603.77
"2026-03-13T00:15:00.000Z";"2026-03-13T00:30:00.000Z";6423.22
"2026-03-13T00:30:00.000Z";"2026-03-13T00:45:00.000Z";6357.52
"2026-03-13T00:45:00.000Z";"2026-03-13T01:00:00.000Z";6329.32
"2026-03-13T01:00:00.000Z";"2026-03-13T01:15:00.000Z";6236.84
"2026-03-13T01:15:00.000Z";"2026-03-13T01:30:00.000Z";6359.45
"2026-03-13T01:30:00.000Z";"2026-03-13T01:45:00.000Z";6242.04
"2026-03-13T01:45:00.000Z";"2026-03-13T02:00:00.000Z";6088.49
"2026-03-13T02:00:00.000Z";"2026-03-13T02:15:00.000Z";6182.69
"2026-03-13T02:15:00.000Z";"2026-03-13T02:30:00.000Z";6216.42
"2026-03-13T02:30:00.000Z";"2026-03-13T02:45:00.000Z";6137.67
"2026-03-13T02:45:00.000Z";"2026-03-13T03:00:00.000Z";6163.13
"2026-03-13T03:00:00.000Z";"2026-03-13T03:15:00.000Z";6223.8
"2026-03-13T03:15:00.000Z";"2026-03-13T03:30:00.000Z";6174.71
"2026-03-13T03:30:00.000Z";"2026-03-13T03:45:00.000Z";6367.65
"2026-03-13T03:45:00.000Z";"2026-03-13T04:00:00.000Z";6502.61
"2026-03-13T04:00:00.000Z";"2026-03-13T04:15:00.000Z";6603.21
"2026-03-13T04:15:00.000Z";"2026-03-13T04:30:00.000Z";6685.83
"2026-03-13T04:30:00.000Z";"2026-03-13T04:45:00.000Z";6684.21
"2026-03-13T04:45:00.000Z";"2026-03-13T05:00:00.000Z";6555.83
"2026-03-13T05:00:00.000Z";"2026-03-13T05:15:00.000Z";6591.31
"2026-03-13T05:15:00.000Z";"2026-03-13T05:30:00.000Z";6680.16
"2026-03-13T05:30:00.000Z";"2026-03-13T05:45:00.000Z";6595.74
"2026-03-13T05:45:00.000Z";"2026-03-13T06:00:00.000Z";6872.79
"2026-03-13T06:00:00.000Z";"2026-03-13T06:15:00.000Z";7188.61
"2026-03-13T06:15:00.000Z";"2026-03-13T06:30:00.000Z";7085.47
"2026-03-13T06:30:00.000Z";"2026-03-13T06:45:00.000Z";6963.29
"2026-03-13T06:45:00.000Z";"2026-03-13T07:00:00.000Z";6729.45
"2026-03-13T07:00:00.000Z";"2026-03-13T07:15:00.000Z";6512.83
"2026-03-13T07:15:00.000Z";"2026-03-13T07:30:00.000Z";6298.18
"2026-03-13T07:30:00.000Z";"2026-03-13T07:45:00.000Z";6289.04
"2026-03-13T07:45:00.000Z";"2026-03-13T08:00:00.000Z";6109.63
"2026-03-13T08:00:00.000Z";"2026-03-13T08:15:00.000Z";5982.38
"2026-03-13T08:15:00.000Z";"2026-03-13T08:30:00.000Z";5880.52
"2026-03-13T08:30:00.000Z";"2026-03-13T08:45:00.000Z";5829.45
"2026-03-13T08:45:00.000Z";"2026-03-13T09:00:00.000Z";6013.39
"2026-03-13T09:00:00.000Z";"2026-03-13T09:15:00.000Z";6190.09
"2026-03-13T09:15:00.000Z";"2026-03-13T09:30:00.000Z";6102.29
"2026-03-13T09:30:00.000Z";"2026-03-13T09:45:00.000Z";5825.2
"2026-03-13T09:45:00.000Z";"2026-03-13T10:00:00.000Z";5724.1
"2026-03-13T10:00:00.000Z";"2026-03-13T10:15:00.000Z";5793.65
"2026-03-13T10:15:00.000Z";"2026-03-13T10:30:00.000Z";5765.76
"2026-03-13T10:30:00.000Z";"2026-03-13T10:45:00.000Z";5636.1
"2026-03-13T10:45:00.000Z";"2026-03-13T11:00:00.000Z";5560.05
"2026-03-13T11:00:00.000Z";"2026-03-13T11:15:00.000Z";5636.1
"2026-03-13T11:15:00.000Z";"2026-03-13T11:30:00.000Z";5596.39
"2026-03-13T11:30:00.000Z";"2026-03-13T11:45:00.000Z";5689.64
"2026-03-13T11:45:00.000Z";"2026-03-13T12:00:00.000Z";5754.31
"2026-03-13T12:00:00.000Z";"2026-03-13T12:15:00.000Z";5883.44
"2026-03-13T12:15:00.000Z";"2026-03-13T12:30:00.000Z";5950.6
"2026-03-13T12:30:00.000Z";"2026-03-13T12:45:00.000Z";5918.83
"2026-03-13T12:45:00.000Z";"2026-03-13T13:00:00.000Z";6063.38
"2026-03-13T13:00:00.000Z";"2026-03-13T13:15:00.000Z";5889.52
"2026-03-13T13:15:00.000Z";"2026-03-13T13:30:00.000Z";5985.82
"2026-03-13T13:30:00.000Z";"2026-03-13T13:45:00.000Z";6201.09
"2026-03-13T13:45:00.000Z";"2026-03-13T14:00:00.000Z";6316.09
"2026-03-13T14:00:00.000Z";"2026-03-13T14:15:00.000Z";6120.82
"2026-03-13T14:15:00.000Z";"2026-03-13T14:30:00.000Z";6266.82
"2026-03-13T14:30:00.000Z";"2026-03-13T14:45:00.000Z";6323.1
"2026-03-13T14:45:00.000Z";"2026-03-13T15:00:00.000Z";6556.57
"2026-03-13T15:00:00.000Z";"2026-03-13T15:15:00.000Z";6955.18
"2026-03-13T15:15:00.000Z";"2026-03-13T15:30:00.000Z";6976.47
"2026-03-13T15:30:00.000Z";"2026-03-13T15:45:00.000Z";6998.27
"2026-03-13T15:45:00.000Z";"2026-03-13T16:00:00.000Z";7143.92
"2026-03-13T16:00:00.000Z";"2026-03-13T16:15:00.000Z";6996.94
"2026-03-13T16:15:00.000Z";"2026-03-13T16:30:00.000Z";6993.02
"2026-03-13T16:30:00.000Z";"2026-03-13T16:45:00.000Z";7050.29
"2026-03-13T16:45:00.000Z";"2026-03-13T17:00:00.000Z";6996.91
"2026-03-13T17:00:00.000Z";"2026-03-13T17:15:00.000Z";7113.99
"2026-03-13T17:15:00.000Z";"2026-03-13T17:30:00.000Z";7187.35
"2026-03-13T17:30:00.000Z";"2026-03-13T17:45:00.000Z";7236.94
"2026-03-13T17:45:00.000Z";"2026-03-13T18:00:00.000Z";7259.46
"2026-03-13T18:00:00.000Z";"2026-03-13T18:15:00.000Z";7272.96
"2026-03-13T18:15:00.000Z";"2026-03-13T18:30:00.000Z";7321.03
"2026-03-13T18:30:00.000Z";"2026-03-13T18:45:00.000Z";7371.54
"2026-03-13T18:45:00.000Z";"2026-03-13T19:00:00.000Z";7407.58
"2026-03-13T19:00:00.000Z";"2026-03-13T19:15:00.000Z";7174.06
"2026-03-13T19:15:00.000Z";"2026-03-13T19:30:00.000Z";6961.47
"2026-03-13T19:30:00.000Z";"2026-03-13T19:45:00.000Z";7039.34
"2026-03-13T19:45:00.000Z";"2026-03-13T20:00:00.000Z";6985.04
"2026-03-13T20:00:00.000Z";"2026-03-13T20:15:00.000Z";6976.2
"2026-03-13T20:15:00.000Z";"2026-03-13T20:30:00.000Z";6962.75
"2026-03-13T20:30:00.000Z";"2026-03-13T20:45:00.000Z";6937.76
"2026-03-13T20:45:00.000Z";"2026-03-13T21:00:00.000Z";6964.64
"2026-03-13T21:00:00.000Z";"2026-03-13T21:15:00.000Z";6956.6
"2026-03-13T21:15:00.000Z";"2026-03-13T21:30:00.000Z";6997.69
"2026-03-13T21:30:00.000Z";"2026-03-13T21:45:00.000Z";6997.37
"2026-03-13T21:45:00.000Z";"2026-03-13T22:00:00.000Z";6996.6
"2026-03-13T22:00:00.000Z";"2026-03-13T22:15:00.000Z";6842.18
"2026-03-13T22:15:00.000Z";"2026-03-13T22:30:00.000Z";6845.88
"2026-03-13T22:30:00.000Z";"2026-03-13T22:45:00.000Z";6894.67
"2026-03-13T22:45:00.000Z";"2026-03-13T23:00:00.000Z";6780.61
"2026-03-13T23:00:00.000Z";"2026-03-13T23:15:00.000Z";6589.45
"2026-03-13T23:15:00.000Z";"2026-03-13T23:30:00.000Z";6547.68
"2026-03-13T23:30:00.000Z";"2026-03-13T23:45:00.000Z";6554.54
"2026-03-13T23:45:00.000Z";"2026-03-14T00:00:00.000Z";6687.97
"2026-03-14T00:00:00.000Z";"2026-03-14T00:15:00.000Z";6580.5
"2026-03-14T00:15:00.000Z";"2026-03-14T00:30:00.000Z";6525.42
"2026-03-14T00:30:00.000Z";"2026-03-14T00:45:00.000Z";6495.72
"2026-03-14T00:45:00.000Z";"2026-03-14T01:00:00.000Z";6424.81
"2026-03-14T01:00:00.000Z";"2026-03-14T01:15:00.000Z";6194.54
"2026-03-14T01:15:00.000Z";"2026-03-14T01:30:00.000Z";6187.86
"2026-03-14T01:30:00.000Z";"2026-03-14T01:45:00.000Z";6305.55
"2026-03-14T01:45:00.000Z";"2026-03-14T02:00:00.000Z";6259.63
"2026-03-14T02:00:00.000Z";"2026-03-14T02:15:00.000Z";6140.09
"2026-03-14T02:15:00.000Z";"2026-03-14T02:30:00.000Z";6093.82
"2026-03-14T02:30:00.000Z";"2026-03-14T02:45:00.000Z";6120.57
"2026-03-14T02:45:00.000Z";"2026-03-14T03:00:00.000Z";6059.96
"2026-03-14T03:00:00.000Z";"2026-03-14T03:15:00.000Z";5976.64
"2026-03-14T03:15:00.000Z";"2026-03-14T03:30:00.000Z";5891.48
"2026-03-14T03:30:00.000Z";"2026-03-14T03:45:00.000Z";5899.54
"2026-03-14T03:45:00.000Z";"2026-03-14T04:00:00.000Z";5838.24
"2026-03-14T04:00:00.000Z";"2026-03-14T04:15:00.000Z";5662.42
"2026-03-14T04:15:00.000Z";"2026-03-14T04:30:00.000Z";5600.49
"2026-03-14T04:30:00.000Z";"2026-03-14T04:45:00.000Z";5650.58
"2026-03-14T04:45:00.000Z";"2026-03-14T05:00:00.000Z";5637.42
"2026-03-14T05:00:00.000Z";"2026-03-14T05:15:00.000Z";5446.05
"2026-03-14T05:15:00.000Z";"2026-03-14T05:30:00.000Z";5184.76
"2026-03-14T05:30:00.000Z";"2026-03-14T05:45:00.000Z";5161.85
"2026-03-14T05:45:00.000Z";"2026-03-14T06:00:00.000Z";5065.48
"2026-03-14T06:00:00.000Z";"2026-03-14T06:15:00.000Z";4958.84
"2026-03-14T06:15:00.000Z";"2026-03-14T06:30:00.000Z";4970.06
"2026-03-14T06:30:00.000Z";"2026-03-14T06:45:00.000Z";4846.52
"2026-03-14T06:45:00.000Z";"2026-03-14T07:00:00.000Z";4524.66
"2026-03-14T07:00:00.000Z";"2026-03-14T07:15:00.000Z";4130.54
"2026-03-14T07:15:00.000Z";"2026-03-14T07:30:00.000Z";4024.15
"2026-03-14T07:30:00.000Z";"2026-03-14T07:45:00.000Z";3956.24
"2026-03-14T07:45:00.000Z";"2026-03-14T08:00:00.000Z";3868.69
"2026-03-14T08:00:00.000Z";"2026-03-14T08:15:00.000Z";3821.65
"2026-03-14T08:15:00.000Z";"2026-03-14T08:30:00.000Z";3685.89
"2026-03-14T08:30:00.000Z";"2026-03-14T08:45:00.000Z";3543.08
"2026-03-14T08:45:00.000Z";"2026-03-14T09:00:00.000Z";3430.67
"2026-03-14T09:00:00.000Z";"2026-03-14T09:15:00.000Z";3168.38
"2026-03-14T09:15:00.000Z";"2026-03-14T09:30:00.000Z";3088.35
"2026-03-14T09:30:00.000Z";"2026-03-14T09:45:00.000Z";2983.18
"2026-03-14T09:45:00.000Z";"2026-03-14T10:00:00.000Z";2824.55
"2026-03-14T10:00:00.000Z";"2026-03-14T10:15:00.000Z";2729.09
"2026-03-14T10:15:00.000Z";"2026-03-14T10:30:00.000Z";2662.68
"2026-03-14T10:30:00.000Z";"2026-03-14T10:45:00.000Z";2644.63
"2026-03-14T10:45:00.000Z";"2026-03-14T11:00:00.000Z";2546.25
"2026-03-14T11:00:00.000Z";"2026-03-14T11:15:00.000Z";2481.18
"2026-03-14T11:15:00.000Z";"2026-03-14T11:30:00.000Z";2437.79
"2026-03-14T11:30:00.000Z";"2026-03-14T11:45:00.000Z";2383.99
"2026-03-14T11:45:00.000Z";"2026-03-14T12:00:00.000Z";2341.81
"2026-03-14T12:00:00.000Z";"2026-03-14T12:15:00.000Z";2317.07
"2026-03-14T12:15:00.000Z";"2026-03-14T12:30:00.000Z";2266.41
"2026-03-14T12:30:00.000Z";"2026-03-14T12:45:00.000Z";2203.13
"2026-03-14T12:45:00.000Z";"2026-03-14T13:00:00.000Z";2220.26
"2026-03-14T13:00:00.000Z";"2026-03-14T13:15:00.000Z";2257.62
"2026-03-14T13:15:00.000Z";"2026-03-14T13:30:00.000Z";2286.77
"2026-03-14T13:30:00.000Z";"2026-03-14T13:45:00.000Z";2340.66
"2026-03-14T13:45:00.000Z";"2026-03-14T14:00:00.000Z";2297.33
"2026-03-14T14:00:00.000Z";"2026-03-14T14:15:00.000Z";2335.24
"2026-03-14T14:15:00.000Z";"2026-03-14T14:30:00.000Z";2443.78
"2026-03-14T14:30:00.000Z";"2026-03-14T14:45:00.000Z";2485.89
"2026-03-14T14:45:00.000Z";"2026-03-14T15:00:00.000Z";2612.88
"2026-03-14T15:00:00.000Z";"2026-03-14T15:15:00.000Z";2785.99
"2026-03-14T15:15:00.000Z";"2026-03-14T15:30:00.000Z";2891.88
"2026-03-14T15:30:00.000Z";"2026-03-14T15:45:00.000Z";3053.68
"2026-03-14T15:45:00.000Z";"2026-03-14T16:00:00.000Z";3219.41
"2026-03-14T16:00:00.000Z";"2026-03-14T16:15:00.000Z";3369.35
"2026-03-14T16:15:00.000Z";"2026-03-14T16:30:00.000Z";3499.41
"2026-03-14T16:30:00.000Z";"2026-03-14T16:45:00.000Z";3683.21
"2026-03-14T16:45:00.000Z";"2026-03-14T17:00:00.000Z";3833.81
"2026-03-14T17:00:00.000Z";"2026-03-14T17:15:00.000Z";3962.44
"2026-03-14T17:15:00.000Z";"2026-03-14T17:30:00.000Z";3976
"2026-03-14T17:30:00.000Z";"2026-03-14T17:45:00.000Z";3975.05
"2026-03-14T17:45:00.000Z";"2026-03-14T18:00:00.000Z";4038.72
"2026-03-14T18:00:00.000Z";"2026-03-14T18:15:00.000Z";4061.45
"2026-03-14T18:15:00.000Z";"2026-03-14T18:30:00.000Z";3897.43
"2026-03-14T18:30:00.000Z";"2026-03-14T18:45:00.000Z";4028.39
"2026-03-14T18:45:00.000Z";"2026-03-14T19:00:00.000Z";4067.72
"2026-03-14T19:00:00.000Z";"2026-03-14T19:15:00.000Z";4314.48
"2026-03-14T19:15:00.000Z";"2026-03-14T19:30:00.000Z";4468.74
"2026-03-14T19:30:00.000Z";"2026-03-14T19:45:00.000Z";4391.12
"2026-03-14T19:45:00.000Z";"2026-03-14T20:00:00.000Z";4188.99
"2026-03-14T20:00:00.000Z";"2026-03-14T20:15:00.000Z";4108.9
"2026-03-14T20:15:00.000Z";"2026-03-14T20:30:00.000Z";3865.02
"2026-03-14T20:30:00.000Z";"2026-03-14T20:45:00.000Z";3810.62
"2026-03-14T20:45:00.000Z";"2026-03-14T21:00:00.000Z";3721.28
"2026-03-14T21:00:00.000Z";"2026-03-14T21:15:00.000Z";3634.86
"2026-03-14T21:15:00.000Z";"2026-03-14T21:30:00.000Z";3576.28
"2026-03-14T21:30:00.000Z";"2026-03-14T21:45:00.000Z";3400.18
"2026-03-14T21:45:00.000Z";"2026-03-14T22:00:00.000Z";3313.82
"2026-03-14T22:00:00.000Z";"2026-03-14T22:15:00.000Z";3343.29
"2026-03-14T22:15:00.000Z";"2026-03-14T22:30:00.000Z";3202.46
"2026-03-14T22:30:00.000Z";"2026-03-14T22:45:00.000Z";3128.38
"2026-03-14T22:45:00.000Z";"2026-03-14T23:00:00.000Z";3028.27
"2026-03-14T23:00:00.000Z";"2026-03-14T23:15:00.000Z";3332.27
"2026-03-14T23:15:00.000Z";"2026-03-14T23:30:00.000Z";3436.17
"2026-03-14T23:30:00.000Z";"2026-03-14T23:45:00.000Z";3219.66
"2026-03-14T23:45:00.000Z";"2026-03-15T00:00:00.000Z";3122.34
"2026-03-15T00:00:00.000Z";"2026-03-15T00:15:00.000Z";2958.14
"2026-03-15T00:15:00.000Z";"2026-03-15T00:30:00.000Z";2885.83
"2026-03-15T00:30:00.000Z";"2026-03-15T00:45:00.000Z";2727.46
"2026-03-15T00:45:00.000Z";"2026-03-15T01:00:00.000Z";2599.87
"2026-03-15T01:00:00.000Z";"2026-03-15T01:15:00.000Z";2544.12
"2026-03-15T01:15:00.000Z";"2026-03-15T01:30:00.000Z";2513.41
"2026-03-15T01:30:00.000Z";"2026-03-15T01:45:00.000Z";2488.74
"2026-03-15T01:45:00.000Z";"2026-03-15T02:00:00.000Z";2484.67
"2026-03-15T02:00:00.000Z";"2026-03-15T02:15:00.000Z";2546.65
"2026-03-15T02:15:00.000Z";"2026-03-15T02:30:00.000Z";2644.68
"2026-03-15T02:30:00.000Z";"2026-03-15T02:45:00.000Z";2704.7
"2026-03-15T02:45:00.000Z";"2026-03-15T03:00:00.000Z";2726.05
"2026-03-15T03:00:00.000Z";"2026-03-15T03:15:00.000Z";2739.12
"2026-03-15T03:15:00.000Z";"2026-03-15T03:30:00.000Z";2695.36
"2026-03-15T03:30:00.000Z";"2026-03-15T03:45:00.000Z";2634.58
"2026-03-15T03:45:00.000Z";"2026-03-15T04:00:00.000Z";2563.31
"2026-03-15T04:00:00.000Z";"2026-03-15T04:15:00.000Z";2479.09
"2026-03-15T04:15:00.000Z";"2026-03-15T04:30:00.000Z";2422.79
"2026-03-15T04:30:00.000Z";"2026-03-15T04:45:00.000Z";2386.57
"2026-03-15T04:45:00.000Z";"2026-03-15T05:00:00.000Z";2337.57
"2026-03-15T05:00:00.000Z";"2026-03-15T05:15:00.000Z";2311.91
"2026-03-15T05:15:00.000Z";"2026-03-15T05:30:00.000Z";2284.54
"2026-03-15T05:30:00.000Z";"2026-03-15T05:45:00.000Z";2169.6
"2026-03-15T05:45:00.000Z";"2026-03-15T06:00:00.000Z";2060.85
"2026-03-15T06:00:00.000Z";"2026-03-15T06:15:00.000Z";2060.47
"2026-03-15T06:15:00.000Z";"2026-03-15T06:30:00.000Z";2074.64
"2026-03-15T06:30:00.000Z";"2026-03-15T06:45:00.000Z";2091.73
"2026-03-15T06:45:00.000Z";"2026-03-15T07:00:00.000Z";2080.5
"2026-03-15T07:00:00.000Z";"2026-03-15T07:15:00.000Z";1961.89
"2026-03-15T07:15:00.000Z";"2026-03-15T07:30:00.000Z";1815.45
"2026-03-15T07:30:00.000Z";"2026-03-15T07:45:00.000Z";1785.6
"2026-03-15T07:45:00.000Z";"2026-03-15T08:00:00.000Z";1728.12
"2026-03-15T08:00:00.000Z";"2026-03-15T08:15:00.000Z";1663.98
"2026-03-15T08:15:00.000Z";"2026-03-15T08:30:00.000Z";1550.83
"2026-03-15T08:30:00.000Z";"2026-03-15T08:45:00.000Z";1510.48
"2026-03-15T08:45:00.000Z";"2026-03-15T09:00:00.000Z";1475.99
"2026-03-15T09:00:00.000Z";"2026-03-15T09:15:00.000Z";1429.67
"2026-03-15T09:15:00.000Z";"2026-03-15T09:30:00.000Z";1377.51
"2026-03-15T09:30:00.000Z";"2026-03-15T09:45:00.000Z";1292.84
"2026-03-15T09:45:00.000Z";"2026-03-15T10:00:00.000Z";1212.51
"2026-03-15T10:00:00.000Z";"2026-03-15T10:15:00.000Z";1159.68
"2026-03-15T10:15:00.000Z";"2026-03-15T10:30:00.000Z";1075.62
"2026-03-15T10:30:00.000Z";"2026-03-15T10:45:00.000Z";973.57
"2026-03-15T10:45:00.000Z";"2026-03-15T11:00:00.000Z";920.6
"2026-03-15T11:00:00.000Z";"2026-03-15T11:15:00.000Z";943.99
"2026-03-15T11:15:00.000Z";"2026-03-15T11:30:00.000Z";922.88
"2026-03-15T11:30:00.000Z";"2026-03-15T11:45:00.000Z";912.67
"2026-03-15T11:45:00.000Z";"2026-03-15T12:00:00.000Z";870.41
"2026-03-15T12:00:00.000Z";"2026-03-15T12:15:00.000Z";860.34
"2026-03-15T12:15:00.000Z";"2026-03-15T12:30:00.000Z";831.19
"2026-03-15T12:30:00.000Z";"2026-03-15T12:45:00.000Z";846.47
"2026-03-15T12:45:00.000Z";"2026-03-15T13:00:00.000Z";843.93
"2026-03-15T13:00:00.000Z";"2026-03-15T13:15:00.000Z";830.21
"2026-03-15T13:15:00.000Z";"2026-03-15T13:30:00.000Z";820.46
"2026-03-15T13:30:00.000Z";"2026-03-15T13:45:00.000Z";793.34
"2026-03-15T13:45:00.000Z";"2026-03-15T14:00:00.000Z";783.13
"2026-03-15T14:00:00.000Z";"2026-03-15T14:15:00.000Z";765.17
"2026-03-15T14:15:00.000Z";"2026-03-15T14:30:00.000Z";739.95
"2026-03-15T14:30:00.000Z";"2026-03-15T14:45:00.000Z";726.13
"2026-03-15T14:45:00.000Z";"2026-03-15T15:00:00.000Z";755.43
"2026-03-15T15:00:00.000Z";"2026-03-15T15:15:00.000Z";799.79
"2026-03-15T15:15:00.000Z";"2026-03-15T15:30:00.000Z";853.54
"2026-03-15T15:30:00.000Z";"2026-03-15T15:45:00.000Z";857.2
"2026-03-15T15:45:00.000Z";"2026-03-15T16:00:00.000Z";882.49
"2026-03-15T16:00:00.000Z";"2026-03-15T16:15:00.000Z";900.14
"2026-03-15T16:15:00.000Z";"2026-03-15T16:30:00.000Z";981.32
"2026-03-15T16:30:00.000Z";"2026-03-15T16:45:00.000Z";1053.4
"2026-03-15T16:45:00.000Z";"2026-03-15T17:00:00.000Z";1127.41
"2026-03-15T17:00:00.000Z";"2026-03-15T17:15:00.000Z";1260.82
"2026-03-15T17:15:00.000Z";"2026-03-15T17:30:00.000Z";1371.42
"2026-03-15T17:30:00.000Z";"2026-03-15T17:45:00.000Z";1454.88
"2026-03-15T17:45:00.000Z";"2026-03-15T18:00:00.000Z";1518.12
"2026-03-15T18:00:00.000Z";"2026-03-15T18:15:00.000Z";1633.82
"2026-03-15T18:15:00.000Z";"2026-03-15T18:30:00.000Z";1698.8
"2026-03-15T18:30:00.000Z";"2026-03-15T18:45:00.000Z";1787.58
"2026-03-15T18:45:00.000Z";"2026-03-15T19:00:00.000Z";1847.1
"2026-03-15T19:00:00.000Z";"2026-03-15T19:15:00.000Z";1922.31
"2026-03-15T19:15:00.000Z";"2026-03-15T19:30:00.000Z";2078.93
"2026-03-15T19:30:00.000Z";"2026-03-15T19:45:00.000Z";2168.72
"2026-03-15T19:45:00.000Z";"2026-03-15T20:00:00.000Z";2094.77
"2026-03-15T20:00:00.000Z";"2026-03-15T20:15:00.000Z";2219.95
"2026-03-15T20:15:00.000Z";"2026-03-15T20:30:00.000Z";2298.19
"2026-03-15T20:30:00.000Z";"2026-03-15T20:45:00.000Z";2367.31
"2026-03-15T20:45:00.000Z";"2026-03-15T21:00:00.000Z";2623.54
"2026-03-15T21:00:00.000Z";"2026-03-15T21:15:00.000Z";2809.4
"2026-03-15T21:15:00.000Z";"2026-03-15T21:30:00.000Z";2804.68
"2026-03-15T21:30:00.000Z";"2026-03-15T21:45:00.000Z";2819.11
"2026-03-15T21:45:00.000Z";"2026-03-15T22:00:00.000Z";2869.86
"2026-03-15T22:00:00.000Z";"2026-03-15T22:15:00.000Z";2954.13
"2026-03-15T22:15:00.000Z";"2026-03-15T22:30:00.000Z";2812.15
"2026-03-15T22:30:00.000Z";"2026-03-15T22:45:00.000Z";2893.45
"2026-03-15T22:45:00.000Z";"2026-03-15T23:00:00.000Z";2791.05
"2026-03-15T23:00:00.000Z";"2026-03-15T23:15:00.000Z";2893.96
"2026-03-15T23:15:00.000Z";"2026-03-15T23:30:00.000Z";3000.38
"2026-03-15T23:30:00.000Z";"2026-03-15T23:45:00.000Z";3131.54
"2026-03-15T23:45:00.000Z";"2026-03-16T00:00:00.000Z";3222.59
"2026-03-16T00:00:00.000Z";"2026-03-16T00:15:00.000Z";3317.35
"2026-03-16T00:15:00.000Z";"2026-03-16T00:30:00.000Z";3388.52
"2026-03-16T00:30:00.000Z";"2026-03-16T00:45:00.000Z";3297.15
"2026-03-16T00:45:00.000Z";"2026-03-16T01:00:00.000Z";3274.82
"2026-03-16T01:00:00.000Z";"2026-03-16T01:15:00.000Z";3462.46
"2026-03-16T01:15:00.000Z";"2026-03-16T01:30:00.000Z";3550.65
"2026-03-16T01:30:00.000Z";"2026-03-16T01:45:00.000Z";3507.25
"2026-03-16T01:45:00.000Z";"2026-03-16T02:00:00.000Z";3449.63
"2026-03-16T02:00:00.000Z";"2026-03-16T02:15:00.000Z";3436.44
"2026-03-16T02:15:00.000Z";"2026-03-16T02:30:00.000Z";3440.61
"2026-03-16T02:30:00.000Z";"2026-03-16T02:45:00.000Z";3435.87
"2026-03-16T02:45:00.000Z";"2026-03-16T03:00:00.000Z";3405.65
"2026-03-16T03:00:00.000Z";"2026-03-16T03:15:00.000Z";3408.57
"2026-03-16T03:15:00.000Z";"2026-03-16T03:30:00.000Z";3395.63
"2026-03-16T03:30:00.000Z";"2026-03-16T03:45:00.000Z";3409.31
"2026-03-16T03:45:00.000Z";"2026-03-16T04:00:00.000Z";3439.37
"2026-03-16T04:00:00.000Z";"2026-03-16T04:15:00.000Z";3436.64
"2026-03-16T04:15:00.000Z";"2026-03-16T04:30:00.000Z";3465.05
"2026-03-16T04:30:00.000Z";"2026-03-16T04:45:00.000Z";3483.58
"2026-03-16T04:45:00.000Z";"2026-03-16T05:00:00.000Z";3519.79
"2026-03-16T05:00:00.000Z";"2026-03-16T05:15:00.000Z";3476.99
"2026-03-16T05:15:00.000Z";"2026-03-16T05:30:00.000Z";3491.14
"2026-03-16T05:30:00.000Z";"2026-03-16T05:45:00.000Z";3481.67
"2026-03-16T05:45:00.000Z";"2026-03-16T06:00:00.000Z";3533.48
"2026-03-16T06:00:00.000Z";"2026-03-16T06:15:00.000Z";3535.19
"2026-03-16T06:15:00.000Z";"2026-03-16T06:30:00.000Z";3556.9
"2026-03-16T06:30:00.000Z";"2026-03-16T06:45:00.000Z";3571.74
"2026-03-16T06:45:00.000Z";"2026-03-16T07:00:00.000Z";3524.01
"2026-03-16T07:00:00.000Z";"2026-03-16T07:15:00.000Z";3468.28
"2026-03-16T07:15:00.000Z";"2026-03-16T07:30:00.000Z";3301.75
"2026-03-16T07:30:00.000Z";"2026-03-16T07:45:00.000Z";3194.38
"2026-03-16T07:45:00.000Z";"2026-03-16T08:00:00.000Z";3343.78
"2026-03-16T08:00:00.000Z";"2026-03-16T08:15:00.000Z";3335.46
"2026-03-16T08:15:00.000Z";"2026-03-16T08:30:00.000Z";3143.27
"2026-03-16T08:30:00.000Z";"2026-03-16T08:45:00.000Z";3083.56
"2026-03-16T08:45:00.000Z";"2026-03-16T09:00:00.000Z";3060.01
"2026-03-16T09:00:00.000Z";"2026-03-16T09:15:00.000Z";3146.36
"2026-03-16T09:15:00.000Z";"2026-03-16T09:30:00.000Z";3251.15
"2026-03-16T09:30:00.000Z";"2026-03-16T09:45:00.000Z";3243.3
"2026-03-16T09:45:00.000Z";"2026-03-16T10:00:00.000Z";3272.08
"2026-03-16T10:00:00.000Z";"2026-03-16T10:15:00.000Z";3387.03
"2026-03-16T10:15:00.000Z";"2026-03-16T10:30:00.000Z";3352.33
"2026-03-16T10:30:00.000Z";"2026-03-16T10:45:00.000Z";3329.66
"2026-03-16T10:45:00.000Z";"2026-03-16T11:00:00.000Z";3310.97
"2026-03-16T11:00:00.000Z";"2026-03-16T11:15:00.000Z";3353.58
"2026-03-16T11:15:00.000Z";"2026-03-16T11:30:00.000Z";3479.31
"2026-03-16T11:30:00.000Z";"2026-03-16T11:45:00.000Z";3588.1
"2026-03-16T11:45:00.000Z";"2026-03-16T12:00:00.000Z";3597.67
"2026-03-16T12:00:00.000Z";"2026-03-16T12:15:00.000Z";3731.61
"2026-03-16T12:15:00.000Z";"2026-03-16T12:30:00.000Z";3804.84
"2026-03-16T12:30:00.000Z";"2026-03-16T12:45:00.000Z";3730.74
"2026-03-16T12:45:00.000Z";"2026-03-16T13:00:00.000Z";3649.62
"2026-03-16T13:00:00.000Z";"2026-03-16T13:15:00.000Z";3527.82
"2026-03-16T13:15:00.000Z";"2026-03-16T13:30:00.000Z";3536.85
"2026-03-16T13:30:00.000Z";"2026-03-16T13:45:00.000Z";3618.95
"2026-03-16T13:45:00.000Z";"2026-03-16T14:00:00.000Z";3541.78
"2026-03-16T14:00:00.000Z";"2026-03-16T14:15:00.000Z";3301.49
"2026-03-16T14:15:00.000Z";"2026-03-16T14:30:00.000Z";3339.43
"2026-03-16T14:30:00.000Z";"2026-03-16T14:45:00.000Z";3263.31
"2026-03-16T14:45:00.000Z";"2026-03-16T15:00:00.000Z";3291.13
"2026-03-16T15:00:00.000Z";"2026-03-16T15:15:00.000Z";3475.16
"2026-03-16T15:15:00.000Z";"2026-03-16T15:30:00.000Z";3642.03
"2026-03-16T15:30:00.000Z";"2026-03-16T15:45:00.000Z";3773.33
"2026-03-16T15:45:00.000Z";"2026-03-16T16:00:00.000Z";3936.3
"2026-03-16T16:00:00.000Z";"2026-03-16T16:15:00.000Z";4077.84
"2026-03-16T16:15:00.000Z";"2026-03-16T16:30:00.000Z";4225.59
"2026-03-16T16:30:00.000Z";"2026-03-16T16:45:00.000Z";4286.89
"2026-03-16T16:45:00.000Z";"2026-03-16T17:00:00.000Z";4390.84
"2026-03-16T17:00:00.000Z";"2026-03-16T17:15:00.000Z";4512.07
"2026-03-16T17:15:00.000Z";"2026-03-16T17:30:00.000Z";4616.49
"2026-03-16T17:30:00.000Z";"2026-03-16T17:45:00.000Z";4754.49
"2026-03-16T17:45:00.000Z";"2026-03-16T18:00:00.000Z";4848.03
"2026-03-16T18:00:00.000Z";"2026-03-16T18:15:00.000Z";4785.59
"2026-03-16T18:15:00.000Z";"2026-03-16T18:30:00.000Z";4902.05
"2026-03-16T18:30:00.000Z";"2026-03-16T18:45:00.000Z";5103.94
"2026-03-16T18:45:00.000Z";"2026-03-16T19:00:00.000Z";5137.67
"2026-03-16T19:00:00.000Z";"2026-03-16T19:15:00.000Z";5005.92
"2026-03-16T19:15:00.000Z";"2026-03-16T19:30:00.000Z";5013.35
"2026-03-16T19:30:00.000Z";"2026-03-16T19:45:00.000Z";5055.59
"2026-03-16T19:45:00.000Z";"2026-03-16T20:00:00.000Z";4977.72
"2026-03-16T20:00:00.000Z";"2026-03-16T20:15:00.000Z";5021.9
"2026-03-16T20:15:00.000Z";"2026-03-16T20:30:00.000Z";4996.55
"2026-03-16T20:30:00.000Z";"2026-03-16T20:45:00.000Z";4977.12
"2026-03-16T20:45:00.000Z";"2026-03-16T21:00:00.000Z";4944.42
"2026-03-16T21:00:00.000Z";"2026-03-16T21:15:00.000Z";4997.66
"2026-03-16T21:15:00.000Z";"2026-03-16T21:30:00.000Z";4890.62
"2026-03-16T21:30:00.000Z";"2026-03-16T21:45:00.000Z";4863.74
"2026-03-16T21:45:00.000Z";"2026-03-16T22:00:00.000Z";4565.99
"2026-03-16T22:00:00.000Z";"2026-03-16T22:15:00.000Z";4504.53
"2026-03-16T22:15:00.000Z";"2026-03-16T22:30:00.000Z";4479.85
"2026-03-16T22:30:00.000Z";"2026-03-16T22:45:00.000Z";4385.11
"2026-03-16T22:45:00.000Z";"2026-03-16T23:00:00.000Z";4395.5
"2026-03-16T23:00:00.000Z";"2026-03-16T23:15:00.000Z";4343.51
"2026-03-16T23:15:00.000Z";"2026-03-16T23:30:00.000Z";4136.88
"2026-03-16T23:30:00.000Z";"2026-03-16T23:45:00.000Z";4109.2
"2026-03-16T23:45:00.000Z";"2026-03-17T00:00:00.000Z";4233
"2026-03-17T00:00:00.000Z";"2026-03-17T00:15:00.000Z";4261.17
"2026-03-17T00:15:00.000Z";"2026-03-17T00:30:00.000Z";4340.43
"2026-03-17T00:30:00.000Z";"2026-03-17T00:45:00.000Z";4260.14
"2026-03-17T00:45:00.000Z";"2026-03-17T01:00:00.000Z";4246.34
"2026-03-17T01:00:00.000Z";"2026-03-17T01:15:00.000Z";4233.26
"2026-03-17T01:15:00.000Z";"2026-03-17T01:30:00.000Z";4217.7
"2026-03-17T01:30:00.000Z";"2026-03-17T01:45:00.000Z";4246.52
"2026-03-17T01:45:00.000Z";"2026-03-17T02:00:00.000Z";4306.75
"2026-03-17T02:00:00.000Z";"2026-03-17T02:15:00.000Z";4102.74
"2026-03-17T02:15:00.000Z";"2026-03-17T02:30:00.000Z";3923.02
"2026-03-17T02:30:00.000Z";"2026-03-17T02:45:00.000Z";4005.98
"2026-03-17T02:45:00.000Z";"2026-03-17T03:00:00.000Z";3984
"2026-03-17T03:00:00.000Z";"2026-03-17T03:15:00.000Z";3920.02
"2026-03-17T03:15:00.000Z";"2026-03-17T03:30:00.000Z";3898.76
"2026-03-17T03:30:00.000Z";"2026-03-17T03:45:00.000Z";3904.08
"2026-03-17T03:45:00.000Z";"2026-03-17T04:00:00.000Z";3941.39
"2026-03-17T04:00:00.000Z";"2026-03-17T04:15:00.000Z";3871.11
"2026-03-17T04:15:00.000Z";"2026-03-17T04:30:00.000Z";3857.22
"2026-03-17T04:30:00.000Z";"2026-03-17T04:45:00.000Z";3799.68
"2026-03-17T04:45:00.000Z";"2026-03-17T05:00:00.000Z";3754.63
"2026-03-17T05:00:00.000Z";"2026-03-17T05:15:00.000Z";3691.02
"2026-03-17T05:15:00.000Z";"2026-03-17T05:30:00.000Z";3664.46
"2026-03-17T05:30:00.000Z";"2026-03-17T05:45:00.000Z";3622.22
"2026-03-17T05:45:00.000Z";"2026-03-17T06:00:00.000Z";3730
"2026-03-17T06:00:00.000Z";"2026-03-17T06:15:00.000Z";3560.64
"2026-03-17T06:15:00.000Z";"2026-03-17T06:30:00.000Z";3419.71
"2026-03-17T06:30:00.000Z";"2026-03-17T06:45:00.000Z";3445.42
"2026-03-17T06:45:00.000Z";"2026-03-17T07:00:00.000Z";3590.43
"2026-03-17T07:00:00.000Z";"2026-03-17T07:15:00.000Z";3595.31
"2026-03-17T07:15:00.000Z";"2026-03-17T07:30:00.000Z";3369.68
"2026-03-17T07:30:00.000Z";"2026-03-17T07:45:00.000Z";3465.01
"2026-03-17T07:45:00.000Z";"2026-03-17T08:00:00.000Z";3488.25
"2026-03-17T08:00:00.000Z";"2026-03-17T08:15:00.000Z";3556.29
"2026-03-17T08:15:00.000Z";"2026-03-17T08:30:00.000Z";3650.41
"2026-03-17T08:30:00.000Z";"2026-03-17T08:45:00.000Z";3633.88
"2026-03-17T08:45:00.000Z";"2026-03-17T09:00:00.000Z";3757.45
"2026-03-17T09:00:00.000Z";"2026-03-17T09:15:00.000Z";3759.61
"2026-03-17T09:15:00.000Z";"2026-03-17T09:30:00.000Z";3728.65
"2026-03-17T09:30:00.000Z";"2026-03-17T09:45:00.000Z";3673.2
"2026-03-17T09:45:00.000Z";"2026-03-17T10:00:00.000Z";3725.53
"2026-03-17T10:00:00.000Z";"2026-03-17T10:15:00.000Z";3730.26
"2026-03-17T10:15:00.000Z";"2026-03-17T10:30:00.000Z";3650.7
"2026-03-17T10:30:00.000Z";"2026-03-17T10:45:00.000Z";3618.88
"2026-03-17T10:45:00.000Z";"2026-03-17T11:00:00.000Z";3640.83
"2026-03-17T11:00:00.000Z";"2026-03-17T11:15:00.000Z";3627.89
"2026-03-17T11:15:00.000Z";"2026-03-17T11:30:00.000Z";3595.67
"2026-03-17T11:30:00.000Z";"2026-03-17T11:45:00.000Z";3675.26
"2026-03-17T11:45:00.000Z";"2026-03-17T12:00:00.000Z";3797.63
"2026-03-17T12:00:00.000Z";"2026-03-17T12:15:00.000Z";3744.32
"2026-03-17T12:15:00.000Z";"2026-03-17T12:30:00.000Z";3690.47
"2026-03-17T12:30:00.000Z";"2026-03-17T12:45:00.000Z";3711.17
"2026-03-17T12:45:00.000Z";"2026-03-17T13:00:00.000Z";3759.84
"2026-03-17T13:00:00.000Z";"2026-03-17T13:15:00.000Z";3770.01
"2026-03-17T13:15:00.000Z";"2026-03-17T13:30:00.000Z";3888.25
"2026-03-17T13:30:00.000Z";"2026-03-17T13:45:00.000Z";3933.31
"2026-03-17T13:45:00.000Z";"2026-03-17T14:00:00.000Z";3959.43
"2026-03-17T14:00:00.000Z";"2026-03-17T14:15:00.000Z";3978.02
"2026-03-17T14:15:00.000Z";"2026-03-17T14:30:00.000Z";4020.5
"2026-03-17T14:30:00.000Z";"2026-03-17T14:45:00.000Z";4098.9
"2026-03-17T14:45:00.000Z";"2026-03-17T15:00:00.000Z";4180.59
"2026-03-17T15:00:00.000Z";"2026-03-17T15:15:00.000Z";4269.02
"2026-03-17T15:15:00.000Z";"2026-03-17T15:30:00.000Z";4298.84
"2026-03-17T15:30:00.000Z";"2026-03-17T15:45:00.000Z";4383.69
"2026-03-17T15:45:00.000Z";"2026-03-17T16:00:00.000Z";4470.88
"2026-03-17T16:00:00.000Z";"2026-03-17T16:15:00.000Z";4649.41
"2026-03-17T16:15:00.000Z";"2026-03-17T16:30:00.000Z";4770.75
"2026-03-17T16:30:00.000Z";"2026-03-17T16:45:00.000Z";4778.92
"2026-03-17T16:45:00.000Z";"2026-03-17T17:00:00.000Z";4922.3
"2026-03-17T17:00:00.000Z";"2026-03-17T17:15:00.000Z";5126.45
"2026-03-17T17:15:00.000Z";"2026-03-17T17:30:00.000Z";5363.41
"2026-03-17T17:30:00.000Z";"2026-03-17T17:45:00.000Z";5536.09
"2026-03-17T17:45:00.000Z";"2026-03-17T18:00:00.000Z";5631.01
"2026-03-17T18:00:00.000Z";"2026-03-17T18:15:00.000Z";5750.07
"2026-03-17T18:15:00.000Z";"2026-03-17T18:30:00.000Z";5788.35
"2026-03-17T18:30:00.000Z";"2026-03-17T18:45:00.000Z";5849.56
"2026-03-17T18:45:00.000Z";"2026-03-17T19:00:00.000Z";5857.3
"2026-03-17T19:00:00.000Z";"2026-03-17T19:15:00.000Z";5885.79
"2026-03-17T19:15:00.000Z";"2026-03-17T19:30:00.000Z";5692.32
"2026-03-17T19:30:00.000Z";"2026-03-17T19:45:00.000Z";5680.2
"2026-03-17T19:45:00.000Z";"2026-03-17T20:00:00.000Z";5747.09
"2026-03-17T20:00:00.000Z";"2026-03-17T20:15:00.000Z";5755.78
"2026-03-17T20:15:00.000Z";"2026-03-17T20:30:00.000Z";5700.41
"2026-03-17T20:30:00.000Z";"2026-03-17T20:45:00.000Z";5755.39
"2026-03-17T20:45:00.000Z";"2026-03-17T21:00:00.000Z";5782.43
"2026-03-17T21:00:00.000Z";"2026-03-17T21:15:00.000Z";5732.54
"2026-03-17T21:15:00.000Z";"2026-03-17T21:30:00.000Z";5704.78
"2026-03-17T21:30:00.000Z";"2026-03-17T21:45:00.000Z";5686.33
"2026-03-17T21:45:00.000Z";"2026-03-17T22:00:00.000Z";5585.12
"2026-03-17T22:00:00.000Z";"2026-03-17T22:15:00.000Z";5692.87
"2026-03-17T22:15:00.000Z";"2026-03-17T22:30:00.000Z";5608.7
"2026-03-17T22:30:00.000Z";"2026-03-17T22:45:00.000Z";5561.91
"2026-03-17T22:45:00.000Z";"2026-03-17T23:00:00.000Z";5211.05
"2026-03-17T23:00:00.000Z";"2026-03-17T23:15:00.000Z";5688.54
"2026-03-17T23:15:00.000Z";"2026-03-17T23:30:00.000Z";5941.2
"2026-03-17T23:30:00.000Z";"2026-03-17T23:45:00.000Z";5896.96
"2026-03-17T23:45:00.000Z";"2026-03-18T00:00:00.000Z";5992.03
"2026-03-18T00:00:00.000Z";"2026-03-18T00:15:00.000Z";5898.64
"2026-03-18T00:15:00.000Z";"2026-03-18T00:30:00.000Z";5828.2
"2026-03-18T00:30:00.000Z";"2026-03-18T00:45:00.000Z";5819.78
"2026-03-18T00:45:00.000Z";"2026-03-18T01:00:00.000Z";5784.05
"2026-03-18T01:00:00.000Z";"2026-03-18T01:15:00.000Z";5983.16
"2026-03-18T01:15:00.000Z";"2026-03-18T01:30:00.000Z";5842.45
"2026-03-18T01:30:00.000Z";"2026-03-18T01:45:00.000Z";5977.35
"2026-03-18T01:45:00.000Z";"2026-03-18T02:00:00.000Z";6018.32
"2026-03-18T02:00:00.000Z";"2026-03-18T02:15:00.000Z";5970.61
"2026-03-18T02:15:00.000Z";"2026-03-18T02:30:00.000Z";6001.49
"2026-03-18T02:30:00.000Z";"2026-03-18T02:45:00.000Z";5855.7
"2026-03-18T02:45:00.000Z";"2026-03-18T03:00:00.000Z";5852.99
"2026-03-18T03:00:00.000Z";"2026-03-18T03:15:00.000Z";6030.57
"2026-03-18T03:15:00.000Z";"2026-03-18T03:30:00.000Z";5969.93
"2026-03-18T03:30:00.000Z";"2026-03-18T03:45:00.000Z";6164.31
"2026-03-18T03:45:00.000Z";"2026-03-18T04:00:00.000Z";5932.75
"2026-03-18T04:00:00.000Z";"2026-03-18T04:15:00.000Z";6214.71
"2026-03-18T04:15:00.000Z";"2026-03-18T04:30:00.000Z";6567.55
"2026-03-18T04:30:00.000Z";"2026-03-18T04:45:00.000Z";6630.89
"2026-03-18T04:45:00.000Z";"2026-03-18T05:00:00.000Z";6722.99
"2026-03-18T05:00:00.000Z";"2026-03-18T05:15:00.000Z";6501.31
"2026-03-18T05:15:00.000Z";"2026-03-18T05:30:00.000Z";6606.9
"2026-03-18T05:30:00.000Z";"2026-03-18T05:45:00.000Z";7024.98
"2026-03-18T05:45:00.000Z";"2026-03-18T06:00:00.000Z";7163.52
"2026-03-18T06:00:00.000Z";"2026-03-18T06:15:00.000Z";7146.11
"2026-03-18T06:15:00.000Z";"2026-03-18T06:30:00.000Z";6883.19
"2026-03-18T06:30:00.000Z";"2026-03-18T06:45:00.000Z";6570.24
"2026-03-18T06:45:00.000Z";"2026-03-18T07:00:00.000Z";6581.21
"2026-03-18T07:00:00.000Z";"2026-03-18T07:15:00.000Z";6739
"2026-03-18T07:15:00.000Z";"2026-03-18T07:30:00.000Z";6638.23
"2026-03-18T07:30:00.000Z";"2026-03-18T07:45:00.000Z";6560.2
"2026-03-18T07:45:00.000Z";"2026-03-18T08:00:00.000Z";6472.36
"2026-03-18T08:00:00.000Z";"2026-03-18T08:15:00.000Z";6542.56
"2026-03-18T08:15:00.000Z";"2026-03-18T08:30:00.000Z";6539.91
"2026-03-18T08:30:00.000Z";"2026-03-18T08:45:00.000Z";6461.91
"2026-03-18T08:45:00.000Z";"2026-03-18T09:00:00.000Z";6137.09
"2026-03-18T09:00:00.000Z";"2026-03-18T09:15:00.000Z";6202.72
"2026-03-18T09:15:00.000Z";"2026-03-18T09:30:00.000Z";5980.21
"2026-03-18T09:30:00.000Z";"2026-03-18T09:45:00.000Z";5864.87
"2026-03-18T09:45:00.000Z";"2026-03-18T10:00:00.000Z";5956.55
"2026-03-18T10:00:00.000Z";"2026-03-18T10:15:00.000Z";5924.07
"2026-03-18T10:15:00.000Z";"2026-03-18T10:30:00.000Z";5908.86
"2026-03-18T10:30:00.000Z";"2026-03-18T10:45:00.000Z";5857.37
"2026-03-18T10:45:00.000Z";"2026-03-18T11:00:00.000Z";5836.78
"2026-03-18T11:00:00.000Z";"2026-03-18T11:15:00.000Z";5876.3
"2026-03-18T11:15:00.000Z";"2026-03-18T11:30:00.000Z";5851.14
"2026-03-18T11:30:00.000Z";"2026-03-18T11:45:00.000Z";5831.14
"2026-03-18T11:45:00.000Z";"2026-03-18T12:00:00.000Z";5906.76
"2026-03-18T12:00:00.000Z";"2026-03-18T12:15:00.000Z";5879.45
"2026-03-18T12:15:00.000Z";"2026-03-18T12:30:00.000Z";5952.51
"2026-03-18T12:30:00.000Z";"2026-03-18T12:45:00.000Z";5954.64
"2026-03-18T12:45:00.000Z";"2026-03-18T13:00:00.000Z";5962.1
"2026-03-18T13:00:00.000Z";"2026-03-18T13:15:00.000Z";5944.7
"2026-03-18T13:15:00.000Z";"2026-03-18T13:30:00.000Z";6016.85
"2026-03-18T13:30:00.000Z";"2026-03-18T13:45:00.000Z";6013.23
"2026-03-18T13:45:00.000Z";"2026-03-18T14:00:00.000Z";6179.48
"2026-03-18T14:00:00.000Z";"2026-03-18T14:15:00.000Z";6312.68
"2026-03-18T14:15:00.000Z";"2026-03-18T14:30:00.000Z";6445.67
"2026-03-18T14:30:00.000Z";"2026-03-18T14:45:00.000Z";6794.76
"2026-03-18T14:45:00.000Z";"2026-03-18T15:00:00.000Z";6711.18
"2026-03-18T15:00:00.000Z";"2026-03-18T15:15:00.000Z";6582.95
"2026-03-18T15:15:00.000Z";"2026-03-18T15:30:00.000Z";6607.7
"2026-03-18T15:30:00.000Z";"2026-03-18T15:45:00.000Z";6737.7
"2026-03-18T15:45:00.000Z";"2026-03-18T16:00:00.000Z";6973.21
"2026-03-18T16:00:00.000Z";"2026-03-18T16:15:00.000Z";7067.14
"2026-03-18T16:15:00.000Z";"2026-03-18T16:30:00.000Z";7164.64
"2026-03-18T16:30:00.000Z";"2026-03-18T16:45:00.000Z";7231.03
"2026-03-18T16:45:00.000Z";"2026-03-18T17:00:00.000Z";7228.9
"2026-03-18T17:00:00.000Z";"2026-03-18T17:15:00.000Z";7405.62
"2026-03-18T17:15:00.000Z";"2026-03-18T17:30:00.000Z";7360.99
"2026-03-18T17:30:00.000Z";"2026-03-18T17:45:00.000Z";7305.54
"2026-03-18T17:45:00.000Z";"2026-03-18T18:00:00.000Z";7315.1
"2026-03-18T18:00:00.000Z";"2026-03-18T18:15:00.000Z";7010.25
"2026-03-18T18:15:00.000Z";"2026-03-18T18:30:00.000Z";7028.83
"2026-03-18T18:30:00.000Z";"2026-03-18T18:45:00.000Z";6943.3
"2026-03-18T18:45:00.000Z";"2026-03-18T19:00:00.000Z";6628.5
"2026-03-18T19:00:00.000Z";"2026-03-18T19:15:00.000Z";6565.6
"2026-03-18T19:15:00.000Z";"2026-03-18T19:30:00.000Z";6520.78
"2026-03-18T19:30:00.000Z";"2026-03-18T19:45:00.000Z";6397.54
"2026-03-18T19:45:00.000Z";"2026-03-18T20:00:00.000Z";6354.39
"2026-03-18T20:00:00.000Z";"2026-03-18T20:15:00.000Z";6353.12
"2026-03-18T20:15:00.000Z";"2026-03-18T20:30:00.000Z";6056.45
"2026-03-18T20:30:00.000Z";"2026-03-18T20:45:00.000Z";6039.76
"2026-03-18T20:45:00.000Z";"2026-03-18T21:00:00.000Z";6095.64
"2026-03-18T21:00:00.000Z";"2026-03-18T21:15:00.000Z";6053.92
"2026-03-18T21:15:00.000Z";"2026-03-18T21:30:00.000Z";6009.79
"2026-03-18T21:30:00.000Z";"2026-03-18T21:45:00.000Z";5908.18
"2026-03-18T21:45:00.000Z";"2026-03-18T22:00:00.000Z";5877.74
"2026-03-18T22:00:00.000Z";"2026-03-18T22:15:00.000Z";5922.33
"2026-03-18T22:15:00.000Z";"2026-03-18T22:30:00.000Z";5867.28
"2026-03-18T22:30:00.000Z";"2026-03-18T22:45:00.000Z";5948.81
"2026-03-18T22:45:00.000Z";"2026-03-18T23:00:00.000Z";5802.6
"2026-03-18T23:00:00.000Z";"2026-03-18T23:15:00.000Z";5768.19
"2026-03-18T23:15:00.000Z";"2026-03-18T23:30:00.000Z";5797.75
"2026-03-18T23:30:00.000Z";"2026-03-18T23:45:00.000Z";5550.08
"2026-03-18T23:45:00.000Z";"2026-03-19T00:00:00.000Z";5401.93
"2026-03-19T00:00:00.000Z";"2026-03-19T00:15:00.000Z";5550.23
"2026-03-19T00:15:00.000Z";"2026-03-19T00:30:00.000Z";5667.29
"2026-03-19T00:30:00.000Z";"2026-03-19T00:45:00.000Z";5834.04
"2026-03-19T00:45:00.000Z";"2026-03-19T01:00:00.000Z";5887.63
"2026-03-19T01:00:00.000Z";"2026-03-19T01:15:00.000Z";5790.35
"2026-03-19T01:15:00.000Z";"2026-03-19T01:30:00.000Z";5665.74
"2026-03-19T01:30:00.000Z";"2026-03-19T01:45:00.000Z";5518.07
"2026-03-19T01:45:00.000Z";"2026-03-19T02:00:00.000Z";5614.85
"2026-03-19T02:00:00.000Z";"2026-03-19T02:15:00.000Z";5499.26
"2026-03-19T02:15:00.000Z";"2026-03-19T02:30:00.000Z";5782.14
"2026-03-19T02:30:00.000Z";"2026-03-19T02:45:00.000Z";5805.97
"2026-03-19T02:45:00.000Z";"2026-03-19T03:00:00.000Z";5919.33
"2026-03-19T03:00:00.000Z";"2026-03-19T03:15:00.000Z";6054.31
"2026-03-19T03:15:00.000Z";"2026-03-19T03:30:00.000Z";6020.79
"2026-03-19T03:30:00.000Z";"2026-03-19T03:45:00.000Z";5810.02
"2026-03-19T03:45:00.000Z";"2026-03-19T04:00:00.000Z";5821.98
"2026-03-19T04:00:00.000Z";"2026-03-19T04:15:00.000Z";5865.59
"2026-03-19T04:15:00.000Z";"2026-03-19T04:30:00.000Z";5836.28
"2026-03-19T04:30:00.000Z";"2026-03-19T04:45:00.000Z";6098.82
"2026-03-19T04:45:00.000Z";"2026-03-19T05:00:00.000Z";6232.01
"2026-03-19T05:00:00.000Z";"2026-03-19T05:15:00.000Z";5982.76
"2026-03-19T05:15:00.000Z";"2026-03-19T05:30:00.000Z";5967.87
"2026-03-19T05:30:00.000Z";"2026-03-19T05:45:00.000Z";6108.71
"2026-03-19T05:45:00.000Z";"2026-03-19T06:00:00.000Z";6253.14
"2026-03-19T06:00:00.000Z";"2026-03-19T06:15:00.000Z";5975.61
"2026-03-19T06:15:00.000Z";"2026-03-19T06:30:00.000Z";5826.84
"2026-03-19T06:30:00.000Z";"2026-03-19T06:45:00.000Z";5883.17
"2026-03-19T06:45:00.000Z";"2026-03-19T07:00:00.000Z";5742.5
"2026-03-19T07:00:00.000Z";"2026-03-19T07:15:00.000Z";5623.83
"2026-03-19T07:15:00.000Z";"2026-03-19T07:30:00.000Z";5566.91
"2026-03-19T07:30:00.000Z";"2026-03-19T07:45:00.000Z";5659.42
"2026-03-19T07:45:00.000Z";"2026-03-19T08:00:00.000Z";5585.14
"2026-03-19T08:00:00.000Z";"2026-03-19T08:15:00.000Z";5443.07
"2026-03-19T08:15:00.000Z";"2026-03-19T08:30:00.000Z";5546.43
"2026-03-19T08:30:00.000Z";"2026-03-19T08:45:00.000Z";5494.37
"2026-03-19T08:45:00.000Z";"2026-03-19T09:00:00.000Z";5165.66
"2026-03-19T09:00:00.000Z";"2026-03-19T09:15:00.000Z";5110.17
"2026-03-19T09:15:00.000Z";"2026-03-19T09:30:00.000Z";4972.15
"2026-03-19T09:30:00.000Z";"2026-03-19T09:45:00.000Z";4767.17
"2026-03-19T09:45:00.000Z";"2026-03-19T10:00:00.000Z";4867.53
"2026-03-19T10:00:00.000Z";"2026-03-19T10:15:00.000Z";5179.15
"2026-03-19T10:15:00.000Z";"2026-03-19T10:30:00.000Z";5160.76
"2026-03-19T10:30:00.000Z";"2026-03-19T10:45:00.000Z";5175.69
"2026-03-19T10:45:00.000Z";"2026-03-19T11:00:00.000Z";5151.57
"2026-03-19T11:00:00.000Z";"2026-03-19T11:15:00.000Z";5112.69
"2026-03-19T11:15:00.000Z";"2026-03-19T11:30:00.000Z";5212.14
"2026-03-19T11:30:00.000Z";"2026-03-19T11:45:00.000Z";5174.25
"2026-03-19T11:45:00.000Z";"2026-03-19T12:00:00.000Z";5093.74
"2026-03-19T12:00:00.000Z";"2026-03-19T12:15:00.000Z";5179.71
"2026-03-19T12:15:00.000Z";"2026-03-19T12:30:00.000Z";5251.17
"2026-03-19T12:30:00.000Z";"2026-03-19T12:45:00.000Z";5145.97
"2026-03-19T12:45:00.000Z";"2026-03-19T13:00:00.000Z";5015.03
"2026-03-19T13:00:00.000Z";"2026-03-19T13:15:00.000Z";5063.36
"2026-03-19T13:15:00.000Z";"2026-03-19T13:30:00.000Z";5005.17
"2026-03-19T13:30:00.000Z";"2026-03-19T13:45:00.000Z";5131.25
"2026-03-19T13:45:00.000Z";"2026-03-19T14:00:00.000Z";5089.96
"2026-03-19T14:00:00.000Z";"2026-03-19T14:15:00.000Z";4929.4
"2026-03-19T14:15:00.000Z";"2026-03-19T14:30:00.000Z";4907.04
"2026-03-19T14:30:00.000Z";"2026-03-19T14:45:00.000Z";5011.3
"2026-03-19T14:45:00.000Z";"2026-03-19T15:00:00.000Z";5121.33
"2026-03-19T15:00:00.000Z";"2026-03-19T15:15:00.000Z";5103.75
"2026-03-19T15:15:00.000Z";"2026-03-19T15:30:00.000Z";5022.75
"2026-03-19T15:30:00.000Z";"2026-03-19T15:45:00.000Z";4915.17
"2026-03-19T15:45:00.000Z";"2026-03-19T16:00:00.000Z";4862.12
"2026-03-19T16:00:00.000Z";"2026-03-19T16:15:00.000Z";4832.48
"2026-03-19T16:15:00.000Z";"2026-03-19T16:30:00.000Z";5009.76
"2026-03-19T16:30:00.000Z";"2026-03-19T16:45:00.000Z";5347.56
"2026-03-19T16:45:00.000Z";"2026-03-19T17:00:00.000Z";5665.78
"2026-03-19T17:00:00.000Z";"2026-03-19T17:15:00.000Z";6084.94
"2026-03-19T17:15:00.000Z";"2026-03-19T17:30:00.000Z";6527.95
"2026-03-19T17:30:00.000Z";"2026-03-19T17:45:00.000Z";6536
"2026-03-19T17:45:00.000Z";"2026-03-19T18:00:00.000Z";6288.71
"2026-03-19T18:00:00.000Z";"2026-03-19T18:15:00.000Z";6400.21
"2026-03-19T18:15:00.000Z";"2026-03-19T18:30:00.000Z";6526.42
"2026-03-19T18:30:00.000Z";"2026-03-19T18:45:00.000Z";6682.6
"2026-03-19T18:45:00.000Z";"2026-03-19T19:00:00.000Z";6583.83
"2026-03-19T19:00:00.000Z";"2026-03-19T19:15:00.000Z";6594.06
"2026-03-19T19:15:00.000Z";"2026-03-19T19:30:00.000Z";6581.94
"2026-03-19T19:30:00.000Z";"2026-03-19T19:45:00.000Z";6564.63
"2026-03-19T19:45:00.000Z";"2026-03-19T20:00:00.000Z";6511.57
"2026-03-19T20:00:00.000Z";"2026-03-19T20:15:00.000Z";6506.42
"2026-03-19T20:15:00.000Z";"2026-03-19T20:30:00.000Z";6317.84
"2026-03-19T20:30:00.000Z";"2026-03-19T20:45:00.000Z";6311.9
"2026-03-19T20:45:00.000Z";"2026-03-19T21:00:00.000Z";6176.61
"2026-03-19T21:00:00.000Z";"2026-03-19T21:15:00.000Z";6080.66
"2026-03-19T21:15:00.000Z";"2026-03-19T21:30:00.000Z";6033.59
"2026-03-19T21:30:00.000Z";"2026-03-19T21:45:00.000Z";5906.38
"2026-03-19T21:45:00.000Z";"2026-03-19T22:00:00.000Z";5826.15
"2026-03-19T22:00:00.000Z";"2026-03-19T22:15:00.000Z";5537.15
"2026-03-19T22:15:00.000Z";"2026-03-19T22:30:00.000Z";5437.02
"2026-03-19T22:30:00.000Z";"2026-03-19T22:45:00.000Z";5395.73
"2026-03-19T22:45:00.000Z";"2026-03-19T23:00:00.000Z";5159.48
"2026-03-19T23:00:00.000Z";"2026-03-19T23:15:00.000Z";5058
"2026-03-19T23:15:00.000Z";"2026-03-19T23:30:00.000Z";4964.9
"2026-03-19T23:30:00.000Z";"2026-03-19T23:45:00.000Z";4957.3
"2026-03-19T23:45:00.000Z";"2026-03-20T00:00:00.000Z";5010.51
"2026-03-20T00:00:00.000Z";"2026-03-20T00:15:00.000Z";4987.31
"2026-03-20T00:15:00.000Z";"2026-03-20T00:30:00.000Z";5026.49
"2026-03-20T00:30:00.000Z";"2026-03-20T00:45:00.000Z";5021.24
"2026-03-20T00:45:00.000Z";"2026-03-20T01:00:00.000Z";4864.92
"2026-03-20T01:00:00.000Z";"2026-03-20T01:15:00.000Z";4492.34
"2026-03-20T01:15:00.000Z";"2026-03-20T01:30:00.000Z";4130.65
"2026-03-20T01:30:00.000Z";"2026-03-20T01:45:00.000Z";3753.92
"2026-03-20T01:45:00.000Z";"2026-03-20T02:00:00.000Z";3296.42
"2026-03-20T02:00:00.000Z";"2026-03-20T02:15:00.000Z";2798.29
"2026-03-20T02:15:00.000Z";"2026-03-20T02:30:00.000Z";2426.83
"2026-03-20T02:30:00.000Z";"2026-03-20T02:45:00.000Z";2266.82
"2026-03-20T02:45:00.000Z";"2026-03-20T03:00:00.000Z";2310.54
"2026-03-20T03:00:00.000Z";"2026-03-20T03:15:00.000Z";2501.56
"2026-03-20T03:15:00.000Z";"2026-03-20T03:30:00.000Z";2793.34
"2026-03-20T03:30:00.000Z";"2026-03-20T03:45:00.000Z";3004.68
"2026-03-20T03:45:00.000Z";"2026-03-20T04:00:00.000Z";3034.14
"2026-03-20T04:00:00.000Z";"2026-03-20T04:15:00.000Z";3017.79
"2026-03-20T04:15:00.000Z";"2026-03-20T04:30:00.000Z";3075.81
"2026-03-20T04:30:00.000Z";"2026-03-20T04:45:00.000Z";3051.77
"2026-03-20T04:45:00.000Z";"2026-03-20T05:00:00.000Z";2973.46
"2026-03-20T05:00:00.000Z";"2026-03-20T05:15:00.000Z";2872.59
"2026-03-20T05:15:00.000Z";"2026-03-20T05:30:00.000Z";2908.62
"2026-03-20T05:30:00.000Z";"2026-03-20T05:45:00.000Z";2889.74
"2026-03-20T05:45:00.000Z";"2026-03-20T06:00:00.000Z";2853.54
"2026-03-20T06:00:00.000Z";"2026-03-20T06:15:00.000Z";2734.86
"2026-03-20T06:15:00.000Z";"2026-03-20T06:30:00.000Z";2411.21
"2026-03-20T06:30:00.000Z";"2026-03-20T06:45:00.000Z";2040.84
"2026-03-20T06:45:00.000Z";"2026-03-20T07:00:00.000Z";1819.53
"2026-03-20T07:00:00.000Z";"2026-03-20T07:15:00.000Z";1694.86
"2026-03-20T07:15:00.000Z";"2026-03-20T07:30:00.000Z";1563.1
"2026-03-20T07:30:00.000Z";"2026-03-20T07:45:00.000Z";1402.92
"2026-03-20T07:45:00.000Z";"2026-03-20T08:00:00.000Z";1301.42
"2026-03-20T08:00:00.000Z";"2026-03-20T08:15:00.000Z";1251.03
"2026-03-20T08:15:00.000Z";"2026-03-20T08:30:00.000Z";1308.69
"2026-03-20T08:30:00.000Z";"2026-03-20T08:45:00.000Z";1376.12
"2026-03-20T08:45:00.000Z";"2026-03-20T09:00:00.000Z";1559.69
"2026-03-20T09:00:00.000Z";"2026-03-20T09:15:00.000Z";1747.01
"2026-03-20T09:15:00.000Z";"2026-03-20T09:30:00.000Z";1745.32
"2026-03-20T09:30:00.000Z";"2026-03-20T09:45:00.000Z";1727.34
"2026-03-20T09:45:00.000Z";"2026-03-20T10:00:00.000Z";1720
"2026-03-20T10:00:00.000Z";"2026-03-20T10:15:00.000Z";1815.45
"2026-03-20T10:15:00.000Z";"2026-03-20T10:30:00.000Z";1956.47
"2026-03-20T10:30:00.000Z";"2026-03-20T10:45:00.000Z";2101.52
"2026-03-20T10:45:00.000Z";"2026-03-20T11:00:00.000Z";2184
"2026-03-20T11:00:00.000Z";"2026-03-20T11:15:00.000Z";2256.45
"2026-03-20T11:15:00.000Z";"2026-03-20T11:30:00.000Z";2291.96
"2026-03-20T11:30:00.000Z";"2026-03-20T11:45:00.000Z";2339.56
"2026-03-20T11:45:00.000Z";"2026-03-20T12:00:00.000Z";2434.11
"2026-03-20T12:00:00.000Z";"2026-03-20T12:15:00.000Z";2664.82
"2026-03-20T12:15:00.000Z";"2026-03-20T12:30:00.000Z";2818.27
"2026-03-20T12:30:00.000Z";"2026-03-20T12:45:00.000Z";2733.43
"2026-03-20T12:45:00.000Z";"2026-03-20T13:00:00.000Z";2796.21
"2026-03-20T13:00:00.000Z";"2026-03-20T13:15:00.000Z";2805.22
"2026-03-20T13:15:00.000Z";"2026-03-20T13:30:00.000Z";2809.43
"2026-03-20T13:30:00.000Z";"2026-03-20T13:45:00.000Z";3040.89
"2026-03-20T13:45:00.000Z";"2026-03-20T14:00:00.000Z";3298.79
"2026-03-20T14:00:00.000Z";"2026-03-20T14:15:00.000Z";3263.29
"2026-03-20T14:15:00.000Z";"2026-03-20T14:30:00.000Z";3329.26
"2026-03-20T14:30:00.000Z";"2026-03-20T14:45:00.000Z";3310.58
"2026-03-20T14:45:00.000Z";"2026-03-20T15:00:00.000Z";3377.02
"2026-03-20T15:00:00.000Z";"2026-03-20T15:15:00.000Z";3354.86
"2026-03-20T15:15:00.000Z";"2026-03-20T15:30:00.000Z";3359.35
"2026-03-20T15:30:00.000Z";"2026-03-20T15:45:00.000Z";3569.28
"2026-03-20T15:45:00.000Z";"2026-03-20T16:00:00.000Z";3694.95
"2026-03-20T16:00:00.000Z";"2026-03-20T16:15:00.000Z";3829.26
"2026-03-20T16:15:00.000Z";"2026-03-20T16:30:00.000Z";4012.83
"2026-03-20T16:30:00.000Z";"2026-03-20T16:45:00.000Z";4411.03
"2026-03-20T16:45:00.000Z";"2026-03-20T17:00:00.000Z";4729.71
"2026-03-20T17:00:00.000Z";"2026-03-20T17:15:00.000Z";5034.83
"2026-03-20T17:15:00.000Z";"2026-03-20T17:30:00.000Z";5345.7
"2026-03-20T17:30:00.000Z";"2026-03-20T17:45:00.000Z";5397.88
"2026-03-20T17:45:00.000Z";"2026-03-20T18:00:00.000Z";5428.23
"2026-03-20T18:00:00.000Z";"2026-03-20T18:15:00.000Z";5583.09
"2026-03-20T18:15:00.000Z";"2026-03-20T18:30:00.000Z";5734.66
"2026-03-20T18:30:00.000Z";"2026-03-20T18:45:00.000Z";5823.5
"2026-03-20T18:45:00.000Z";"2026-03-20T19:00:00.000Z";5806.15
"2026-03-20T19:00:00.000Z";"2026-03-20T19:15:00.000Z";5955.87
"2026-03-20T19:15:00.000Z";"2026-03-20T19:30:00.000Z";6121.55
"2026-03-20T19:30:00.000Z";"2026-03-20T19:45:00.000Z";6050.34
"2026-03-20T19:45:00.000Z";"2026-03-20T20:00:00.000Z";6046.06
"2026-03-20T20:00:00.000Z";"2026-03-20T20:15:00.000Z";6093.8
"2026-03-20T20:15:00.000Z";"2026-03-20T20:30:00.000Z";6122.57
"2026-03-20T20:30:00.000Z";"2026-03-20T20:45:00.000Z";6004.06
"2026-03-20T20:45:00.000Z";"2026-03-20T21:00:00.000Z";5874.53
"2026-03-20T21:00:00.000Z";"2026-03-20T21:15:00.000Z";5991.25
"2026-03-20T21:15:00.000Z";"2026-03-20T21:30:00.000Z";5924.54
"2026-03-20T21:30:00.000Z";"2026-03-20T21:45:00.000Z";5595.17
"2026-03-20T21:45:00.000Z";"2026-03-20T22:00:00.000Z";5399.58
"2026-03-20T22:00:00.000Z";"2026-03-20T22:15:00.000Z";5382.31
"2026-03-20T22:15:00.000Z";"2026-03-20T22:30:00.000Z";5502.29
"2026-03-20T22:30:00.000Z";"2026-03-20T22:45:00.000Z";5558.57
"2026-03-20T22:45:00.000Z";"2026-03-20T23:00:00.000Z";5499.2
"2026-03-20T23:00:00.000Z";"2026-03-20T23:15:00.000Z";5519.03
"2026-03-20T23:15:00.000Z";"2026-03-20T23:30:00.000Z";5606.08
"2026-03-20T23:30:00.000Z";"2026-03-20T23:45:00.000Z";5766.28
"2026-03-20T23:45:00.000Z";"2026-03-21T00:00:00.000Z";5768.89
"2026-03-21T00:00:00.000Z";"2026-03-21T00:15:00.000Z";5844.47
"2026-03-21T00:15:00.000Z";"2026-03-21T00:30:00.000Z";5752.94
"2026-03-21T00:30:00.000Z";"2026-03-21T00:45:00.000Z";5637
"2026-03-21T00:45:00.000Z";"2026-03-21T01:00:00.000Z";5612.08
"2026-03-21T01:00:00.000Z";"2026-03-21T01:15:00.000Z";5632.4
"2026-03-21T01:15:00.000Z";"2026-03-21T01:30:00.000Z";5587.82
"2026-03-21T01:30:00.000Z";"2026-03-21T01:45:00.000Z";5661.65
"2026-03-21T01:45:00.000Z";"2026-03-21T02:00:00.000Z";5694.1
"2026-03-21T02:00:00.000Z";"2026-03-21T02:15:00.000Z";5795.22
"2026-03-21T02:15:00.000Z";"2026-03-21T02:30:00.000Z";5809.27
"2026-03-21T02:30:00.000Z";"2026-03-21T02:45:00.000Z";5742.04
"2026-03-21T02:45:00.000Z";"2026-03-21T03:00:00.000Z";5825.52
"2026-03-21T03:00:00.000Z";"2026-03-21T03:15:00.000Z";5858.59
"2026-03-21T03:15:00.000Z";"2026-03-21T03:30:00.000Z";6009.38
"2026-03-21T03:30:00.000Z";"2026-03-21T03:45:00.000Z";6139.97
"2026-03-21T03:45:00.000Z";"2026-03-21T04:00:00.000Z";6080.04
"2026-03-21T04:00:00.000Z";"2026-03-21T04:15:00.000Z";6028.44
"2026-03-21T04:15:00.000Z";"2026-03-21T04:30:00.000Z";5835.64
"2026-03-21T04:30:00.000Z";"2026-03-21T04:45:00.000Z";5904.89
"2026-03-21T04:45:00.000Z";"2026-03-21T05:00:00.000Z";6034.06
"2026-03-21T05:00:00.000Z";"2026-03-21T05:15:00.000Z";5980.79
"2026-03-21T05:15:00.000Z";"2026-03-21T05:30:00.000Z";5903.37
"2026-03-21T05:30:00.000Z";"2026-03-21T05:45:00.000Z";5941.74
"2026-03-21T05:45:00.000Z";"2026-03-21T06:00:00.000Z";5964.94
"2026-03-21T06:00:00.000Z";"2026-03-21T06:15:00.000Z";5990.53
"2026-03-21T06:15:00.000Z";"2026-03-21T06:30:00.000Z";6127.94
"2026-03-21T06:30:00.000Z";"2026-03-21T06:45:00.000Z";6018.53
"2026-03-21T06:45:00.000Z";"2026-03-21T07:00:00.000Z";5791.44
"2026-03-21T07:00:00.000Z";"2026-03-21T07:15:00.000Z";5583.22
"2026-03-21T07:15:00.000Z";"2026-03-21T07:30:00.000Z";5359.68
"2026-03-21T07:30:00.000Z";"2026-03-21T07:45:00.000Z";5353.81
"2026-03-21T07:45:00.000Z";"2026-03-21T08:00:00.000Z";5244.2
"2026-03-21T08:00:00.000Z";"2026-03-21T08:15:00.000Z";5223.13
"2026-03-21T08:15:00.000Z";"2026-03-21T08:30:00.000Z";5110.62
"2026-03-21T08:30:00.000Z";"2026-03-21T08:45:00.000Z";5151.05
"2026-03-21T08:45:00.000Z";"2026-03-21T09:00:00.000Z";5319.07
"2026-03-21T09:00:00.000Z";"2026-03-21T09:15:00.000Z";5580.45
"2026-03-21T09:15:00.000Z";"2026-03-21T09:30:00.000Z";5704.57
"2026-03-21T09:30:00.000Z";"2026-03-21T09:45:00.000Z";5466.78
"2026-03-21T09:45:00.000Z";"2026-03-21T10:00:00.000Z";5408.27
"2026-03-21T10:00:00.000Z";"2026-03-21T10:15:00.000Z";5331.66
"2026-03-21T10:15:00.000Z";"2026-03-21T10:30:00.000Z";5208.09
"2026-03-21T10:30:00.000Z";"2026-03-21T10:45:00.000Z";5187.65
"2026-03-21T10:45:00.000Z";"2026-03-21T11:00:00.000Z";5166.77
"2026-03-21T11:00:00.000Z";"2026-03-21T11:15:00.000Z";5023.75
"2026-03-21T11:15:00.000Z";"2026-03-21T11:30:00.000Z";5166.88
"2026-03-21T11:30:00.000Z";"2026-03-21T11:45:00.000Z";4891.89
"2026-03-21T11:45:00.000Z";"2026-03-21T12:00:00.000Z";4929.6
"2026-03-21T12:00:00.000Z";"2026-03-21T12:15:00.000Z";4935
"2026-03-21T12:15:00.000Z";"2026-03-21T12:30:00.000Z";4773.25
"2026-03-21T12:30:00.000Z";"2026-03-21T12:45:00.000Z";4773.38
"2026-03-21T12:45:00.000Z";"2026-03-21T13:00:00.000Z";4751.27
"2026-03-21T13:00:00.000Z";"2026-03-21T13:15:00.000Z";4622.02
"2026-03-21T13:15:00.000Z";"2026-03-21T13:30:00.000Z";4663.58
"2026-03-21T13:30:00.000Z";"2026-03-21T13:45:00.000Z";4878.94
"2026-03-21T13:45:00.000Z";"2026-03-21T14:00:00.000Z";4982.18
"2026-03-21T14:00:00.000Z";"2026-03-21T14:15:00.000Z";4646.22
"2026-03-21T14:15:00.000Z";"2026-03-21T14:30:00.000Z";4603.85
"2026-03-21T14:30:00.000Z";"2026-03-21T14:45:00.000Z";4865.3
"2026-03-21T14:45:00.000Z";"2026-03-21T15:00:00.000Z";4919.63
"2026-03-21T15:00:00.000Z";"2026-03-21T15:15:00.000Z";4949.14
"2026-03-21T15:15:00.000Z";"2026-03-21T15:30:00.000Z";5140.48
"2026-03-21T15:30:00.000Z";"2026-03-21T15:45:00.000Z";5310.88
"2026-03-21T15:45:00.000Z";"2026-03-21T16:00:00.000Z";5429.57
"2026-03-21T16:00:00.000Z";"2026-03-21T16:15:00.000Z";5550.95
"2026-03-21T16:15:00.000Z";"2026-03-21T16:30:00.000Z";5546.82
"2026-03-21T16:30:00.000Z";"2026-03-21T16:45:00.000Z";5719.21
"2026-03-21T16:45:00.000Z";"2026-03-21T17:00:00.000Z";5713.5
"2026-03-21T17:00:00.000Z";"2026-03-21T17:15:00.000Z";5757.82
"2026-03-21T17:15:00.000Z";"2026-03-21T17:30:00.000Z";5879.21
"2026-03-21T17:30:00.000Z";"2026-03-21T17:45:00.000Z";5914.59
"2026-03-21T17:45:00.000Z";"2026-03-21T18:00:00.000Z";5895.91
"2026-03-21T18:00:00.000Z";"2026-03-21T18:15:00.000Z";5772.88
"2026-03-21T18:15:00.000Z";"2026-03-21T18:30:00.000Z";5693.62
"2026-03-21T18:30:00.000Z";"2026-03-21T18:45:00.000Z";5737.31
"2026-03-21T18:45:00.000Z";"2026-03-21T19:00:00.000Z";5826.1
"2026-03-21T19:00:00.000Z";"2026-03-21T19:15:00.000Z";5651.77
"2026-03-21T19:15:00.000Z";"2026-03-21T19:30:00.000Z";5484.67
"2026-03-21T19:30:00.000Z";"2026-03-21T19:45:00.000Z";5391
"2026-03-21T19:45:00.000Z";"2026-03-21T20:00:00.000Z";4907.83
"2026-03-21T20:00:00.000Z";"2026-03-21T20:15:00.000Z";5016.35
"2026-03-21T20:15:00.000Z";"2026-03-21T20:30:00.000Z";4970.46
"2026-03-21T20:30:00.000Z";"2026-03-21T20:45:00.000Z";4799.52
"2026-03-21T20:45:00.000Z";"2026-03-21T21:00:00.000Z";4764.44
"2026-03-21T21:00:00.000Z";"2026-03-21T21:15:00.000Z";4623.86
"2026-03-21T21:15:00.000Z";"2026-03-21T21:30:00.000Z";4523.26
"2026-03-21T21:30:00.000Z";"2026-03-21T21:45:00.000Z";4308.73
"2026-03-21T21:45:00.000Z";"2026-03-21T22:00:00.000Z";4115.86
"2026-03-21T22:00:00.000Z";"2026-03-21T22:15:00.000Z";3907.73
"2026-03-21T22:15:00.000Z";"2026-03-21T22:30:00.000Z";3697.38
"2026-03-21T22:30:00.000Z";"2026-03-21T22:45:00.000Z";3580.02
"2026-03-21T22:45:00.000Z";"2026-03-21T23:00:00.000Z";3425.34
"2026-03-21T23:00:00.000Z";"2026-03-21T23:15:00.000Z";3439.25
"2026-03-21T23:15:00.000Z";"2026-03-21T23:30:00.000Z";3479.76
"2026-03-21T23:30:00.000Z";"2026-03-21T23:45:00.000Z";3453.67
"2026-03-21T23:45:00.000Z";"2026-03-22T00:00:00.000Z";3406.49
"2026-03-22T00:00:00.000Z";"2026-03-22T00:15:00.000Z";3165.56
"2026-03-22T00:15:00.000Z";"2026-03-22T00:30:00.000Z";3122.81
"2026-03-22T00:30:00.000Z";"2026-03-22T00:45:00.000Z";2997.43
"2026-03-22T00:45:00.000Z";"2026-03-22T01:00:00.000Z";3026.92
"2026-03-22T01:00:00.000Z";"2026-03-22T01:15:00.000Z";3132.05
"2026-03-22T01:15:00.000Z";"2026-03-22T01:30:00.000Z";3224.9
"2026-03-22T01:30:00.000Z";"2026-03-22T01:45:00.000Z";3147.52
"2026-03-22T01:45:00.000Z";"2026-03-22T02:00:00.000Z";3123.31
"2026-03-22T02:00:00.000Z";"2026-03-22T02:15:00.000Z";3010.33
"2026-03-22T02:15:00.000Z";"2026-03-22T02:30:00.000Z";2991.63
"2026-03-22T02:30:00.000Z";"2026-03-22T02:45:00.000Z";3032.39
"2026-03-22T02:45:00.000Z";"2026-03-22T03:00:00.000Z";3082.22
"2026-03-22T03:00:00.000Z";"2026-03-22T03:15:00.000Z";3193.67
"2026-03-22T03:15:00.000Z";"2026-03-22T03:30:00.000Z";3215.8
"2026-03-22T03:30:00.000Z";"2026-03-22T03:45:00.000Z";3092.31
"2026-03-22T03:45:00.000Z";"2026-03-22T04:00:00.000Z";3095.09
"2026-03-22T04:00:00.000Z";"2026-03-22T04:15:00.000Z";3179.05
"2026-03-22T04:15:00.000Z";"2026-03-22T04:30:00.000Z";3289.02
"2026-03-22T04:30:00.000Z";"2026-03-22T04:45:00.000Z";3263.8
"2026-03-22T04:45:00.000Z";"2026-03-22T05:00:00.000Z";3286.51
"2026-03-22T05:00:00.000Z";"2026-03-22T05:15:00.000Z";3319.1
"2026-03-22T05:15:00.000Z";"2026-03-22T05:30:00.000Z";3382.12
"2026-03-22T05:30:00.000Z";"2026-03-22T05:45:00.000Z";3374.6
"2026-03-22T05:45:00.000Z";"2026-03-22T06:00:00.000Z";3144.87
"2026-03-22T06:00:00.000Z";"2026-03-22T06:15:00.000Z";3311.46
"2026-03-22T06:15:00.000Z";"2026-03-22T06:30:00.000Z";3162.32
"2026-03-22T06:30:00.000Z";"2026-03-22T06:45:00.000Z";3009.51
"2026-03-22T06:45:00.000Z";"2026-03-22T07:00:00.000Z";2969.5
"2026-03-22T07:00:00.000Z";"2026-03-22T07:15:00.000Z";2778.11
"2026-03-22T07:15:00.000Z";"2026-03-22T07:30:00.000Z";2766.42
"2026-03-22T07:30:00.000Z";"2026-03-22T07:45:00.000Z";2734.71
"2026-03-22T07:45:00.000Z";"2026-03-22T08:00:00.000Z";2689.13
"2026-03-22T08:00:00.000Z";"2026-03-22T08:15:00.000Z";2726.29
"2026-03-22T08:15:00.000Z";"2026-03-22T08:30:00.000Z";2734.51
"2026-03-22T08:30:00.000Z";"2026-03-22T08:45:00.000Z";2468.88
"2026-03-22T08:45:00.000Z";"2026-03-22T09:00:00.000Z";2372.77
"2026-03-22T09:00:00.000Z";"2026-03-22T09:15:00.000Z";2602.54
"2026-03-22T09:15:00.000Z";"2026-03-22T09:30:00.000Z";2703.89
"2026-03-22T09:30:00.000Z";"2026-03-22T09:45:00.000Z";2693.67
"2026-03-22T09:45:00.000Z";"2026-03-22T10:00:00.000Z";2590.62
"2026-03-22T10:00:00.000Z";"2026-03-22T10:15:00.000Z";2787.72
"2026-03-22T10:15:00.000Z";"2026-03-22T10:30:00.000Z";2869.1
"2026-03-22T10:30:00.000Z";"2026-03-22T10:45:00.000Z";2856.88
"2026-03-22T10:45:00.000Z";"2026-03-22T11:00:00.000Z";2825.06
"2026-03-22T11:00:00.000Z";"2026-03-22T11:15:00.000Z";2900.75
"2026-03-22T11:15:00.000Z";"2026-03-22T11:30:00.000Z";2896.26
"2026-03-22T11:30:00.000Z";"2026-03-22T11:45:00.000Z";2890.05
"2026-03-22T11:45:00.000Z";"2026-03-22T12:00:00.000Z";2929.78
"2026-03-22T12:00:00.000Z";"2026-03-22T12:15:00.000Z";3086.86
"2026-03-22T12:15:00.000Z";"2026-03-22T12:30:00.000Z";3327.85
"2026-03-22T12:30:00.000Z";"2026-03-22T12:45:00.000Z";3603.26
"2026-03-22T12:45:00.000Z";"2026-03-22T13:00:00.000Z";3753.26
"2026-03-22T13:00:00.000Z";"2026-03-22T13:15:00.000Z";3802.9
"2026-03-22T13:15:00.000Z";"2026-03-22T13:30:00.000Z";3987.15
"2026-03-22T13:30:00.000Z";"2026-03-22T13:45:00.000Z";4073.09
"2026-03-22T13:45:00.000Z";"2026-03-22T14:00:00.000Z";4234.52
"2026-03-22T14:00:00.000Z";"2026-03-22T14:15:00.000Z";4328.96
"2026-03-22T14:15:00.000Z";"2026-03-22T14:30:00.000Z";4430.17
"2026-03-22T14:30:00.000Z";"2026-03-22T14:45:00.000Z";4806.25
"2026-03-22T14:45:00.000Z";"2026-03-22T15:00:00.000Z";5131.83
"2026-03-22T15:00:00.000Z";"2026-03-22T15:15:00.000Z";5192.23
"2026-03-22T15:15:00.000Z";"2026-03-22T15:30:00.000Z";5474.49
"2026-03-22T15:30:00.000Z";"2026-03-22T15:45:00.000Z";5664.04
"2026-03-22T15:45:00.000Z";"2026-03-22T16:00:00.000Z";5905.84
"2026-03-22T16:00:00.000Z";"2026-03-22T16:15:00.000Z";6149.49
"2026-03-22T16:15:00.000Z";"2026-03-22T16:30:00.000Z";6349.05
"2026-03-22T16:30:00.000Z";"2026-03-22T16:45:00.000Z";6409.84
"2026-03-22T16:45:00.000Z";"2026-03-22T17:00:00.000Z";6454.06
"2026-03-22T17:00:00.000Z";"2026-03-22T17:15:00.000Z";6575.5
"2026-03-22T17:15:00.000Z";"2026-03-22T17:30:00.000Z";6666.02
"2026-03-22T17:30:00.000Z";"2026-03-22T17:45:00.000Z";6742.68
"2026-03-22T17:45:00.000Z";"2026-03-22T18:00:00.000Z";6699.9
"2026-03-22T18:00:00.000Z";"2026-03-22T18:15:00.000Z";6648.43
"2026-03-22T18:15:00.000Z";"2026-03-22T18:30:00.000Z";6700.21
"2026-03-22T18:30:00.000Z";"2026-03-22T18:45:00.000Z";6790.55
"2026-03-22T18:45:00.000Z";"2026-03-22T19:00:00.000Z";6630.57
"2026-03-22T19:00:00.000Z";"2026-03-22T19:15:00.000Z";6655.18
"2026-03-22T19:15:00.000Z";"2026-03-22T19:30:00.000Z";6692.11
"2026-03-22T19:30:00.000Z";"2026-03-22T19:45:00.000Z";6638.5
"2026-03-22T19:45:00.000Z";"2026-03-22T20:00:00.000Z";6612.04
"2026-03-22T20:00:00.000Z";"2026-03-22T20:15:00.000Z";6787.56
"2026-03-22T20:15:00.000Z";"2026-03-22T20:30:00.000Z";6853.41
"2026-03-22T20:30:00.000Z";"2026-03-22T20:45:00.000Z";6879.82
"2026-03-22T20:45:00.000Z";"2026-03-22T21:00:00.000Z";6721.18
"2026-03-22T21:00:00.000Z";"2026-03-22T21:15:00.000Z";6802.94
"2026-03-22T21:15:00.000Z";"2026-03-22T21:30:00.000Z";6913.23
"2026-03-22T21:30:00.000Z";"2026-03-22T21:45:00.000Z";6701.31
"2026-03-22T21:45:00.000Z";"2026-03-22T22:00:00.000Z";6683.47
"2026-03-22T22:00:00.000Z";"2026-03-22T22:15:00.000Z";6769.59
"2026-03-22T22:15:00.000Z";"2026-03-22T22:30:00.000Z";6827.57
"2026-03-22T22:30:00.000Z";"2026-03-22T22:45:00.000Z";6493.81
"2026-03-22T22:45:00.000Z";"2026-03-22T23:00:00.000Z";6150.3
"2026-03-22T23:00:00.000Z";"2026-03-22T23:15:00.000Z";6127.03
"2026-03-22T23:15:00.000Z";"2026-03-22T23:30:00.000Z";6198.27
"2026-03-22T23:30:00.000Z";"2026-03-22T23:45:00.000Z";6035.43
"2026-03-22T23:45:00.000Z";"2026-03-23T00:00:00.000Z";6110.49
"2026-03-23T00:00:00.000Z";"2026-03-23T00:15:00.000Z";6097.48
"2026-03-23T00:15:00.000Z";"2026-03-23T00:30:00.000Z";6161.65
"2026-03-23T00:30:00.000Z";"2026-03-23T00:45:00.000Z";6324.01
"2026-03-23T00:45:00.000Z";"2026-03-23T01:00:00.000Z";6265.87
"2026-03-23T01:00:00.000Z";"2026-03-23T01:15:00.000Z";6056.41
"2026-03-23T01:15:00.000Z";"2026-03-23T01:30:00.000Z";6301.77
"2026-03-23T01:30:00.000Z";"2026-03-23T01:45:00.000Z";6396.93
"2026-03-23T01:45:00.000Z";"2026-03-23T02:00:00.000Z";6475.03
"2026-03-23T02:00:00.000Z";"2026-03-23T02:15:00.000Z";6471.36
"2026-03-23T02:15:00.000Z";"2026-03-23T02:30:00.000Z";6459.26
"2026-03-23T02:30:00.000Z";"2026-03-23T02:45:00.000Z";6242.86
"2026-03-23T02:45:00.000Z";"2026-03-23T03:00:00.000Z";6270.75
"2026-03-23T03:00:00.000Z";"2026-03-23T03:15:00.000Z";6277.14
"2026-03-23T03:15:00.000Z";"2026-03-23T03:30:00.000Z";6485.28
"2026-03-23T03:30:00.000Z";"2026-03-23T03:45:00.000Z";6617.42
"2026-03-23T03:45:00.000Z";"2026-03-23T04:00:00.000Z";6581.39
"2026-03-23T04:00:00.000Z";"2026-03-23T04:15:00.000Z";6532.28
"2026-03-23T04:15:00.000Z";"2026-03-23T04:30:00.000Z";6466.88
"2026-03-23T04:30:00.000Z";"2026-03-23T04:45:00.000Z";6476.9
"2026-03-23T04:45:00.000Z";"2026-03-23T05:00:00.000Z";6425.18
"2026-03-23T05:00:00.000Z";"2026-03-23T05:15:00.000Z";6142.67
"2026-03-23T05:15:00.000Z";"2026-03-23T05:30:00.000Z";6106.77
"2026-03-23T05:30:00.000Z";"2026-03-23T05:45:00.000Z";6058.58
"2026-03-23T05:45:00.000Z";"2026-03-23T06:00:00.000Z";5964
"2026-03-23T06:00:00.000Z";"2026-03-23T06:15:00.000Z";5887.25
"2026-03-23T06:15:00.000Z";"2026-03-23T06:30:00.000Z";5748.14
"2026-03-23T06:30:00.000Z";"2026-03-23T06:45:00.000Z";5675.35
"2026-03-23T06:45:00.000Z";"2026-03-23T07:00:00.000Z";5418.19
"2026-03-23T07:00:00.000Z";"2026-03-23T07:15:00.000Z";4974.72
"2026-03-23T07:15:00.000Z";"2026-03-23T07:30:00.000Z";4872.32
"2026-03-23T07:30:00.000Z";"2026-03-23T07:45:00.000Z";4683.36
"2026-03-23T07:45:00.000Z";"2026-03-23T08:00:00.000Z";4559.42
"2026-03-23T08:00:00.000Z";"2026-03-23T08:15:00.000Z";4448.28
"2026-03-23T08:15:00.000Z";"2026-03-23T08:30:00.000Z";4435.67
"2026-03-23T08:30:00.000Z";"2026-03-23T08:45:00.000Z";4371.92
"2026-03-23T08:45:00.000Z";"2026-03-23T09:00:00.000Z";4386.48
"2026-03-23T09:00:00.000Z";"2026-03-23T09:15:00.000Z";4462.11
"2026-03-23T09:15:00.000Z";"2026-03-23T09:30:00.000Z";4574.02
"2026-03-23T09:30:00.000Z";"2026-03-23T09:45:00.000Z";4555.53
"2026-03-23T09:45:00.000Z";"2026-03-23T10:00:00.000Z";4609.29
"2026-03-23T10:00:00.000Z";"2026-03-23T10:15:00.000Z";4734.4
"2026-03-23T10:15:00.000Z";"2026-03-23T10:30:00.000Z";4724.1
"2026-03-23T10:30:00.000Z";"2026-03-23T10:45:00.000Z";4802.68
"2026-03-23T10:45:00.000Z";"2026-03-23T11:00:00.000Z";4655.35
"2026-03-23T11:00:00.000Z";"2026-03-23T11:15:00.000Z";4579.83
"2026-03-23T11:15:00.000Z";"2026-03-23T11:30:00.000Z";4370.19
"2026-03-23T11:30:00.000Z";"2026-03-23T11:45:00.000Z";4334.63
"2026-03-23T11:45:00.000Z";"2026-03-23T12:00:00.000Z";4390.6
"2026-03-23T12:00:00.000Z";"2026-03-23T12:15:00.000Z";4561.13
"2026-03-23T12:15:00.000Z";"2026-03-23T12:30:00.000Z";4460.74
"2026-03-23T12:30:00.000Z";"2026-03-23T12:45:00.000Z";4570.29
"2026-03-23T12:45:00.000Z";"2026-03-23T13:00:00.000Z";4705.78
"2026-03-23T13:00:00.000Z";"2026-03-23T13:15:00.000Z";4672.32
"2026-03-23T13:15:00.000Z";"2026-03-23T13:30:00.000Z";4771.64
"2026-03-23T13:30:00.000Z";"2026-03-23T13:45:00.000Z";4930.5
"2026-03-23T13:45:00.000Z";"2026-03-23T14:00:00.000Z";5011.6
"2026-03-23T14:00:00.000Z";"2026-03-23T14:15:00.000Z";4985.61
"2026-03-23T14:15:00.000Z";"2026-03-23T14:30:00.000Z";4914.01
"2026-03-23T14:30:00.000Z";"2026-03-23T14:45:00.000Z";5011.19
"2026-03-23T14:45:00.000Z";"2026-03-23T15:00:00.000Z";5178.6
"2026-03-23T15:00:00.000Z";"2026-03-23T15:15:00.000Z";5190.35
"2026-03-23T15:15:00.000Z";"2026-03-23T15:30:00.000Z";5302.56
"2026-03-23T15:30:00.000Z";"2026-03-23T15:45:00.000Z";5367.78
"2026-03-23T15:45:00.000Z";"2026-03-23T16:00:00.000Z";5311.54
"2026-03-23T16:00:00.000Z";"2026-03-23T16:15:00.000Z";5238.22
"2026-03-23T16:15:00.000Z";"2026-03-23T16:30:00.000Z";5379.78
"2026-03-23T16:30:00.000Z";"2026-03-23T16:45:00.000Z";5654.82
"2026-03-23T16:45:00.000Z";"2026-03-23T17:00:00.000Z";5811.89
"2026-03-23T17:00:00.000Z";"2026-03-23T17:15:00.000Z";5882
"2026-03-23T17:15:00.000Z";"2026-03-23T17:30:00.000Z";5954.26
"2026-03-23T17:30:00.000Z";"2026-03-23T17:45:00.000Z";5958.2
"2026-03-23T17:45:00.000Z";"2026-03-23T18:00:00.000Z";5981.76
"2026-03-23T18:00:00.000Z";"2026-03-23T18:15:00.000Z";6073.17
"2026-03-23T18:15:00.000Z";"2026-03-23T18:30:00.000Z";6157.93
"2026-03-23T18:30:00.000Z";"2026-03-23T18:45:00.000Z";6325.15
"2026-03-23T18:45:00.000Z";"2026-03-23T19:00:00.000Z";6300.13
"2026-03-23T19:00:00.000Z";"2026-03-23T19:15:00.000Z";6123.33
"2026-03-23T19:15:00.000Z";"2026-03-23T19:30:00.000Z";6108.93
"2026-03-23T19:30:00.000Z";"2026-03-23T19:45:00.000Z";6154.39
"2026-03-23T19:45:00.000Z";"2026-03-23T20:00:00.000Z";6179.56
"2026-03-23T20:00:00.000Z";"2026-03-23T20:15:00.000Z";6327.52
"2026-03-23T20:15:00.000Z";"2026-03-23T20:30:00.000Z";6489.87
"2026-03-23T20:30:00.000Z";"2026-03-23T20:45:00.000Z";6466.93
"2026-03-23T20:45:00.000Z";"2026-03-23T21:00:00.000Z";6471.33
"2026-03-23T21:00:00.000Z";"2026-03-23T21:15:00.000Z";6626.67
"2026-03-23T21:15:00.000Z";"2026-03-23T21:30:00.000Z";6533.09
"2026-03-23T21:30:00.000Z";"2026-03-23T21:45:00.000Z";6370.48
"2026-03-23T21:45:00.000Z";"2026-03-23T22:00:00.000Z";6423.18
"2026-03-23T22:00:00.000Z";"2026-03-23T22:15:00.000Z";6250.35
"2026-03-23T22:15:00.000Z";"2026-03-23T22:30:00.000Z";6303.34
"2026-03-23T22:30:00.000Z";"2026-03-23T22:45:00.000Z";6433.82
"2026-03-23T22:45:00.000Z";"2026-03-23T23:00:00.000Z";6444.52
"2026-03-23T23:00:00.000Z";"2026-03-23T23:15:00.000Z";6184.09
"2026-03-23T23:15:00.000Z";"2026-03-23T23:30:00.000Z";5970.61
"2026-03-23T23:30:00.000Z";"2026-03-23T23:45:00.000Z";5826.13
"2026-03-23T23:45:00.000Z";"2026-03-24T00:00:00.000Z";5764.35
"2026-03-24T00:00:00.000Z";"2026-03-24T00:15:00.000Z";5673.9
"2026-03-24T00:15:00.000Z";"2026-03-24T00:30:00.000Z";5550.4
"2026-03-24T00:30:00.000Z";"2026-03-24T00:45:00.000Z";5428.69
"2026-03-24T00:45:00.000Z";"2026-03-24T01:00:00.000Z";5434.08
"2026-03-24T01:00:00.000Z";"2026-03-24T01:15:00.000Z";5170.14
"2026-03-24T01:15:00.000Z";"2026-03-24T01:30:00.000Z";5170.38
"2026-03-24T01:30:00.000Z";"2026-03-24T01:45:00.000Z";5332.63
"2026-03-24T01:45:00.000Z";"2026-03-24T02:00:00.000Z";5292.63
"2026-03-24T02:00:00.000Z";"2026-03-24T02:15:00.000Z";5158.58
"2026-03-24T02:15:00.000Z";"2026-03-24T02:30:00.000Z";5186.97
"2026-03-24T02:30:00.000Z";"2026-03-24T02:45:00.000Z";5153.43
"2026-03-24T02:45:00.000Z";"2026-03-24T03:00:00.000Z";5038.93
"2026-03-24T03:00:00.000Z";"2026-03-24T03:15:00.000Z";4942.87
"2026-03-24T03:15:00.000Z";"2026-03-24T03:30:00.000Z";5100.61
"2026-03-24T03:30:00.000Z";"2026-03-24T03:45:00.000Z";5252.42
"2026-03-24T03:45:00.000Z";"2026-03-24T04:00:00.000Z";5400.89
"2026-03-24T04:00:00.000Z";"2026-03-24T04:15:00.000Z";5371.32
"2026-03-24T04:15:00.000Z";"2026-03-24T04:30:00.000Z";5480.22
"2026-03-24T04:30:00.000Z";"2026-03-24T04:45:00.000Z";5618.24
"2026-03-24T04:45:00.000Z";"2026-03-24T05:00:00.000Z";5453.2
"2026-03-24T05:00:00.000Z";"2026-03-24T05:15:00.000Z";5016.16
"2026-03-24T05:15:00.000Z";"2026-03-24T05:30:00.000Z";5017.36
"2026-03-24T05:30:00.000Z";"2026-03-24T05:45:00.000Z";5153.58
"2026-03-24T05:45:00.000Z";"2026-03-24T06:00:00.000Z";5028.76
"2026-03-24T06:00:00.000Z";"2026-03-24T06:15:00.000Z";4683.19
"2026-03-24T06:15:00.000Z";"2026-03-24T06:30:00.000Z";4558.21
"2026-03-24T06:30:00.000Z";"2026-03-24T06:45:00.000Z";4471.8
"2026-03-24T06:45:00.000Z";"2026-03-24T07:00:00.000Z";4493.11
"2026-03-24T07:00:00.000Z";"2026-03-24T07:15:00.000Z";4370.68
"2026-03-24T07:15:00.000Z";"2026-03-24T07:30:00.000Z";4255.89
"2026-03-24T07:30:00.000Z";"2026-03-24T07:45:00.000Z";3994.84
"2026-03-24T07:45:00.000Z";"2026-03-24T08:00:00.000Z";3969.17
"2026-03-24T08:00:00.000Z";"2026-03-24T08:15:00.000Z";4121.14
"2026-03-24T08:15:00.000Z";"2026-03-24T08:30:00.000Z";3913.18
"2026-03-24T08:30:00.000Z";"2026-03-24T08:45:00.000Z";3999.63
"2026-03-24T08:45:00.000Z";"2026-03-24T09:00:00.000Z";4094.29
"2026-03-24T09:00:00.000Z";"2026-03-24T09:15:00.000Z";4149.77
"2026-03-24T09:15:00.000Z";"2026-03-24T09:30:00.000Z";4114.13
"2026-03-24T09:30:00.000Z";"2026-03-24T09:45:00.000Z";4332.84
"2026-03-24T09:45:00.000Z";"2026-03-24T10:00:00.000Z";4182.1
"2026-03-24T10:00:00.000Z";"2026-03-24T10:15:00.000Z";4462.44
"2026-03-24T10:15:00.000Z";"2026-03-24T10:30:00.000Z";4957.47
"2026-03-24T10:30:00.000Z";"2026-03-24T10:45:00.000Z";4621.76
"2026-03-24T10:45:00.000Z";"2026-03-24T11:00:00.000Z";4467.36
"2026-03-24T11:00:00.000Z";"2026-03-24T11:15:00.000Z";4653.25
"2026-03-24T11:15:00.000Z";"2026-03-24T11:30:00.000Z";4742.09
"2026-03-24T11:30:00.000Z";"2026-03-24T11:45:00.000Z";4868.94
"2026-03-24T11:45:00.000Z";"2026-03-24T12:00:00.000Z";5097.28
"2026-03-24T12:00:00.000Z";"2026-03-24T12:15:00.000Z";5297.97
"2026-03-24T12:15:00.000Z";"2026-03-24T12:30:00.000Z";5482.14
"2026-03-24T12:30:00.000Z";"2026-03-24T12:45:00.000Z";5465.23
"2026-03-24T12:45:00.000Z";"2026-03-24T13:00:00.000Z";5441.83
"2026-03-24T13:00:00.000Z";"2026-03-24T13:15:00.000Z";5400.29
"2026-03-24T13:15:00.000Z";"2026-03-24T13:30:00.000Z";5401.93
"2026-03-24T13:30:00.000Z";"2026-03-24T13:45:00.000Z";5408.19
"2026-03-24T13:45:00.000Z";"2026-03-24T14:00:00.000Z";5790.86
"2026-03-24T14:00:00.000Z";"2026-03-24T14:15:00.000Z";5459.61
"2026-03-24T14:15:00.000Z";"2026-03-24T14:30:00.000Z";5674.12
"2026-03-24T14:30:00.000Z";"2026-03-24T14:45:00.000Z";6187.01
"2026-03-24T14:45:00.000Z";"2026-03-24T15:00:00.000Z";6441.7
"2026-03-24T15:00:00.000Z";"2026-03-24T15:15:00.000Z";6357.79
"2026-03-24T15:15:00.000Z";"2026-03-24T15:30:00.000Z";6424.74
"2026-03-24T15:30:00.000Z";"2026-03-24T15:45:00.000Z";6697.39
"2026-03-24T15:45:00.000Z";"2026-03-24T16:00:00.000Z";6683.56
"2026-03-24T16:00:00.000Z";"2026-03-24T16:15:00.000Z";7154.17
"2026-03-24T16:15:00.000Z";"2026-03-24T16:30:00.000Z";7262.33
"2026-03-24T16:30:00.000Z";"2026-03-24T16:45:00.000Z";7215.96
"2026-03-24T16:45:00.000Z";"2026-03-24T17:00:00.000Z";7187.24
"2026-03-24T17:00:00.000Z";"2026-03-24T17:15:00.000Z";7214.86
"2026-03-24T17:15:00.000Z";"2026-03-24T17:30:00.000Z";7316.43
"2026-03-24T17:30:00.000Z";"2026-03-24T17:45:00.000Z";7336.91
"2026-03-24T17:45:00.000Z";"2026-03-24T18:00:00.000Z";7359.62
"2026-03-24T18:00:00.000Z";"2026-03-24T18:15:00.000Z";7374.4
"2026-03-24T18:15:00.000Z";"2026-03-24T18:30:00.000Z";7461.44
"2026-03-24T18:30:00.000Z";"2026-03-24T18:45:00.000Z";7485.93
"2026-03-24T18:45:00.000Z";"2026-03-24T19:00:00.000Z";7401.16
"2026-03-24T19:00:00.000Z";"2026-03-24T19:15:00.000Z";7274.55
"2026-03-24T19:15:00.000Z";"2026-03-24T19:30:00.000Z";7265
"2026-03-24T19:30:00.000Z";"2026-03-24T19:45:00.000Z";7167.85
"2026-03-24T19:45:00.000Z";"2026-03-24T20:00:00.000Z";7117.33
"2026-03-24T20:00:00.000Z";"2026-03-24T20:15:00.000Z";6982.11
"2026-03-24T20:15:00.000Z";"2026-03-24T20:30:00.000Z";6876.26
"2026-03-24T20:30:00.000Z";"2026-03-24T20:45:00.000Z";6768.69
"2026-03-24T20:45:00.000Z";"2026-03-24T21:00:00.000Z";6890.72
"2026-03-24T21:00:00.000Z";"2026-03-24T21:15:00.000Z";7041.14
"2026-03-24T21:15:00.000Z";"2026-03-24T21:30:00.000Z";6922.82
"2026-03-24T21:30:00.000Z";"2026-03-24T21:45:00.000Z";6426.47
"2026-03-24T21:45:00.000Z";"2026-03-24T22:00:00.000Z";6533.73
"2026-03-24T22:00:00.000Z";"2026-03-24T22:15:00.000Z";6243.09
"2026-03-24T22:15:00.000Z";"2026-03-24T22:30:00.000Z";5964.31
"2026-03-24T22:30:00.000Z";"2026-03-24T22:45:00.000Z";5832.19
"2026-03-24T22:45:00.000Z";"2026-03-24T23:00:00.000Z";5683.31
"2026-03-24T23:00:00.000Z";"2026-03-24T23:15:00.000Z";5628.19
"2026-03-24T23:15:00.000Z";"2026-03-24T23:30:00.000Z";5525.06
"2026-03-24T23:30:00.000Z";"2026-03-24T23:45:00.000Z";5732.87
"2026-03-24T23:45:00.000Z";"2026-03-25T00:00:00.000Z";5526.47
"2026-03-25T00:00:00.000Z";"2026-03-25T00:15:00.000Z";5491.16
"2026-03-25T00:15:00.000Z";"2026-03-25T00:30:00.000Z";5261.02
"2026-03-25T00:30:00.000Z";"2026-03-25T00:45:00.000Z";5095.51
"2026-03-25T00:45:00.000Z";"2026-03-25T01:00:00.000Z";5013.91
"2026-03-25T01:00:00.000Z";"2026-03-25T01:15:00.000Z";4928.72
"2026-03-25T01:15:00.000Z";"2026-03-25T01:30:00.000Z";4867
"2026-03-25T01:30:00.000Z";"2026-03-25T01:45:00.000Z";4785.82
"2026-03-25T01:45:00.000Z";"2026-03-25T02:00:00.000Z";4701.47
"2026-03-25T02:00:00.000Z";"2026-03-25T02:15:00.000Z";4741.76
"2026-03-25T02:15:00.000Z";"2026-03-25T02:30:00.000Z";4768.21
"2026-03-25T02:30:00.000Z";"2026-03-25T02:45:00.000Z";4812.93
"2026-03-25T02:45:00.000Z";"2026-03-25T03:00:00.000Z";4812.67
"2026-03-25T03:00:00.000Z";"2026-03-25T03:15:00.000Z";4813.19
"2026-03-25T03:15:00.000Z";"2026-03-25T03:30:00.000Z";4841.97
"2026-03-25T03:30:00.000Z";"2026-03-25T03:45:00.000Z";5018.39
"2026-03-25T03:45:00.000Z";"2026-03-25T04:00:00.000Z";4969.72
"2026-03-25T04:00:00.000Z";"2026-03-25T04:15:00.000Z";4885.56
"2026-03-25T04:15:00.000Z";"2026-03-25T04:30:00.000Z";4814.47
"2026-03-25T04:30:00.000Z";"2026-03-25T04:45:00.000Z";4848.22
"2026-03-25T04:45:00.000Z";"2026-03-25T05:00:00.000Z";4749.68
"2026-03-25T05:00:00.000Z";"2026-03-25T05:15:00.000Z";4743.1
"2026-03-25T05:15:00.000Z";"2026-03-25T05:30:00.000Z";4736.86
"2026-03-25T05:30:00.000Z";"2026-03-25T05:45:00.000Z";4679.92
"2026-03-25T05:45:00.000Z";"2026-03-25T06:00:00.000Z";4706.84
"2026-03-25T06:00:00.000Z";"2026-03-25T06:15:00.000Z";4817.61
"2026-03-25T06:15:00.000Z";"2026-03-25T06:30:00.000Z";4847.92
"2026-03-25T06:30:00.000Z";"2026-03-25T06:45:00.000Z";4707.43
"2026-03-25T06:45:00.000Z";"2026-03-25T07:00:00.000Z";4679.93
"2026-03-25T07:00:00.000Z";"2026-03-25T07:15:00.000Z";4439.66
"2026-03-25T07:15:00.000Z";"2026-03-25T07:30:00.000Z";4316.75
"2026-03-25T07:30:00.000Z";"2026-03-25T07:45:00.000Z";4243.71
"2026-03-25T07:45:00.000Z";"2026-03-25T08:00:00.000Z";4190.03
"2026-03-25T08:00:00.000Z";"2026-03-25T08:15:00.000Z";4136.79
"2026-03-25T08:15:00.000Z";"2026-03-25T08:30:00.000Z";4107.92
"2026-03-25T08:30:00.000Z";"2026-03-25T08:45:00.000Z";3975.64
"2026-03-25T08:45:00.000Z";"2026-03-25T09:00:00.000Z";3876.39
"2026-03-25T09:00:00.000Z";"2026-03-25T09:15:00.000Z";3897.99
"2026-03-25T09:15:00.000Z";"2026-03-25T09:30:00.000Z";3841.36
"2026-03-25T09:30:00.000Z";"2026-03-25T09:45:00.000Z";3777.87
"2026-03-25T09:45:00.000Z";"2026-03-25T10:00:00.000Z";3723.83
"2026-03-25T10:00:00.000Z";"2026-03-25T10:15:00.000Z";3701.99
"2026-03-25T10:15:00.000Z";"2026-03-25T10:30:00.000Z";3678.49
"2026-03-25T10:30:00.000Z";"2026-03-25T10:45:00.000Z";3753.34
"2026-03-25T10:45:00.000Z";"2026-03-25T11:00:00.000Z";3789.58
"2026-03-25T11:00:00.000Z";"2026-03-25T11:15:00.000Z";3817.64
"2026-03-25T11:15:00.000Z";"2026-03-25T11:30:00.000Z";3852.03
"2026-03-25T11:30:00.000Z";"2026-03-25T11:45:00.000Z";3885.1
"2026-03-25T11:45:00.000Z";"2026-03-25T12:00:00.000Z";3857.82
"2026-03-25T12:00:00.000Z";"2026-03-25T12:15:00.000Z";3893.52
"2026-03-25T12:15:00.000Z";"2026-03-25T12:30:00.000Z";3926.91
"2026-03-25T12:30:00.000Z";"2026-03-25T12:45:00.000Z";3863.48
"2026-03-25T12:45:00.000Z";"2026-03-25T13:00:00.000Z";3833.56
"2026-03-25T13:00:00.000Z";"2026-03-25T13:15:00.000Z";3898.52
"2026-03-25T13:15:00.000Z";"2026-03-25T13:30:00.000Z";3941.52
"2026-03-25T13:30:00.000Z";"2026-03-25T13:45:00.000Z";4177.55
"2026-03-25T13:45:00.000Z";"2026-03-25T14:00:00.000Z";4435.36
"2026-03-25T14:00:00.000Z";"2026-03-25T14:15:00.000Z";4811.19
"2026-03-25T14:15:00.000Z";"2026-03-25T14:30:00.000Z";4978.14
"2026-03-25T14:30:00.000Z";"2026-03-25T14:45:00.000Z";5075.16
"2026-03-25T14:45:00.000Z";"2026-03-25T15:00:00.000Z";5154.93
"2026-03-25T15:00:00.000Z";"2026-03-25T15:15:00.000Z";5305.6
"2026-03-25T15:15:00.000Z";"2026-03-25T15:30:00.000Z";5476.4
"2026-03-25T15:30:00.000Z";"2026-03-25T15:45:00.000Z";5591.61
"2026-03-25T15:45:00.000Z";"2026-03-25T16:00:00.000Z";5748.73
"2026-03-25T16:00:00.000Z";"2026-03-25T16:15:00.000Z";5799.98
"2026-03-25T16:15:00.000Z";"2026-03-25T16:30:00.000Z";5934.94
"2026-03-25T16:30:00.000Z";"2026-03-25T16:45:00.000Z";6020.09
"2026-03-25T16:45:00.000Z";"2026-03-25T17:00:00.000Z";6163.24
"2026-03-25T17:00:00.000Z";"2026-03-25T17:15:00.000Z";6303.72
"2026-03-25T17:15:00.000Z";"2026-03-25T17:30:00.000Z";6359.67
"2026-03-25T17:30:00.000Z";"2026-03-25T17:45:00.000Z";6396.26
"2026-03-25T17:45:00.000Z";"2026-03-25T18:00:00.000Z";6469.7
"2026-03-25T18:00:00.000Z";"2026-03-25T18:15:00.000Z";6413.43
"2026-03-25T18:15:00.000Z";"2026-03-25T18:30:00.000Z";6442.4
"2026-03-25T18:30:00.000Z";"2026-03-25T18:45:00.000Z";6532.84
"2026-03-25T18:45:00.000Z";"2026-03-25T19:00:00.000Z";6571.71
"2026-03-25T19:00:00.000Z";"2026-03-25T19:15:00.000Z";6646.54
"2026-03-25T19:15:00.000Z";"2026-03-25T19:30:00.000Z";6647.11
"2026-03-25T19:30:00.000Z";"2026-03-25T19:45:00.000Z";6717.86
"2026-03-25T19:45:00.000Z";"2026-03-25T20:00:00.000Z";6730.76
"2026-03-25T20:00:00.000Z";"2026-03-25T20:15:00.000Z";6813.93
"2026-03-25T20:15:00.000Z";"2026-03-25T20:30:00.000Z";6812.57
"2026-03-25T20:30:00.000Z";"2026-03-25T20:45:00.000Z";6846.34
"2026-03-25T20:45:00.000Z";"2026-03-25T21:00:00.000Z";6986.28
"2026-03-25T21:00:00.000Z";"2026-03-25T21:15:00.000Z";7120.47
"2026-03-25T21:15:00.000Z";"2026-03-25T21:30:00.000Z";7179.17
"2026-03-25T21:30:00.000Z";"2026-03-25T21:45:00.000Z";7213.77
"2026-03-25T21:45:00.000Z";"2026-03-25T22:00:00.000Z";7181.6
"2026-03-25T22:00:00.000Z";"2026-03-25T22:15:00.000Z";6822.86
"2026-03-25T22:15:00.000Z";"2026-03-25T22:30:00.000Z";6706.7
"2026-03-25T22:30:00.000Z";"2026-03-25T22:45:00.000Z";6815.69
"2026-03-25T22:45:00.000Z";"2026-03-25T23:00:00.000Z";6813.31
"2026-03-25T23:00:00.000Z";"2026-03-25T23:15:00.000Z";6800.12
"2026-03-25T23:15:00.000Z";"2026-03-25T23:30:00.000Z";6866.16
"2026-03-25T23:30:00.000Z";"2026-03-25T23:45:00.000Z";7063.36
"2026-03-25T23:45:00.000Z";"2026-03-26T00:00:00.000Z";7042.08
"2026-03-26T00:00:00.000Z";"2026-03-26T00:15:00.000Z";7332.61
"2026-03-26T00:15:00.000Z";"2026-03-26T00:30:00.000Z";7293.9
"2026-03-26T00:30:00.000Z";"2026-03-26T00:45:00.000Z";6987.95
"2026-03-26T00:45:00.000Z";"2026-03-26T01:00:00.000Z";6922.66
"2026-03-26T01:00:00.000Z";"2026-03-26T01:15:00.000Z";6979.96
"2026-03-26T01:15:00.000Z";"2026-03-26T01:30:00.000Z";6947.33
"2026-03-26T01:30:00.000Z";"2026-03-26T01:45:00.000Z";6920.44
"2026-03-26T01:45:00.000Z";"2026-03-26T02:00:00.000Z";7121.52
"2026-03-26T02:00:00.000Z";"2026-03-26T02:15:00.000Z";6857.32
"2026-03-26T02:15:00.000Z";"2026-03-26T02:30:00.000Z";6900.68
"2026-03-26T02:30:00.000Z";"2026-03-26T02:45:00.000Z";6876.57
"2026-03-26T02:45:00.000Z";"2026-03-26T03:00:00.000Z";7044.84
"2026-03-26T03:00:00.000Z";"2026-03-26T03:15:00.000Z";6935.77
"2026-03-26T03:15:00.000Z";"2026-03-26T03:30:00.000Z";7108.12
"2026-03-26T03:30:00.000Z";"2026-03-26T03:45:00.000Z";6953.54
"2026-03-26T03:45:00.000Z";"2026-03-26T04:00:00.000Z";7146.85
"2026-03-26T04:00:00.000Z";"2026-03-26T04:15:00.000Z";7127.65
"2026-03-26T04:15:00.000Z";"2026-03-26T04:30:00.000Z";7238.91
"2026-03-26T04:30:00.000Z";"2026-03-26T04:45:00.000Z";7304.53
"2026-03-26T04:45:00.000Z";"2026-03-26T05:00:00.000Z";7074.68
"2026-03-26T05:00:00.000Z";"2026-03-26T05:15:00.000Z";7256.46
"2026-03-26T05:15:00.000Z";"2026-03-26T05:30:00.000Z";7493.2
"2026-03-26T05:30:00.000Z";"2026-03-26T05:45:00.000Z";7634.85
"2026-03-26T05:45:00.000Z";"2026-03-26T06:00:00.000Z";7526.55
"2026-03-26T06:00:00.000Z";"2026-03-26T06:15:00.000Z";7335.61
"2026-03-26T06:15:00.000Z";"2026-03-26T06:30:00.000Z";7205.4
"2026-03-26T06:30:00.000Z";"2026-03-26T06:45:00.000Z";7018.21
"2026-03-26T06:45:00.000Z";"2026-03-26T07:00:00.000Z";6999.1
"2026-03-26T07:00:00.000Z";"2026-03-26T07:15:00.000Z";7166.44
"2026-03-26T07:15:00.000Z";"2026-03-26T07:30:00.000Z";7035.64
"2026-03-26T07:30:00.000Z";"2026-03-26T07:45:00.000Z";7099.71
"2026-03-26T07:45:00.000Z";"2026-03-26T08:00:00.000Z";7107.28
"2026-03-26T08:00:00.000Z";"2026-03-26T08:15:00.000Z";6753.26
"2026-03-26T08:15:00.000Z";"2026-03-26T08:30:00.000Z";6680.48
"2026-03-26T08:30:00.000Z";"2026-03-26T08:45:00.000Z";6724.13
"2026-03-26T08:45:00.000Z";"2026-03-26T09:00:00.000Z";6754.14
"2026-03-26T09:00:00.000Z";"2026-03-26T09:15:00.000Z";6736.32
"2026-03-26T09:15:00.000Z";"2026-03-26T09:30:00.000Z";6526.5
"2026-03-26T09:30:00.000Z";"2026-03-26T09:45:00.000Z";6418.4
"2026-03-26T09:45:00.000Z";"2026-03-26T10:00:00.000Z";6458.74
"2026-03-26T10:00:00.000Z";"2026-03-26T10:15:00.000Z";6217.26
"2026-03-26T10:15:00.000Z";"2026-03-26T10:30:00.000Z";6252.58
"2026-03-26T10:30:00.000Z";"2026-03-26T10:45:00.000Z";6465.81
"2026-03-26T10:45:00.000Z";"2026-03-26T11:00:00.000Z";6596.27
"2026-03-26T11:00:00.000Z";"2026-03-26T11:15:00.000Z";6596.93
"2026-03-26T11:15:00.000Z";"2026-03-26T11:30:00.000Z";6554.45
"2026-03-26T11:30:00.000Z";"2026-03-26T11:45:00.000Z";6518.96
"2026-03-26T11:45:00.000Z";"2026-03-26T12:00:00.000Z";6566.69
"2026-03-26T12:00:00.000Z";"2026-03-26T12:15:00.000Z";6595.84
"2026-03-26T12:15:00.000Z";"2026-03-26T12:30:00.000Z";6594.25
"2026-03-26T12:30:00.000Z";"2026-03-26T12:45:00.000Z";6468.77
"2026-03-26T12:45:00.000Z";"2026-03-26T13:00:00.000Z";6553.74
"2026-03-26T13:00:00.000Z";"2026-03-26T13:15:00.000Z";6468.21
"2026-03-26T13:15:00.000Z";"2026-03-26T13:30:00.000Z";6494.92
"2026-03-26T13:30:00.000Z";"2026-03-26T13:45:00.000Z";6648.8
"2026-03-26T13:45:00.000Z";"2026-03-26T14:00:00.000Z";6571.38
"2026-03-26T14:00:00.000Z";"2026-03-26T14:15:00.000Z";6497.72
"2026-03-26T14:15:00.000Z";"2026-03-26T14:30:00.000Z";6633.05
"2026-03-26T14:30:00.000Z";"2026-03-26T14:45:00.000Z";6634.42
"2026-03-26T14:45:00.000Z";"2026-03-26T15:00:00.000Z";6477.01
"2026-03-26T15:00:00.000Z";"2026-03-26T15:15:00.000Z";6195.33
"2026-03-26T15:15:00.000Z";"2026-03-26T15:30:00.000Z";6175.06
"2026-03-26T15:30:00.000Z";"2026-03-26T15:45:00.000Z";6096.77
"2026-03-26T15:45:00.000Z";"2026-03-26T16:00:00.000Z";6203.43
"2026-03-26T16:00:00.000Z";"2026-03-26T16:15:00.000Z";6101.68
"2026-03-26T16:15:00.000Z";"2026-03-26T16:30:00.000Z";5986.92
"2026-03-26T16:30:00.000Z";"2026-03-26T16:45:00.000Z";5990.15
"2026-03-26T16:45:00.000Z";"2026-03-26T17:00:00.000Z";6046.31
"2026-03-26T17:00:00.000Z";"2026-03-26T17:15:00.000Z";6074.83
"2026-03-26T17:15:00.000Z";"2026-03-26T17:30:00.000Z";6059.25
"2026-03-26T17:30:00.000Z";"2026-03-26T17:45:00.000Z";6046.47
"2026-03-26T17:45:00.000Z";"2026-03-26T18:00:00.000Z";6092.6
"2026-03-26T18:00:00.000Z";"2026-03-26T18:15:00.000Z";6138.09
"2026-03-26T18:15:00.000Z";"2026-03-26T18:30:00.000Z";6226.75
"2026-03-26T18:30:00.000Z";"2026-03-26T18:45:00.000Z";6366
"2026-03-26T18:45:00.000Z";"2026-03-26T19:00:00.000Z";6376.76
"2026-03-26T19:00:00.000Z";"2026-03-26T19:15:00.000Z";6505.23
"2026-03-26T19:15:00.000Z";"2026-03-26T19:30:00.000Z";6560.51
"2026-03-26T19:30:00.000Z";"2026-03-26T19:45:00.000Z";6409.42
"2026-03-26T19:45:00.000Z";"2026-03-26T20:00:00.000Z";6338.95
"2026-03-26T20:00:00.000Z";"2026-03-26T20:15:00.000Z";6281.78
"2026-03-26T20:15:00.000Z";"2026-03-26T20:30:00.000Z";6227.94
"2026-03-26T20:30:00.000Z";"2026-03-26T20:45:00.000Z";6193.64
"2026-03-26T20:45:00.000Z";"2026-03-26T21:00:00.000Z";6122.8
"2026-03-26T21:00:00.000Z";"2026-03-26T21:15:00.000Z";6219.96
"2026-03-26T21:15:00.000Z";"2026-03-26T21:30:00.000Z";6441.92
"2026-03-26T21:30:00.000Z";"2026-03-26T21:45:00.000Z";6489.75
"2026-03-26T21:45:00.000Z";"2026-03-26T22:00:00.000Z";6459.95
"2026-03-26T22:00:00.000Z";"2026-03-26T22:15:00.000Z";6453.95
"2026-03-26T22:15:00.000Z";"2026-03-26T22:30:00.000Z";6324.35
"2026-03-26T22:30:00.000Z";"2026-03-26T22:45:00.000Z";6175.9
"2026-03-26T22:45:00.000Z";"2026-03-26T23:00:00.000Z";5990.45
"2026-03-26T23:00:00.000Z";"2026-03-26T23:15:00.000Z";5821.02
"2026-03-26T23:15:00.000Z";"2026-03-26T23:30:00.000Z";5710.25
"2026-03-26T23:30:00.000Z";"2026-03-26T23:45:00.000Z";5545.16
"2026-03-26T23:45:00.000Z";"2026-03-27T00:00:00.000Z";5370.41
"2026-03-27T00:00:00.000Z";"2026-03-27T00:15:00.000Z";5319.84
"2026-03-27T00:15:00.000Z";"2026-03-27T00:30:00.000Z";5180.91
"2026-03-27T00:30:00.000Z";"2026-03-27T00:45:00.000Z";5017.59
"2026-03-27T00:45:00.000Z";"2026-03-27T01:00:00.000Z";4871.03
"2026-03-27T01:00:00.000Z";"2026-03-27T01:15:00.000Z";4606.56
"2026-03-27T01:15:00.000Z";"2026-03-27T01:30:00.000Z";4331.09
"2026-03-27T01:30:00.000Z";"2026-03-27T01:45:00.000Z";4076.31
"2026-03-27T01:45:00.000Z";"2026-03-27T02:00:00.000Z";3814.64
"2026-03-27T02:00:00.000Z";"2026-03-27T02:15:00.000Z";3559.09
"2026-03-27T02:15:00.000Z";"2026-03-27T02:30:00.000Z";3410.11
"2026-03-27T02:30:00.000Z";"2026-03-27T02:45:00.000Z";3381.73
"2026-03-27T02:45:00.000Z";"2026-03-27T03:00:00.000Z";3353.45
"2026-03-27T03:00:00.000Z";"2026-03-27T03:15:00.000Z";3315.7
"2026-03-27T03:15:00.000Z";"2026-03-27T03:30:00.000Z";3326.64
"2026-03-27T03:30:00.000Z";"2026-03-27T03:45:00.000Z";3317.51
"2026-03-27T03:45:00.000Z";"2026-03-27T04:00:00.000Z";3277.87
"2026-03-27T04:00:00.000Z";"2026-03-27T04:15:00.000Z";3139.12
"2026-03-27T04:15:00.000Z";"2026-03-27T04:30:00.000Z";3067.84
"2026-03-27T04:30:00.000Z";"2026-03-27T04:45:00.000Z";3021.81
"2026-03-27T04:45:00.000Z";"2026-03-27T05:00:00.000Z";2896.45
"2026-03-27T05:00:00.000Z";"2026-03-27T05:15:00.000Z";2668.59
"2026-03-27T05:15:00.000Z";"2026-03-27T05:30:00.000Z";2546.89
"2026-03-27T05:30:00.000Z";"2026-03-27T05:45:00.000Z";2480.78
"2026-03-27T05:45:00.000Z";"2026-03-27T06:00:00.000Z";2349.8
"2026-03-27T06:00:00.000Z";"2026-03-27T06:15:00.000Z";2281.13
"2026-03-27T06:15:00.000Z";"2026-03-27T06:30:00.000Z";2160.93
"2026-03-27T06:30:00.000Z";"2026-03-27T06:45:00.000Z";2096.46
"2026-03-27T06:45:00.000Z";"2026-03-27T07:00:00.000Z";2005.63
"2026-03-27T07:00:00.000Z";"2026-03-27T07:15:00.000Z";1875.66
"2026-03-27T07:15:00.000Z";"2026-03-27T07:30:00.000Z";1777.74
"2026-03-27T07:30:00.000Z";"2026-03-27T07:45:00.000Z";1706.17
"2026-03-27T07:45:00.000Z";"2026-03-27T08:00:00.000Z";1674.84
"2026-03-27T08:00:00.000Z";"2026-03-27T08:15:00.000Z";1661.4
"2026-03-27T08:15:00.000Z";"2026-03-27T08:30:00.000Z";1685.31
"2026-03-27T08:30:00.000Z";"2026-03-27T08:45:00.000Z";1737.99
"2026-03-27T08:45:00.000Z";"2026-03-27T09:00:00.000Z";1766.06
"2026-03-27T09:00:00.000Z";"2026-03-27T09:15:00.000Z";1811.46
"2026-03-27T09:15:00.000Z";"2026-03-27T09:30:00.000Z";1875.25
"2026-03-27T09:30:00.000Z";"2026-03-27T09:45:00.000Z";1919.72
"2026-03-27T09:45:00.000Z";"2026-03-27T10:00:00.000Z";1985.6
"2026-03-27T10:00:00.000Z";"2026-03-27T10:15:00.000Z";2046.76
"2026-03-27T10:15:00.000Z";"2026-03-27T10:30:00.000Z";2093.21
"2026-03-27T10:30:00.000Z";"2026-03-27T10:45:00.000Z";2021.83
"2026-03-27T10:45:00.000Z";"2026-03-27T11:00:00.000Z";1943.19
"2026-03-27T11:00:00.000Z";"2026-03-27T11:15:00.000Z";2073.26
"2026-03-27T11:15:00.000Z";"2026-03-27T11:30:00.000Z";2004.18
"2026-03-27T11:30:00.000Z";"2026-03-27T11:45:00.000Z";1936.2
"2026-03-27T11:45:00.000Z";"2026-03-27T12:00:00.000Z";1827.21
"2026-03-27T12:00:00.000Z";"2026-03-27T12:15:00.000Z";1958.18
"2026-03-27T12:15:00.000Z";"2026-03-27T12:30:00.000Z";1942.6
"2026-03-27T12:30:00.000Z";"2026-03-27T12:45:00.000Z";1981.66
"2026-03-27T12:45:00.000Z";"2026-03-27T13:00:00.000Z";2001.99
"2026-03-27T13:00:00.000Z";"2026-03-27T13:15:00.000Z";2027.18
"2026-03-27T13:15:00.000Z";"2026-03-27T13:30:00.000Z";1971.53
"2026-03-27T13:30:00.000Z";"2026-03-27T13:45:00.000Z";1939.48
"2026-03-27T13:45:00.000Z";"2026-03-27T14:00:00.000Z";1987.57
"2026-03-27T14:00:00.000Z";"2026-03-27T14:15:00.000Z";2036.35
"2026-03-27T14:15:00.000Z";"2026-03-27T14:30:00.000Z";2048.54
"2026-03-27T14:30:00.000Z";"2026-03-27T14:45:00.000Z";1909.8
"2026-03-27T14:45:00.000Z";"2026-03-27T15:00:00.000Z";1676.69
"2026-03-27T15:00:00.000Z";"2026-03-27T15:15:00.000Z";1592.53
"2026-03-27T15:15:00.000Z";"2026-03-27T15:30:00.000Z";1558.21
"2026-03-27T15:30:00.000Z";"2026-03-27T15:45:00.000Z";1536.73
"2026-03-27T15:45:00.000Z";"2026-03-27T16:00:00.000Z";1523.34
"2026-03-27T16:00:00.000Z";"2026-03-27T16:15:00.000Z";1505.67
"2026-03-27T16:15:00.000Z";"2026-03-27T16:30:00.000Z";1490.54
"2026-03-27T16:30:00.000Z";"2026-03-27T16:45:00.000Z";1531.39
"2026-03-27T16:45:00.000Z";"2026-03-27T17:00:00.000Z";1648.99
"2026-03-27T17:00:00.000Z";"2026-03-27T17:15:00.000Z";1819.47
"2026-03-27T17:15:00.000Z";"2026-03-27T17:30:00.000Z";2027.8
"2026-03-27T17:30:00.000Z";"2026-03-27T17:45:00.000Z";1979.72
"2026-03-27T17:45:00.000Z";"2026-03-27T18:00:00.000Z";2140.1
"2026-03-27T18:00:00.000Z";"2026-03-27T18:15:00.000Z";2297.74
"2026-03-27T18:15:00.000Z";"2026-03-27T18:30:00.000Z";2422.91
"2026-03-27T18:30:00.000Z";"2026-03-27T18:45:00.000Z";2536.81
"2026-03-27T18:45:00.000Z";"2026-03-27T19:00:00.000Z";2634.15
"2026-03-27T19:00:00.000Z";"2026-03-27T19:15:00.000Z";2696.29
"2026-03-27T19:15:00.000Z";"2026-03-27T19:30:00.000Z";2732.83
"2026-03-27T19:30:00.000Z";"2026-03-27T19:45:00.000Z";2802.89
"2026-03-27T19:45:00.000Z";"2026-03-27T20:00:00.000Z";2873.96
"2026-03-27T20:00:00.000Z";"2026-03-27T20:15:00.000Z";2932.53
"2026-03-27T20:15:00.000Z";"2026-03-27T20:30:00.000Z";3073.59
"2026-03-27T20:30:00.000Z";"2026-03-27T20:45:00.000Z";3041.87
"2026-03-27T20:45:00.000Z";"2026-03-27T21:00:00.000Z";3088.79
"2026-03-27T21:00:00.000Z";"2026-03-27T21:15:00.000Z";3269.71
"2026-03-27T21:15:00.000Z";"2026-03-27T21:30:00.000Z";3212.52
"2026-03-27T21:30:00.000Z";"2026-03-27T21:45:00.000Z";3068.98
"2026-03-27T21:45:00.000Z";"2026-03-27T22:00:00.000Z";3016.62
"2026-03-27T22:00:00.000Z";"2026-03-27T22:15:00.000Z";3187.89
"2026-03-27T22:15:00.000Z";"2026-03-27T22:30:00.000Z";3125.26
"2026-03-27T22:30:00.000Z";"2026-03-27T22:45:00.000Z";3175.47
"2026-03-27T22:45:00.000Z";"2026-03-27T23:00:00.000Z";3147.73
"2026-03-27T23:00:00.000Z";"2026-03-27T23:15:00.000Z";3255.41
"2026-03-27T23:15:00.000Z";"2026-03-27T23:30:00.000Z";3368.17
"2026-03-27T23:30:00.000Z";"2026-03-27T23:45:00.000Z";3583.39
"2026-03-27T23:45:00.000Z";"2026-03-28T00:00:00.000Z";3623.3
"2026-03-28T00:00:00.000Z";"2026-03-28T00:15:00.000Z";3729.06
"2026-03-28T00:15:00.000Z";"2026-03-28T00:30:00.000Z";3784.55
"2026-03-28T00:30:00.000Z";"2026-03-28T00:45:00.000Z";3984.65
"2026-03-28T00:45:00.000Z";"2026-03-28T01:00:00.000Z";4148.64
"2026-03-28T01:00:00.000Z";"2026-03-28T01:15:00.000Z";4392.88
"2026-03-28T01:15:00.000Z";"2026-03-28T01:30:00.000Z";4591.28
"2026-03-28T01:30:00.000Z";"2026-03-28T01:45:00.000Z";4637.05
"2026-03-28T01:45:00.000Z";"2026-03-28T02:00:00.000Z";4633.01
"2026-03-28T02:00:00.000Z";"2026-03-28T02:15:00.000Z";4795.14
"2026-03-28T02:15:00.000Z";"2026-03-28T02:30:00.000Z";4923.21
"2026-03-28T02:30:00.000Z";"2026-03-28T02:45:00.000Z";5014.85
"2026-03-28T02:45:00.000Z";"2026-03-28T03:00:00.000Z";5316.36
"2026-03-28T03:00:00.000Z";"2026-03-28T03:15:00.000Z";5546.01
"2026-03-28T03:15:00.000Z";"2026-03-28T03:30:00.000Z";5630.37
"2026-03-28T03:30:00.000Z";"2026-03-28T03:45:00.000Z";5666.26
"2026-03-28T03:45:00.000Z";"2026-03-28T04:00:00.000Z";5696.14
"2026-03-28T04:00:00.000Z";"2026-03-28T04:15:00.000Z";5860.55
"2026-03-28T04:15:00.000Z";"2026-03-28T04:30:00.000Z";5874.88
"2026-03-28T04:30:00.000Z";"2026-03-28T04:45:00.000Z";6014.3
"2026-03-28T04:45:00.000Z";"2026-03-28T05:00:00.000Z";5843.03
"2026-03-28T05:00:00.000Z";"2026-03-28T05:15:00.000Z";5633.85
"2026-03-28T05:15:00.000Z";"2026-03-28T05:30:00.000Z";5677.28
"2026-03-28T05:30:00.000Z";"2026-03-28T05:45:00.000Z";5808.22
"2026-03-28T05:45:00.000Z";"2026-03-28T06:00:00.000Z";5736.03
"2026-03-28T06:00:00.000Z";"2026-03-28T06:15:00.000Z";5314.62
"2026-03-28T06:15:00.000Z";"2026-03-28T06:30:00.000Z";5218.82
"2026-03-28T06:30:00.000Z";"2026-03-28T06:45:00.000Z";5010.58
"2026-03-28T06:45:00.000Z";"2026-03-28T07:00:00.000Z";4795.62
"2026-03-28T07:00:00.000Z";"2026-03-28T07:15:00.000Z";4590.87
"2026-03-28T07:15:00.000Z";"2026-03-28T07:30:00.000Z";4532.59
"2026-03-28T07:30:00.000Z";"2026-03-28T07:45:00.000Z";4462.87
"2026-03-28T07:45:00.000Z";"2026-03-28T08:00:00.000Z";4503.84
"2026-03-28T08:00:00.000Z";"2026-03-28T08:15:00.000Z";4612.73
"2026-03-28T08:15:00.000Z";"2026-03-28T08:30:00.000Z";4704.22
"2026-03-28T08:30:00.000Z";"2026-03-28T08:45:00.000Z";4740.57
"2026-03-28T08:45:00.000Z";"2026-03-28T09:00:00.000Z";4704.38
"2026-03-28T09:00:00.000Z";"2026-03-28T09:15:00.000Z";4851.42
"2026-03-28T09:15:00.000Z";"2026-03-28T09:30:00.000Z";4828.32
"2026-03-28T09:30:00.000Z";"2026-03-28T09:45:00.000Z";4790.18
"2026-03-28T09:45:00.000Z";"2026-03-28T10:00:00.000Z";4874.74
"2026-03-28T10:00:00.000Z";"2026-03-28T10:15:00.000Z";5044.49
"2026-03-28T10:15:00.000Z";"2026-03-28T10:30:00.000Z";5105.26
"2026-03-28T10:30:00.000Z";"2026-03-28T10:45:00.000Z";5253.03
"2026-03-28T10:45:00.000Z";"2026-03-28T11:00:00.000Z";5412.29
"2026-03-28T11:00:00.000Z";"2026-03-28T11:15:00.000Z";5360.45
"2026-03-28T11:15:00.000Z";"2026-03-28T11:30:00.000Z";5411.32
"2026-03-28T11:30:00.000Z";"2026-03-28T11:45:00.000Z";5413.15
"2026-03-28T11:45:00.000Z";"2026-03-28T12:00:00.000Z";5359.72
"2026-03-28T12:00:00.000Z";"2026-03-28T12:15:00.000Z";5364.26
"2026-03-28T12:15:00.000Z";"2026-03-28T12:30:00.000Z";5501.74
"2026-03-28T12:30:00.000Z";"2026-03-28T12:45:00.000Z";5618.64
"2026-03-28T12:45:00.000Z";"2026-03-28T13:00:00.000Z";5722.08
"2026-03-28T13:00:00.000Z";"2026-03-28T13:15:00.000Z";5788.35
"2026-03-28T13:15:00.000Z";"2026-03-28T13:30:00.000Z";5611.26
"2026-03-28T13:30:00.000Z";"2026-03-28T13:45:00.000Z";5603.12
"2026-03-28T13:45:00.000Z";"2026-03-28T14:00:00.000Z";5645.66
"2026-03-28T14:00:00.000Z";"2026-03-28T14:15:00.000Z";5500.24
"2026-03-28T14:15:00.000Z";"2026-03-28T14:30:00.000Z";5217.54
"2026-03-28T14:30:00.000Z";"2026-03-28T14:45:00.000Z";5182.07
"2026-03-28T14:45:00.000Z";"2026-03-28T15:00:00.000Z";5263.11
"2026-03-28T15:00:00.000Z";"2026-03-28T15:15:00.000Z";5244.76
"2026-03-28T15:15:00.000Z";"2026-03-28T15:30:00.000Z";5316.65
"2026-03-28T15:30:00.000Z";"2026-03-28T15:45:00.000Z";5284.95
"2026-03-28T15:45:00.000Z";"2026-03-28T16:00:00.000Z";5222.08
"2026-03-28T16:00:00.000Z";"2026-03-28T16:15:00.000Z";4998.06
"2026-03-28T16:15:00.000Z";"2026-03-28T16:30:00.000Z";4942.5
"2026-03-28T16:30:00.000Z";"2026-03-28T16:45:00.000Z";5112.76
"2026-03-28T16:45:00.000Z";"2026-03-28T17:00:00.000Z";5189.83
"2026-03-28T17:00:00.000Z";"2026-03-28T17:15:00.000Z";5211.97
"2026-03-28T17:15:00.000Z";"2026-03-28T17:30:00.000Z";5153.39
"2026-03-28T17:30:00.000Z";"2026-03-28T17:45:00.000Z";5085.99
"2026-03-28T17:45:00.000Z";"2026-03-28T18:00:00.000Z";4951.64
"2026-03-28T18:00:00.000Z";"2026-03-28T18:15:00.000Z";4826.19
"2026-03-28T18:15:00.000Z";"2026-03-28T18:30:00.000Z";4751.66
"2026-03-28T18:30:00.000Z";"2026-03-28T18:45:00.000Z";4665.38
"2026-03-28T18:45:00.000Z";"2026-03-28T19:00:00.000Z";4612.51
"2026-03-28T19:00:00.000Z";"2026-03-28T19:15:00.000Z";4510.43
"2026-03-28T19:15:00.000Z";"2026-03-28T19:30:00.000Z";4389.95
"2026-03-28T19:30:00.000Z";"2026-03-28T19:45:00.000Z";4355.95
"2026-03-28T19:45:00.000Z";"2026-03-28T20:00:00.000Z";4352.29
"2026-03-28T20:00:00.000Z";"2026-03-28T20:15:00.000Z";4299.73
"2026-03-28T20:15:00.000Z";"2026-03-28T20:30:00.000Z";4224.16
"2026-03-28T20:30:00.000Z";"2026-03-28T20:45:00.000Z";4156.39
"2026-03-28T20:45:00.000Z";"2026-03-28T21:00:00.000Z";4073.46
"2026-03-28T21:00:00.000Z";"2026-03-28T21:15:00.000Z";4038.55
"2026-03-28T21:15:00.000Z";"2026-03-28T21:30:00.000Z";4048.75
"2026-03-28T21:30:00.000Z";"2026-03-28T21:45:00.000Z";4024.42
"2026-03-28T21:45:00.000Z";"2026-03-28T22:00:00.000Z";3902.96
"2026-03-28T22:00:00.000Z";"2026-03-28T22:15:00.000Z";3717.55
"2026-03-28T22:15:00.000Z";"2026-03-28T22:30:00.000Z";3553.76
"2026-03-28T22:30:00.000Z";"2026-03-28T22:45:00.000Z";3476.44
"2026-03-28T22:45:00.000Z";"2026-03-28T23:00:00.000Z";3452.38
"2026-03-28T23:00:00.000Z";"2026-03-28T23:15:00.000Z";3440.6
"2026-03-28T23:15:00.000Z";"2026-03-28T23:30:00.000Z";3422.28
"2026-03-28T23:30:00.000Z";"2026-03-28T23:45:00.000Z";3436.87
"2026-03-28T23:45:00.000Z";"2026-03-29T00:00:00.000Z";3442.68
"2026-03-29T00:00:00.000Z";"2026-03-29T00:15:00.000Z";3416.55
"2026-03-29T00:15:00.000Z";"2026-03-29T00:30:00.000Z";3338.13
"2026-03-29T00:30:00.000Z";"2026-03-29T00:45:00.000Z";3211.2
"2026-03-29T00:45:00.000Z";"2026-03-29T01:00:00.000Z";3104.9
"2026-03-29T01:00:00.000Z";"2026-03-29T01:15:00.000Z";3075.62
"2026-03-29T01:15:00.000Z";"2026-03-29T01:30:00.000Z";3045.11
"2026-03-29T01:30:00.000Z";"2026-03-29T01:45:00.000Z";2974.12
"2026-03-29T01:45:00.000Z";"2026-03-29T02:00:00.000Z";2904.1
"2026-03-29T02:00:00.000Z";"2026-03-29T02:15:00.000Z";2837.44
"2026-03-29T02:15:00.000Z";"2026-03-29T02:30:00.000Z";2763.22
"2026-03-29T02:30:00.000Z";"2026-03-29T02:45:00.000Z";2744.29
"2026-03-29T02:45:00.000Z";"2026-03-29T03:00:00.000Z";2777.45
"2026-03-29T03:00:00.000Z";"2026-03-29T03:15:00.000Z";2781.63
"2026-03-29T03:15:00.000Z";"2026-03-29T03:30:00.000Z";2765.12
"2026-03-29T03:30:00.000Z";"2026-03-29T03:45:00.000Z";2784.25
"2026-03-29T03:45:00.000Z";"2026-03-29T04:00:00.000Z";2833.14
"2026-03-29T04:00:00.000Z";"2026-03-29T04:15:00.000Z";2845.78
"2026-03-29T04:15:00.000Z";"2026-03-29T04:30:00.000Z";2821.25
"2026-03-29T04:30:00.000Z";"2026-03-29T04:45:00.000Z";2779.91
"2026-03-29T04:45:00.000Z";"2026-03-29T05:00:00.000Z";2712.89
"2026-03-29T05:00:00.000Z";"2026-03-29T05:15:00.000Z";2627.73
"2026-03-29T05:15:00.000Z";"2026-03-29T05:30:00.000Z";2551.06
"2026-03-29T05:30:00.000Z";"2026-03-29T05:45:00.000Z";2500.07
"2026-03-29T05:45:00.000Z";"2026-03-29T06:00:00.000Z";2436.66
"2026-03-29T06:00:00.000Z";"2026-03-29T06:15:00.000Z";2364.54
"2026-03-29T06:15:00.000Z";"2026-03-29T06:30:00.000Z";2326.79
"2026-03-29T06:30:00.000Z";"2026-03-29T06:45:00.000Z";2284.43
"2026-03-29T06:45:00.000Z";"2026-03-29T07:00:00.000Z";2220.01
"2026-03-29T07:00:00.000Z";"2026-03-29T07:15:00.000Z";2130.36
"2026-03-29T07:15:00.000Z";"2026-03-29T07:30:00.000Z";2059.42
"2026-03-29T07:30:00.000Z";"2026-03-29T07:45:00.000Z";2067.22
"2026-03-29T07:45:00.000Z";"2026-03-29T08:00:00.000Z";2125.15
"2026-03-29T08:00:00.000Z";"2026-03-29T08:15:00.000Z";2178.59
"2026-03-29T08:15:00.000Z";"2026-03-29T08:30:00.000Z";2200.88
"2026-03-29T08:30:00.000Z";"2026-03-29T08:45:00.000Z";2227.9
"2026-03-29T08:45:00.000Z";"2026-03-29T09:00:00.000Z";2250.12
"2026-03-29T09:00:00.000Z";"2026-03-29T09:15:00.000Z";2218.34
"2026-03-29T09:15:00.000Z";"2026-03-29T09:30:00.000Z";2200.25
"2026-03-29T09:30:00.000Z";"2026-03-29T09:45:00.000Z";2189.99
"2026-03-29T09:45:00.000Z";"2026-03-29T10:00:00.000Z";2176.89
"2026-03-29T10:00:00.000Z";"2026-03-29T10:15:00.000Z";2164.42
"2026-03-29T10:15:00.000Z";"2026-03-29T10:30:00.000Z";2105.08
"2026-03-29T10:30:00.000Z";"2026-03-29T10:45:00.000Z";2081.43
"2026-03-29T10:45:00.000Z";"2026-03-29T11:00:00.000Z";2160.47
"2026-03-29T11:00:00.000Z";"2026-03-29T11:15:00.000Z";2241.69
"2026-03-29T11:15:00.000Z";"2026-03-29T11:30:00.000Z";2270.55
"2026-03-29T11:30:00.000Z";"2026-03-29T11:45:00.000Z";2273.87
"2026-03-29T11:45:00.000Z";"2026-03-29T12:00:00.000Z";2337.28
"2026-03-29T12:00:00.000Z";"2026-03-29T12:15:00.000Z";2390.7
"2026-03-29T12:15:00.000Z";"2026-03-29T12:30:00.000Z";2453.32
"2026-03-29T12:30:00.000Z";"2026-03-29T12:45:00.000Z";2581.69
"2026-03-29T12:45:00.000Z";"2026-03-29T13:00:00.000Z";2590.21
"2026-03-29T13:00:00.000Z";"2026-03-29T13:15:00.000Z";2547.02
"2026-03-29T13:15:00.000Z";"2026-03-29T13:30:00.000Z";2575.57
"2026-03-29T13:30:00.000Z";"2026-03-29T13:45:00.000Z";2575.23
"2026-03-29T13:45:00.000Z";"2026-03-29T14:00:00.000Z";2548.6
"2026-03-29T14:00:00.000Z";"2026-03-29T14:15:00.000Z";2528.84
"2026-03-29T14:15:00.000Z";"2026-03-29T14:30:00.000Z";2601.66
"2026-03-29T14:30:00.000Z";"2026-03-29T14:45:00.000Z";2676.27
"2026-03-29T14:45:00.000Z";"2026-03-29T15:00:00.000Z";2736.78
"2026-03-29T15:00:00.000Z";"2026-03-29T15:15:00.000Z";2802.71
"2026-03-29T15:15:00.000Z";"2026-03-29T15:30:00.000Z";2838.6
"2026-03-29T15:30:00.000Z";"2026-03-29T15:45:00.000Z";2800.48
"2026-03-29T15:45:00.000Z";"2026-03-29T16:00:00.000Z";2791.9
"2026-03-29T16:00:00.000Z";"2026-03-29T16:15:00.000Z";2896.05
"2026-03-29T16:15:00.000Z";"2026-03-29T16:30:00.000Z";3117.75
"2026-03-29T16:30:00.000Z";"2026-03-29T16:45:00.000Z";3373.56
"2026-03-29T16:45:00.000Z";"2026-03-29T17:00:00.000Z";3631.76
"2026-03-29T17:00:00.000Z";"2026-03-29T17:15:00.000Z";3872.75
"2026-03-29T17:15:00.000Z";"2026-03-29T17:30:00.000Z";4112.24
"2026-03-29T17:30:00.000Z";"2026-03-29T17:45:00.000Z";4315.81
"2026-03-29T17:45:00.000Z";"2026-03-29T18:00:00.000Z";4552.55
"2026-03-29T18:00:00.000Z";"2026-03-29T18:15:00.000Z";4809.65
"2026-03-29T18:15:00.000Z";"2026-03-29T18:30:00.000Z";4844.8
"2026-03-29T18:30:00.000Z";"2026-03-29T18:45:00.000Z";4675.4
"2026-03-29T18:45:00.000Z";"2026-03-29T19:00:00.000Z";4578.43
"2026-03-29T19:00:00.000Z";"2026-03-29T19:15:00.000Z";4658.72
"2026-03-29T19:15:00.000Z";"2026-03-29T19:30:00.000Z";4782.06
"2026-03-29T19:30:00.000Z";"2026-03-29T19:45:00.000Z";4789.58
"2026-03-29T19:45:00.000Z";"2026-03-29T20:00:00.000Z";4756.86
"2026-03-29T20:00:00.000Z";"2026-03-29T20:15:00.000Z";4776.19
"2026-03-29T20:15:00.000Z";"2026-03-29T20:30:00.000Z";4775.03
"2026-03-29T20:30:00.000Z";"2026-03-29T20:45:00.000Z";4608.87
"2026-03-29T20:45:00.000Z";"2026-03-29T21:00:00.000Z";4430
"2026-03-29T21:00:00.000Z";"2026-03-29T21:15:00.000Z";4455.2
"2026-03-29T21:15:00.000Z";"2026-03-29T21:30:00.000Z";4530.2
"2026-03-29T21:30:00.000Z";"2026-03-29T21:45:00.000Z";4402.57
"2026-03-29T21:45:00.000Z";"2026-03-29T22:00:00.000Z";4252.8
"2026-03-29T22:00:00.000Z";"2026-03-29T22:15:00.000Z";4362.64
"2026-03-29T22:15:00.000Z";"2026-03-29T22:30:00.000Z";4486.21
"2026-03-29T22:30:00.000Z";"2026-03-29T22:45:00.000Z";4565.64
"2026-03-29T22:45:00.000Z";"2026-03-29T23:00:00.000Z";4562.67
"2026-03-29T23:00:00.000Z";"2026-03-29T23:15:00.000Z";4617.98
"2026-03-29T23:15:00.000Z";"2026-03-29T23:30:00.000Z";4598.15
"2026-03-29T23:30:00.000Z";"2026-03-29T23:45:00.000Z";4584.49
"2026-03-29T23:45:00.000Z";"2026-03-30T00:00:00.000Z";4668.3
"2026-03-30T00:00:00.000Z";"2026-03-30T00:15:00.000Z";4622.07
"2026-03-30T00:15:00.000Z";"2026-03-30T00:30:00.000Z";4520.72
"2026-03-30T00:30:00.000Z";"2026-03-30T00:45:00.000Z";4534.45
"2026-03-30T00:45:00.000Z";"2026-03-30T01:00:00.000Z";4408.28
"2026-03-30T01:00:00.000Z";"2026-03-30T01:15:00.000Z";4284.55
"2026-03-30T01:15:00.000Z";"2026-03-30T01:30:00.000Z";4377.14
"2026-03-30T01:30:00.000Z";"2026-03-30T01:45:00.000Z";4532.82
"2026-03-30T01:45:00.000Z";"2026-03-30T02:00:00.000Z";4546.49
"2026-03-30T02:00:00.000Z";"2026-03-30T02:15:00.000Z";4486.01
"2026-03-30T02:15:00.000Z";"2026-03-30T02:30:00.000Z";4517.47
"2026-03-30T02:30:00.000Z";"2026-03-30T02:45:00.000Z";4604.2
"2026-03-30T02:45:00.000Z";"2026-03-30T03:00:00.000Z";4445.97
"2026-03-30T03:00:00.000Z";"2026-03-30T03:15:00.000Z";4214.82
"2026-03-30T03:15:00.000Z";"2026-03-30T03:30:00.000Z";4329.09
"2026-03-30T03:30:00.000Z";"2026-03-30T03:45:00.000Z";4547.59
"2026-03-30T03:45:00.000Z";"2026-03-30T04:00:00.000Z";4548.4
"2026-03-30T04:00:00.000Z";"2026-03-30T04:15:00.000Z";4533.63
"2026-03-30T04:15:00.000Z";"2026-03-30T04:30:00.000Z";4529.94
"2026-03-30T04:30:00.000Z";"2026-03-30T04:45:00.000Z";4476.95
"2026-03-30T04:45:00.000Z";"2026-03-30T05:00:00.000Z";4334.78
"2026-03-30T05:00:00.000Z";"2026-03-30T05:15:00.000Z";4115.14
"2026-03-30T05:15:00.000Z";"2026-03-30T05:30:00.000Z";3880.65
"2026-03-30T05:30:00.000Z";"2026-03-30T05:45:00.000Z";3733.69
"2026-03-30T05:45:00.000Z";"2026-03-30T06:00:00.000Z";3580.28
"2026-03-30T06:00:00.000Z";"2026-03-30T06:15:00.000Z";3475.29
"2026-03-30T06:15:00.000Z";"2026-03-30T06:30:00.000Z";3445.26
"2026-03-30T06:30:00.000Z";"2026-03-30T06:45:00.000Z";3411.16
"2026-03-30T06:45:00.000Z";"2026-03-30T07:00:00.000Z";3421.29
"2026-03-30T07:00:00.000Z";"2026-03-30T07:15:00.000Z";3425.79
"2026-03-30T07:15:00.000Z";"2026-03-30T07:30:00.000Z";3398.61
"2026-03-30T07:30:00.000Z";"2026-03-30T07:45:00.000Z";3365.16
"2026-03-30T07:45:00.000Z";"2026-03-30T08:00:00.000Z";3315.56
"2026-03-30T08:00:00.000Z";"2026-03-30T08:15:00.000Z";3318.27
"2026-03-30T08:15:00.000Z";"2026-03-30T08:30:00.000Z";3326.15
"2026-03-30T08:30:00.000Z";"2026-03-30T08:45:00.000Z";3330.78
"2026-03-30T08:45:00.000Z";"2026-03-30T09:00:00.000Z";3386.3
"2026-03-30T09:00:00.000Z";"2026-03-30T09:15:00.000Z";3394.35
"2026-03-30T09:15:00.000Z";"2026-03-30T09:30:00.000Z";3316.97
"2026-03-30T09:30:00.000Z";"2026-03-30T09:45:00.000Z";3195.52
"2026-03-30T09:45:00.000Z";"2026-03-30T10:00:00.000Z";3108.46
"2026-03-30T10:00:00.000Z";"2026-03-30T10:15:00.000Z";3118.63
"2026-03-30T10:15:00.000Z";"2026-03-30T10:30:00.000Z";3120.38
"2026-03-30T10:30:00.000Z";"2026-03-30T10:45:00.000Z";3080.92
"2026-03-30T10:45:00.000Z";"2026-03-30T11:00:00.000Z";3051.54
"2026-03-30T11:00:00.000Z";"2026-03-30T11:15:00.000Z";3061.85
"2026-03-30T11:15:00.000Z";"2026-03-30T11:30:00.000Z";3140.11
"2026-03-30T11:30:00.000Z";"2026-03-30T11:45:00.000Z";3149.55
"2026-03-30T11:45:00.000Z";"2026-03-30T12:00:00.000Z";3122.04
"2026-03-30T12:00:00.000Z";"2026-03-30T12:15:00.000Z";3111.73
"2026-03-30T12:15:00.000Z";"2026-03-30T12:30:00.000Z";3138.61
"2026-03-30T12:30:00.000Z";"2026-03-30T12:45:00.000Z";3145.17
"2026-03-30T12:45:00.000Z";"2026-03-30T13:00:00.000Z";3063.96
"2026-03-30T13:00:00.000Z";"2026-03-30T13:15:00.000Z";3026.57
"2026-03-30T13:15:00.000Z";"2026-03-30T13:30:00.000Z";3064.41
"2026-03-30T13:30:00.000Z";"2026-03-30T13:45:00.000Z";2977.52
"2026-03-30T13:45:00.000Z";"2026-03-30T14:00:00.000Z";2832.61
"2026-03-30T14:00:00.000Z";"2026-03-30T14:15:00.000Z";2775.92
"2026-03-30T14:15:00.000Z";"2026-03-30T14:30:00.000Z";2770.83
"2026-03-30T14:30:00.000Z";"2026-03-30T14:45:00.000Z";2769.95
"2026-03-30T14:45:00.000Z";"2026-03-30T15:00:00.000Z";2706.44
"2026-03-30T15:00:00.000Z";"2026-03-30T15:15:00.000Z";2638.83
"2026-03-30T15:15:00.000Z";"2026-03-30T15:30:00.000Z";2684.74
"2026-03-30T15:30:00.000Z";"2026-03-30T15:45:00.000Z";2724.69
"2026-03-30T15:45:00.000Z";"2026-03-30T16:00:00.000Z";2716.82
"2026-03-30T16:00:00.000Z";"2026-03-30T16:15:00.000Z";2727.05
"2026-03-30T16:15:00.000Z";"2026-03-30T16:30:00.000Z";2798.73
"2026-03-30T16:30:00.000Z";"2026-03-30T16:45:00.000Z";2929.72
"2026-03-30T16:45:00.000Z";"2026-03-30T17:00:00.000Z";3046.07
"2026-03-30T17:00:00.000Z";"2026-03-30T17:15:00.000Z";3161.03
"2026-03-30T17:15:00.000Z";"2026-03-30T17:30:00.000Z";3312.94
"2026-03-30T17:30:00.000Z";"2026-03-30T17:45:00.000Z";3471.08
"2026-03-30T17:45:00.000Z";"2026-03-30T18:00:00.000Z";3679.99
"2026-03-30T18:00:00.000Z";"2026-03-30T18:15:00.000Z";3892.16
"2026-03-30T18:15:00.000Z";"2026-03-30T18:30:00.000Z";4023.96
"2026-03-30T18:30:00.000Z";"2026-03-30T18:45:00.000Z";4094.97
"2026-03-30T18:45:00.000Z";"2026-03-30T19:00:00.000Z";4184.32
"2026-03-30T19:00:00.000Z";"2026-03-30T19:15:00.000Z";4280.02
"2026-03-30T19:15:00.000Z";"2026-03-30T19:30:00.000Z";4331.34
"2026-03-30T19:30:00.000Z";"2026-03-30T19:45:00.000Z";4374.61
"2026-03-30T19:45:00.000Z";"2026-03-30T20:00:00.000Z";4355.55
"2026-03-30T20:00:00.000Z";"2026-03-30T20:15:00.000Z";4340.97
"2026-03-30T20:15:00.000Z";"2026-03-30T20:30:00.000Z";4315.36
"2026-03-30T20:30:00.000Z";"2026-03-30T20:45:00.000Z";4236.94
"2026-03-30T20:45:00.000Z";"2026-03-30T21:00:00.000Z";4173.13
"2026-03-30T21:00:00.000Z";"2026-03-30T21:15:00.000Z";4174.76
"2026-03-30T21:15:00.000Z";"2026-03-30T21:30:00.000Z";4110.87
"2026-03-30T21:30:00.000Z";"2026-03-30T21:45:00.000Z";4034.76
"2026-03-30T21:45:00.000Z";"2026-03-30T22:00:00.000Z";3964.57
"2026-03-30T22:00:00.000Z";"2026-03-30T22:15:00.000Z";3824.3
"2026-03-30T22:15:00.000Z";"2026-03-30T22:30:00.000Z";3715.02
"2026-03-30T22:30:00.000Z";"2026-03-30T22:45:00.000Z";3625.47
"2026-03-30T22:45:00.000Z";"2026-03-30T23:00:00.000Z";3474.54
"2026-03-30T23:00:00.000Z";"2026-03-30T23:15:00.000Z";3331.65
"2026-03-30T23:15:00.000Z";"2026-03-30T23:30:00.000Z";3235.11
"2026-03-30T23:30:00.000Z";"2026-03-30T23:45:00.000Z";3144.17
"2026-03-30T23:45:00.000Z";"2026-03-31T00:00:00.000Z";3031.46
"2026-03-31T00:00:00.000Z";"2026-03-31T00:15:00.000Z";2902.63
"2026-03-31T00:15:00.000Z";"2026-03-31T00:30:00.000Z";2830.83
"2026-03-31T00:30:00.000Z";"2026-03-31T00:45:00.000Z";2773.52
"2026-03-31T00:45:00.000Z";"2026-03-31T01:00:00.000Z";2653.66
"2026-03-31T01:00:00.000Z";"2026-03-31T01:15:00.000Z";2489.85
"2026-03-31T01:15:00.000Z";"2026-03-31T01:30:00.000Z";2368.19
"2026-03-31T01:30:00.000Z";"2026-03-31T01:45:00.000Z";2274.05
"2026-03-31T01:45:00.000Z";"2026-03-31T02:00:00.000Z";2190.39
"2026-03-31T02:00:00.000Z";"2026-03-31T02:15:00.000Z";2076.1
"2026-03-31T02:15:00.000Z";"2026-03-31T02:30:00.000Z";1919.99
"2026-03-31T02:30:00.000Z";"2026-03-31T02:45:00.000Z";1805.12
"2026-03-31T02:45:00.000Z";"2026-03-31T03:00:00.000Z";1713.22
"2026-03-31T03:00:00.000Z";"2026-03-31T03:15:00.000Z";1664.73
"2026-03-31T03:15:00.000Z";"2026-03-31T03:30:00.000Z";1594.49
"2026-03-31T03:30:00.000Z";"2026-03-31T03:45:00.000Z";1497.63
"2026-03-31T03:45:00.000Z";"2026-03-31T04:00:00.000Z";1456.43
"2026-03-31T04:00:00.000Z";"2026-03-31T04:15:00.000Z";1415.27
"2026-03-31T04:15:00.000Z";"2026-03-31T04:30:00.000Z";1358.27
"2026-03-31T04:30:00.000Z";"2026-03-31T04:45:00.000Z";1278.47
"2026-03-31T04:45:00.000Z";"2026-03-31T05:00:00.000Z";1186.02
"2026-03-31T05:00:00.000Z";"2026-03-31T05:15:00.000Z";1108.13
"2026-03-31T05:15:00.000Z";"2026-03-31T05:30:00.000Z";1029.23
"2026-03-31T05:30:00.000Z";"2026-03-31T05:45:00.000Z";939.819
"2026-03-31T05:45:00.000Z";"2026-03-31T06:00:00.000Z";846.455
"2026-03-31T06:00:00.000Z";"2026-03-31T06:15:00.000Z";778.222
"2026-03-31T06:15:00.000Z";"2026-03-31T06:30:00.000Z";706.321
"2026-03-31T06:30:00.000Z";"2026-03-31T06:45:00.000Z";631.509
"2026-03-31T06:45:00.000Z";"2026-03-31T07:00:00.000Z";590.858
"2026-03-31T07:00:00.000Z";"2026-03-31T07:15:00.000Z";577.191
"2026-03-31T07:15:00.000Z";"2026-03-31T07:30:00.000Z";549.72
"2026-03-31T07:30:00.000Z";"2026-03-31T07:45:00.000Z";498.224
"2026-03-31T07:45:00.000Z";"2026-03-31T08:00:00.000Z";447.9
"2026-03-31T08:00:00.000Z";"2026-03-31T08:15:00.000Z";422.314
"2026-03-31T08:15:00.000Z";"2026-03-31T08:30:00.000Z";397.865
"2026-03-31T08:30:00.000Z";"2026-03-31T08:45:00.000Z";376.983
"2026-03-31T08:45:00.000Z";"2026-03-31T09:00:00.000Z";359.7
"2026-03-31T09:00:00.000Z";"2026-03-31T09:15:00.000Z";334.573
"2026-03-31T09:15:00.000Z";"2026-03-31T09:30:00.000Z";312.516
"2026-03-31T09:30:00.000Z";"2026-03-31T09:45:00.000Z";300.369
"2026-03-31T09:45:00.000Z";"2026-03-31T10:00:00.000Z";291.561
"2026-03-31T10:00:00.000Z";"2026-03-31T10:15:00.000Z";282.947
"2026-03-31T10:15:00.000Z";"2026-03-31T10:30:00.000Z";277.499
"2026-03-31T10:30:00.000Z";"2026-03-31T10:45:00.000Z";272.376
"2026-03-31T10:45:00.000Z";"2026-03-31T11:00:00.000Z";270.116
"2026-03-31T11:00:00.000Z";"2026-03-31T11:15:00.000Z";269.812
"2026-03-31T11:15:00.000Z";"2026-03-31T11:30:00.000Z";274.388
"2026-03-31T11:30:00.000Z";"2026-03-31T11:45:00.000Z";285.034
"2026-03-31T11:45:00.000Z";"2026-03-31T12:00:00.000Z";287.469
"2026-03-31T12:00:00.000Z";"2026-03-31T12:15:00.000Z";285.635
"2026-03-31T12:15:00.000Z";"2026-03-31T12:30:00.000Z";275.083
"2026-03-31T12:30:00.000Z";"2026-03-31T12:45:00.000Z";266.33
"2026-03-31T12:45:00.000Z";"2026-03-31T13:00:00.000Z";293.187
"2026-03-31T13:00:00.000Z";"2026-03-31T13:15:00.000Z";326.262
"2026-03-31T13:15:00.000Z";"2026-03-31T13:30:00.000Z";344.006
"2026-03-31T13:30:00.000Z";"2026-03-31T13:45:00.000Z";348.014
"2026-03-31T13:45:00.000Z";"2026-03-31T14:00:00.000Z";359.053
"2026-03-31T14:00:00.000Z";"2026-03-31T14:15:00.000Z";390.942
"2026-03-31T14:15:00.000Z";"2026-03-31T14:30:00.000Z";421.579
"2026-03-31T14:30:00.000Z";"2026-03-31T14:45:00.000Z";417.715
"2026-03-31T14:45:00.000Z";"2026-03-31T15:00:00.000Z";373.503
"2026-03-31T15:00:00.000Z";"2026-03-31T15:15:00.000Z";331.024
"2026-03-31T15:15:00.000Z";"2026-03-31T15:30:00.000Z";295.719
"2026-03-31T15:30:00.000Z";"2026-03-31T15:45:00.000Z";271.246
"2026-03-31T15:45:00.000Z";"2026-03-31T16:00:00.000Z";276.098
"2026-03-31T16:00:00.000Z";"2026-03-31T16:15:00.000Z";306.818
"2026-03-31T16:15:00.000Z";"2026-03-31T16:30:00.000Z";351.254
"2026-03-31T16:30:00.000Z";"2026-03-31T16:45:00.000Z";417.885
"2026-03-31T16:45:00.000Z";"2026-03-31T17:00:00.000Z";494.934
"2026-03-31T17:00:00.000Z";"2026-03-31T17:15:00.000Z";580.481
"2026-03-31T17:15:00.000Z";"2026-03-31T17:30:00.000Z";678.012
"2026-03-31T17:30:00.000Z";"2026-03-31T17:45:00.000Z";759.456
"2026-03-31T17:45:00.000Z";"2026-03-31T18:00:00.000Z";800.867
"2026-03-31T18:00:00.000Z";"2026-03-31T18:15:00.000Z";822.341
"2026-03-31T18:15:00.000Z";"2026-03-31T18:30:00.000Z";855.419
"2026-03-31T18:30:00.000Z";"2026-03-31T18:45:00.000Z";912.95
"2026-03-31T18:45:00.000Z";"2026-03-31T19:00:00.000Z";956.571
"2026-03-31T19:00:00.000Z";"2026-03-31T19:15:00.000Z";984.663
"2026-03-31T19:15:00.000Z";"2026-03-31T19:30:00.000Z";995.223
"2026-03-31T19:30:00.000Z";"2026-03-31T19:45:00.000Z";1001.55
"2026-03-31T19:45:00.000Z";"2026-03-31T20:00:00.000Z";1038.09
"2026-03-31T20:00:00.000Z";"2026-03-31T20:15:00.000Z";1081.26
"2026-03-31T20:15:00.000Z";"2026-03-31T20:30:00.000Z";1138.03
"2026-03-31T20:30:00.000Z";"2026-03-31T20:45:00.000Z";1219.84
"2026-03-31T20:45:00.000Z";"2026-03-31T21:00:00.000Z";1268.72
"2026-03-31T21:00:00.000Z";"2026-03-31T21:15:00.000Z";1323.06
"2026-03-31T21:15:00.000Z";"2026-03-31T21:30:00.000Z";1351.18
"2026-03-31T21:30:00.000Z";"2026-03-31T21:45:00.000Z";1341.96