profile_id,minute_00,minute_01,minute_02,minute_03,minute_04,minute_05,minute_06,minute_07,minute_08,minute_09,minute_10,minute_11,minute_12,minute_13,minute_14,minute_15,minute_16,minute_17,minute_18,minute_19,minute_20,minute_21,minute_22,minute_23,minute_24,minute_25,minute_26,minute_27,minute_28,minute_29,minute_30,minute_31,minute_32,minute_33,minute_34,minute_35,minute_36,minute_37,minute_38,minute_39,minute_40,minute_41,minute_42,minute_43,minute_44,minute_45,minute_46,minute_47,minute_48,minute_49,minute_50,minute_51,minute_52,minute_53,minute_54,minute_55,minute_56,minute_57,minute_58,minute_59
0,514.103298451266,509.8247892339097,534.9266436277064,548.7424056618619,520.3348200139974,553.6283846285703,571.908163767895,591.9326651372817,565.9006194245699,562.4276350772595,553.3834967735402,583.2570459929423,593.3276043985887,600.0,596.0389939179132,576.9457044428476,580.7666395339561,550.2338474612484,573.1680295007292,582.3845374392737,600.0,589.8168177690908,600.0,600.0,600.0,578.6247095496377,576.2951798105302,544.3614434156361,520.1617078603645,532.9751345873362,550.1084855008835,582.8341667712782,570.6419418409488,561.5741212633897,559.4430280526963,537.7060231885963,511.8005285620793,510.09987339789467,490.98352783145657,502.8705074592323,498.4711417802954,521.758615504344,535.7771726445014,522.6428375412443,545.9010236389083,567.2345286636845,559.3580151957967,544.5409824709138,557.3156677491621,532.0983416018138,511.09191577507136,476.60727465764177,496.6919810827915,508.2315410442337,522.5931175480772,542.2441497196149,539.3682540072988,544.1801377240014,518.9659275929374,491.98303274045554
1,473.99312548037926,471.96985991039855,476.53638736408175,495.0863073832035,504.51658978324485,508.2671478293046,512.4116490814836,498.6881559458664,465.8454043656222,461.41562161188756,441.4365487092546,435.03355376997916,459.7717688987508,441.14753290932464,410.2287248275593,394.92559726909906,380.4771603127669,391.81131634364954,395.803567007539,415.67644164498796,427.1783894679051,420.62546976871005,442.60689669533247,419.29500108887174,385.884846208242,357.1881964625369,372.7533510042884,370.0847571218855,346.37378165423763,346.44691591147307,322.10876310139486,335.85118935683636,332.0821286470185,323.7536144737723,309.85946071412366,318.97924223244587,309.3061249711832,280.44161932331025,253.70203247174632,286.0348689902123,314.6355173397448,328.6150167064973,312.22591400866366,345.06826042300435,364.58082370061,379.7631369417397,376.2184420918049,360.275351420966,332.02271877171097,360.20488652977986,357.10922681813264,336.27466235379876,322.69162604434445,328.23699587027716,305.61109067602337,330.57409056248963,348.67045765095435,364.03286456751994,359.2793773517772,368.19099620094823
2,441.95722818683953,452.44649029567694,423.3575927754692,417.46411092741187,385.37710309774434,384.9564604448607,373.04674530815566,348.16343852877895,320.40164626935757,326.5367663217974,303.4782741193794,333.23668240575523,338.9109621847829,328.1918485022215,334.55593290592066,301.15220387799945,333.25134880490066,332.01258939090366,351.8040552984237,322.5951552929944,321.6612384516656,321.0107280564821,351.6585799047309,356.6795435710562,354.8238016450429,338.51209806147546,326.7219278754541,328.1689960484618,323.89279826981505,290.4056438614382,313.24607855504325,340.9773325838269,315.79476881372966,319.57729886146313,292.1776007409442,304.234407253731,288.9207721224616,300.0803565508947,315.96997955097646,334.7753039852125,307.3171702021252,336.43799936175776,317.5529787243994,285.17185765673196,289.0115305141358,279.9760903845065,303.0613724037754,324.63897544827654,311.8386979458666,343.54165560074875,328.9059042705571,329.9599033167771,312.8774596565093,343.4005095599367,319.923056790678,288.06680014814106,283.5235943483537,317.9898838322623,345.4072924701063,362.80985383209276
3,558.5011465338395,586.0424113126899,587.3624965397413,574.4775301678968,593.518400415666,600.0,591.1560410211597,562.7687077854657,580.0439805798975,563.4162166944981,593.9931372318626,575.8610774822606,549.4541327510647,572.6320197998081,548.3619219635226,525.9107035345644,532.8674989410234,559.086841799646,537.8372683996661,524.5599255026727,543.9782641795551,577.0061140038229,577.0579970379869,552.1308222165744,518.1063623561486,499.18228445606843,473.4098397011249,485.84594685402493,459.37422217802214,459.8173173914664,473.41568788646845,479.0938505319316,458.0781461481356,479.366862980894,494.4453620540001,511.17424232808804,485.34828493709995,459.01105119262405,488.9404297630796,481.77090333082543,467.8373117554912,467.03819493009854,478.43868982354934,510.33231781683725,495.38355369858107,525.1201437504229,491.86030814746084,495.72417111033855,505.1024289280145,477.5152471905672,452.3390189850411,446.67702133718234,479.3132551872051,486.03623391361117,516.347859425626,537.6531235185339,535.3698356274043,555.3032770750574,521.5518519534465,494.191931727048
4,535.1828736554398,555.9600698382012,537.2449217758516,539.3987931177853,546.819900566786,572.5616273311068,579.7791283448177,573.6591381939753,564.8520212324781,559.6637672786238,570.298939069222,596.0232832918847,592.7960650372257,575.1448344438209,556.7111998536516,573.9321994706928,596.0920129103665,568.4614785001553,538.1205984870178,544.7309549499694,519.9630820434583,542.6895753754021,529.4130025500873,504.48403785806727,533.9519709321888,510.5391915236583,495.4695972873138,471.2225349507579,444.30683940733275,410.78720055088354,379.66487919238176,356.88978215789143,325.6265174417937,332.00658456956165,344.6566014455271,337.21073342376906,324.4701102104125,324.7869468019686,351.03729275839123,375.61650663594565,343.6597609768411,321.3646496485978,302.9367906259055,285.3939209341603,290.3802065561544,284.5185763553779,252.96636475030948,244.1193544424795,245.7820608527141,220.0,243.34209876519918,220.0,249.73893083126433,221.67685074185562,245.7270973536983,273.9128174286315,307.482765069693,328.62457668884457,348.1880045428376,358.1618338625259
5,516.018614739689,490.4372693286093,492.9620318449439,493.9576327582729,518.987682846852,516.3836384383981,508.3399031654228,518.1093321520206,501.76176437707977,476.54555314385675,474.99696232551895,469.1792181271609,450.45911396418205,441.184940672241,431.8324121600783,419.7571016689565,411.31958724984156,424.32162143175776,410.10297465174773,441.52302952182157,470.667390889494,469.3311208704995,457.31640522082773,459.79684050892797,484.19607472308167,494.8771885622888,516.1846165185842,518.475175843186,527.7794098919194,512.9503028846917,529.392824246412,508.5611457652123,522.1970147825072,547.4473495653198,521.6945481764278,529.7011300143622,501.35783239045765,517.1579263694575,488.0724516871039,518.5882392761478,493.2067943787939,525.3284115924296,546.3903039183863,552.9480442310311,572.7317315550994,593.3897702839154,600.0,582.736834768743,589.0421474438247,560.6955912733328,568.8271902750213,545.8175815615165,550.3641243645874,555.4342603469569,553.0532210556428,554.6374453415614,573.1120826420225,594.0592127978672,593.5099378881472,600.0
6,573.8697695622386,547.2511207573173,520.448370370325,491.58800120407886,502.63843115691583,496.9410122122424,516.1435113421715,528.129710273773,516.4843533567496,544.3700116720571,562.7472619670027,546.6847078307151,537.1781490747588,524.1889476890573,500.22176309280724,475.56659917076064,506.0955216070627,501.74880421097544,493.5811918053941,509.65919141281057,513.3687059805136,543.898505059206,563.5196096328634,562.0754791215812,553.420642265239,587.4848504099416,600.0,600.0,573.2935004051928,597.8308579485476,600.0,573.5345174834579,579.7125774813034,592.7393230386848,558.600511050887,555.4027683798092,578.1807341635517,563.855865937638,560.9542316635366,556.9162205582891,543.0511379592634,572.3420706453522,592.0326531255583,564.7738418952861,599.5662679439162,600.0,584.8735906504827,600.0,572.4493672309968,600.0,600.0,600.0,571.3308508888892,599.123188811653,566.1531540359658,548.0111180988462,523.0226493605106,542.3964052089659,521.2707011138688,550.0153770130307
7,469.3822349444463,436.91362467907504,402.29371306808406,370.909767259092,378.32452969443295,399.42825645459203,381.1269538985092,405.58557290312433,374.5918087138526,395.6592784687699,425.60495858082953,444.65254651813615,458.52100139664077,482.1796167025176,449.99020767081225,429.11495542114613,402.85961297254113,403.1767822860502,420.3399512690693,429.44078038941717,454.01995737275263,429.88486684362897,446.3083432790903,424.8212476399136,408.77436023215967,423.4676890418509,457.0820239847586,464.8900764031535,433.7050984525442,441.8467263474715,409.81126495808314,436.7014647537603,451.37194471080375,428.49089396037897,399.91136436807284,377.7586903896952,411.36059295848867,408.459837930583,428.34550431448156,437.89408826202595,442.96300875913056,418.12212658568404,449.34383833475067,435.4378226107809,440.89902771730885,454.8833438385435,465.3296647057151,496.1712733844014,471.56200267880547,472.14669437009144,465.4291017219451,463.62091278572836,436.96613961957047,411.35276231066405,395.81805051535207,382.14737277861025,377.10059773630474,384.86972602886874,394.29376424814717,388.1205270091371
8,375.33758158290493,355.5715784516923,361.75301584032286,348.9458796325295,316.47006803194495,310.7580711229252,308.9473583792371,289.73885915353185,294.81091447207996,299.4149475023144,313.5551001800404,323.91149393412513,334.58180789059736,321.71679851828037,341.8370540572971,345.2771609092747,340.476434571867,349.297308237741,339.5433216492588,340.4350687717319,357.0044669654873,384.0526690361469,413.5266728468103,413.78097760962726,415.2002356414671,436.19116439493564,423.20271281702975,446.81947818118454,446.40939343740416,419.51936414087294,389.563504435979,413.5030292087414,382.39278339222284,367.03558392157873,355.4246867566869,332.5342979200985,319.50683380623775,336.4953134769937,302.52311252619864,325.4252522426467,350.3836138928658,341.4419240162742,317.19482695051863,324.2536555066743,297.6307344172169,288.1750896926946,320.26513235576266,354.9476454366173,373.99498783143827,360.7622935258919,373.89884696751835,388.2772925513992,380.4262112128547,390.28841563388585,356.0393507821832,335.6733868843401,337.4295680920484,313.8921593901291,290.5056401414865,314.0469404800031
9,595.8705410197701,599.7884009817616,600.0,600.0,574.9117121998142,571.2889051276188,563.7689952365532,534.3724450917862,552.2455571874183,547.6100890999998,545.4629744933278,521.0100826602546,498.6749483164154,527.1722018673504,495.2976380955499,476.59729804160935,462.04145116362633,461.3552791317374,467.4064412427731,466.93673955231975,437.82481297130147,419.8815347552014,443.9327216885793,453.56393072207146,464.0043642314707,475.9185921060655,494.32180343883255,463.38939715933384,454.05198410461674,456.81890457293423,445.5108584037471,469.6243795338501,468.4044551349607,487.20838639711724,511.84947257879907,512.184876382044,540.8535334530385,546.9522092906271,571.4714102089877,560.3127659003943,560.2299529975983,562.4287258679187,534.7773059806436,527.6759814497515,556.8896185283688,566.0478753539007,543.4733361244885,532.1932306171608,510.6054412935498,477.34306051944986,507.2652926147317,503.6398055927127,490.16726066216773,497.0606640712093,462.57267601172043,447.0342234737774,461.24656607269986,470.6104501875483,504.3368665155258,512.7619061915889
10,401.45223197853846,419.752511401419,447.9854624389027,463.4341787091873,495.85896435764386,515.5993263093162,541.275426987651,514.2627119705056,530.5316571800707,526.3378661469866,530.0551323157758,540.8423009795408,573.7293591489307,600.0,585.1759771841533,600.0,600.0,589.2545002919135,562.925384532409,530.7916717524093,550.2056906794519,549.4846726066353,583.4724844712802,581.0206264048359,600.0,593.8103201535841,600.0,570.9373490618283,574.8196687714718,595.9638538604725,600.0,600.0,567.5879509040822,558.6771147955535,527.0860078575231,499.73576823554214,512.0071622422661,526.9352359840849,546.0956837766987,571.6776421405951,588.4378449339508,600.0,568.4274596876295,549.8449202185204,558.3777643547876,583.4465356785252,548.7615444243013,549.7855983724457,562.1957163279535,529.2682265669564,522.3631155956936,550.0575572925524,562.0704539124624,543.7065393477043,568.4012184219382,557.7634180606042,582.4975450406884,568.4236006190117,574.7460181808322,567.5318229231806
11,324.4335192869255,351.49254863895635,329.6241063747207,300.5609177612241,289.49580345942036,304.73054379433006,326.2507562126698,361.1627921173433,346.90813610812484,340.46407268731457,315.0415621493884,320.2825972230008,355.113199831405,369.1748705398511,375.83976936878713,368.3056058733127,397.3765190933015,397.160680822426,371.5663647543403,362.14285717827966,331.84452399762336,310.98305663583807,277.21987130583193,273.9494654608434,283.3672840074692,272.39775637399276,266.82448037936217,298.9691294784825,316.60654798872656,319.46651257487315,304.38437383270093,332.1741497468106,313.63094792845675,301.40493906462416,330.03947607423055,332.1074199441856,349.06967640344396,355.4218119949076,366.1625566255723,352.1193870316101,334.0154313454765,321.5898956472831,297.47080513312267,323.6728107034792,308.50009603098715,312.8043536399941,333.2425633998903,353.11025105619024,348.79728915708375,347.13530075815453,381.76442318360625,393.98624657213793,416.01093759038974,444.189715435736,464.32100397178976,442.2835581185395,446.6355094801695,418.7681004921876,429.4726493516675,461.34710932481426
12,414.8381844340423,410.14625893478603,377.65525153405747,409.8394680971029,382.049655986214,349.9251925175533,332.149855322899,301.73698569718573,298.5952346660091,299.721380754007,286.60127718600785,255.16851096624987,227.98053674369572,220.0,220.0,233.87328079269395,220.0,220.0,220.0,220.0,220.0,220.0,245.39351946186147,220.0,220.57171490690126,220.0,220.0,220.0,239.6406796268609,263.52493906190784,246.74933710097534,234.32366796871642,220.0,220.0,232.8280850361169,220.0,220.0,250.12692323124054,220.0,220.0,234.80906291177445,220.0,220.0,220.0,249.3176235471478,220.0,220.0,220.0,220.0,228.41045006398073,220.0,224.8448435301474,231.1585203237762,255.61899364006075,220.9508911438919,245.6867532978576,254.02508934774576,230.4171333750928,249.52275054456265,274.40715846990366
13,316.62012382657974,345.9356814897674,342.7477016106734,349.9874134140059,383.91288076724095,374.2204062719849,396.1415604793928,383.429498727385,404.3744452842894,411.42581960467436,391.57071827045246,385.552544835699,372.7870392411483,343.2546267567738,310.3430606637526,299.5965665422553,265.92895688947937,242.51309992020362,258.2759323797644,272.8423188776156,289.54294592963237,276.74366790873086,304.04502990696955,310.61316826896086,284.4350121912247,259.4953184931121,273.0119983781912,250.11807392913667,250.6285630398797,285.0527763548895,250.33330868622326,220.0,254.51592073513547,260.440639124527,234.32433741082295,262.1354913936095,288.762112402548,291.29614132034425,299.8215834105972,283.94468681565854,252.4810655616989,259.1007981840594,244.73366170825278,256.18713497447743,279.7242973534595,245.995535427465,252.6954996554659,233.88513743354557,260.0573322868117,242.8138477461397,250.56775707261897,254.31561587889178,247.0472708830392,259.4807243350248,275.28459876510516,279.9702444374622,298.059801040395,331.8989963599006,326.24806351295695,327.2688771449441
14,224.73855361766104,245.46055255938754,246.87665725260712,240.4339573778467,220.0,247.2759495172778,239.92645632011676,252.70716819476218,228.16335914053272,260.471833208405,237.96275653593312,220.0,245.12880023903995,274.00959232897515,253.85991085560624,251.7459730278442,268.0906163472423,294.5762177139984,286.1099063666098,287.3012704460698,304.22141918245126,320.40093754814694,340.2081466499729,345.10351395487976,317.42657073121404,345.7047010926768,371.2947788451488,392.1615993524321,364.1519727536832,343.45978844938327,360.5118140069189,327.13162062765514,360.6773449871647,352.07747261206237,367.42934997042005,394.55932616458307,387.18341833508885,374.5226925370655,382.13457155994274,387.8038277223063,381.4436261560421,388.5678590667817,419.0445549364363,416.7793729002981,395.5513255528423,386.95574435465255,379.54323313617084,353.7208416480062,330.12184668682505,343.04119182438245,331.80463461900564,363.64752204891215,345.6992942240147,317.62400958135225,335.3693289913703,362.04185262562123,346.50978760662537,325.6559547218088,303.65958416278494,305.2004452584408
15,397.998323673773,381.15911246359036,349.3212306528502,348.0256244756898,380.1788888101824,390.85523286286883,390.54069182687215,363.28913700894526,345.95967734741635,331.59385381763434,350.13010250014077,376.4998583086641,404.6147880583148,438.5345906358676,472.3002584531848,504.0101977469435,474.0377475821454,448.6832950970918,434.9959519504141,438.6988297349264,410.4872819443099,434.6930689904599,442.8660015258715,445.83150968702586,422.40330232273624,405.13118553075003,381.35302727950807,405.988348325144,411.88429852942926,428.3433584558036,414.0656588595054,405.0533434556848,398.39319096554215,416.5942389876246,435.65894812484436,415.13589505082655,446.0436150224935,419.48948864355157,447.2180344132057,419.2457296086924,402.7635163892842,427.0170139140412,404.5814589782673,398.53121416996515,395.021365166054,377.1894932776787,391.90665737119775,416.50008282935204,442.72034261924205,431.4728928208013,433.6324204209483,416.0208686915439,398.1566238000541,374.4444081996888,405.24573895621484,432.40495695860545,451.8200668915439,453.0563733816849,452.39892746751593,454.4811241002908
16,423.8958451592939,419.3152610881322,393.5380993905769,367.3345690913744,398.99204920057224,397.7342023716168,429.45858911498,405.9089705546877,409.71812919748305,389.2583369320908,371.9812593609529,339.0850798742354,312.4118116260502,341.59120016009393,329.09850956385714,336.6675543978786,334.2185436371277,327.2501308042972,329.482157198522,307.58888332159586,341.7911562179662,364.0727070272366,380.9857313184427,378.79888210941937,354.5002806582629,383.9468907374127,372.8439854541336,341.35145373291897,330.319711109663,350.9317032443749,359.52131539354946,377.08001632568966,397.6344931960561,377.4713159716941,407.1361480982167,402.7954203026428,412.5263757511343,377.68798983220626,412.2237847209887,396.88653173847956,366.23094919629045,363.3092921038464,337.34139610658934,313.0042658176196,322.26406272973435,314.7689801396507,344.29865165050035,331.6396062730652,347.4722152599383,344.7491753707818,355.94576644983135,362.92444141995065,361.0193195130805,392.5235961367911,381.513551129638,358.9200362170871,371.38662047867507,395.6071497702287,363.4249115660234,359.89919975561105
17,559.145322081184,576.6186254057847,600.0,600.0,600.0,586.173619679655,600.0,590.6434841989576,600.0,593.2198142883358,597.5471393927457,600.0,600.0,600.0,594.3510691549467,600.0,588.9653703310038,582.5363371071747,578.3398446835234,552.1463359653834,523.5669934995138,535.2912881197869,546.1775298038006,557.5812097985072,523.9648609724956,511.8231399595202,490.66982926766394,510.1404288457448,535.3845569434739,517.6521833493042,529.4016244686633,503.4570207107425,487.7176975028624,462.4235122392018,447.2699659011478,459.50152421559727,488.2244079285649,467.4009764832579,470.34650892980824,484.4438860168485,516.1484588108381,523.8526926129402,506.7101777848569,515.4936487688325,502.92803008629363,536.2570174347131,529.2343468961677,542.2142873494387,508.8402181137118,501.84451934314467,528.1020522757204,535.8179733860477,531.8939754337661,562.4096003942668,587.1885067245729,574.7436038921786,577.8619920350724,577.1496899615447,586.4038649695851,574.791653656698
18,312.79790029103754,341.6849287589251,371.35614372382054,395.38874572715906,428.86305588067836,446.01246268525654,464.5391686845965,482.9204751219814,481.56300928794286,478.5146629039419,460.3305022343721,470.4678458395224,455.7202553666858,438.76684404585063,444.7841402325745,438.4829074083275,418.80287002395175,440.92679119664996,466.1666855472563,442.905651924701,408.43114422070096,396.96024201775714,417.7860005154098,441.5281711518125,416.21120605993593,435.4147191427495,408.51401085440955,400.8183921653666,435.72105821620073,414.2024158423644,389.9798666227983,384.5758899010738,392.9526867189641,423.25574148789184,456.9132216752042,426.7880662366018,401.4478924509552,421.79955062367475,405.743801282635,432.6832354480802,444.12496345411625,416.95409962076366,440.2311495654442,417.5760961660095,412.2207737935853,415.8737187927384,415.92734922835785,428.9587533214184,439.64682476226625,474.08976514923006,509.0492987949232,510.201456979418,481.8653930666785,497.8144239944888,531.18090946965,518.4637566036814,515.7483786123116,510.48276334939357,479.08210416837863,491.14061435401976
19,354.2683241260178,374.3907953502229,397.6392006199619,420.1253556818111,414.2919755446027,401.80017330146563,419.2176278781595,440.31488824715007,439.7029094945457,467.2150808620869,442.28868958758596,468.82350416371315,440.5501704717448,416.2969570155678,418.665757944745,388.392051557864,357.08854865587176,322.12486074747113,317.6670269260695,336.8906986165256,304.3293831361197,314.98741558872956,337.6063278078626,314.3663872083136,289.6468486458119,314.9029167992494,337.521639495756,340.2475631342491,362.5915546848277,334.08448010454237,326.6981863602552,343.34401528770127,326.3656524403787,344.0286764507274,344.3211787580844,361.8397979144607,359.3673725644738,350.120676380001,330.46392153350524,310.0504754339563,327.65483217395405,300.97855653633127,271.9973210440974,249.33771659564653,226.61197239742106,249.22950599390404,242.1249696370989,276.4521616523327,251.05694969767555,261.8047374962306,258.21580300031815,250.72007536911332,276.9759693028991,310.2676645108871,336.3677916250796,314.8288391575389,295.28469364216426,306.2098651788187,291.4457158934921,307.8764750481327
20,435.23984730766495,438.80346110199315,461.8017458407082,476.53903986269563,443.3994834125061,411.8616230127272,418.97071468464827,418.00415997820755,401.21708585221694,395.52301196425304,413.5767342755533,436.4395382016084,440.7251529539115,432.70101661390873,416.6497899185662,418.18408287241397,405.2165561719206,409.7032157652262,422.06888254090086,391.6944273052585,356.7691498568508,336.6285495757028,364.2443544160175,374.48470784201663,351.52193247760823,378.8404098052615,376.7373256253753,375.06374859288155,405.5516846618674,374.7157531147012,354.7782323387115,360.7822250995421,339.46628077028237,352.0331714149094,332.01963166847986,303.96061961039686,283.44958078525565,278.0409631843,255.37064412641558,229.7990858710499,255.01881790637577,242.44662215818732,232.6997302144651,220.0,220.0,220.0,227.7339547139252,220.0,247.18558171439884,277.26224517876767,249.25041918114297,221.76862612134337,220.0,228.36984794172184,220.0,244.66676225511864,262.4657683007711,284.8523883774328,286.6766252594543,321.444030065795
21,236.7865391187813,229.87508661180922,220.0,251.40518490988487,256.7854520047164,278.21881958584714,255.14270314194346,288.6470932149742,288.55186149631623,288.10890683526145,321.0708378334631,312.72210311866326,305.54885483751275,311.4815440338583,285.4452267722034,272.9212206210332,251.44580319219236,223.67564672968584,249.30576917285725,255.55895080178058,245.66604620873437,239.27290262440428,234.4792328825191,243.79967563264876,273.67353303687827,303.96810641286703,296.37254498001346,284.42091715185734,280.9941721648252,285.7495682948197,283.07682209630207,294.1895607834711,297.9974924200546,285.4475806886399,274.6487370920242,266.15023222120533,237.77501599866252,220.0,235.61796615017704,227.85473595672264,220.0,224.38706874024,242.27483671337993,225.29440207755593,248.16969381221804,278.0950339859715,284.91265102114033,296.7389871505509,265.41930647316474,296.60569884469817,289.07963024324425,318.7526582814244,324.2810850139414,289.60440093297433,257.30234088561485,269.9316572825094,274.3184182507447,241.17568885516988,258.2178861407368,282.86805973557955
22,408.63864332693714,406.241664151945,371.6247817703689,391.69026164492084,379.8403863171482,406.353839701926,397.4680808309897,402.02353457513914,385.94745974909205,362.18864163003633,381.4321948667293,381.193528385969,383.7476830486265,416.326799792348,448.77739364789875,473.672342167067,451.80499266061935,458.40408126172997,484.8744009876176,476.08687653904326,448.1643081545342,469.93171131132874,468.65515990668075,473.16264753182327,506.9127482740724,514.4175484086575,509.16610540528455,500.0650111545884,494.2983616403716,467.5862974628784,488.2188365521084,511.8590166252013,496.76681604533997,483.03257933403603,509.23597727747295,475.9139021644298,477.34592322813575,474.8032232558408,488.11209712633297,464.5495161367948,476.3326679924556,467.70404854369696,476.0140830155719,443.8207337066662,441.14163750958187,442.69920008834794,422.702048288197,397.47570408073545,375.66890529159656,364.75878075603094,336.5354912073789,367.8478769084512,361.1974612131584,382.82533338863084,416.0345320062501,386.68600160644183,397.3028643618914,423.30150043377637,432.69791081144734,427.72973930646623
23,383.80901590241655,351.3219379229317,353.74399051318096,388.2920002882603,420.4015271062957,388.2294731252471,402.6352633793113,388.75880404809647,416.96804478652604,385.1260769861755,415.63726412695115,439.26056619209555,412.4858729497777,381.6735765619886,405.10311306487415,381.0061500330947,383.4490207414056,412.55116079291525,417.27252874136786,410.07885984446557,406.22998368424504,375.648185633516,408.46084812882793,395.20664108450376,373.4620855016035,358.4853966304312,390.9915202728347,362.59154401699516,388.30275685207783,402.8518294601792,425.95317200131115,459.26599982706387,483.2168257132449,514.2535903026945,488.13905827805894,508.84425783974683,512.0415564254201,515.0862480810104,543.0107584234463,576.0370257287161,590.3757083417388,589.1813956047637,586.1296656578928,578.1735676635155,568.485499733602,560.8909786515121,532.1737051190958,502.5942310873264,522.1851201583883,518.4102226628041,548.5581368609276,556.4136074625043,523.8759262154136,499.9025601076372,479.3099456185478,512.611467325824,492.92076315643845,494.023660496602,524.5560457114158,557.9595368054208
24,309.8169654457469,278.25520050824974,254.00732878589284,223.4403222950719,220.0,224.7998800292615,253.67129576995643,256.27661762856025,265.0958865974959,244.2265942101638,265.2674476573333,273.51267125272415,299.00224929621487,330.42126678661975,319.77432108958124,291.114855187062,271.9298822412368,267.5787918385454,298.7773474662585,290.25903503239755,309.2131599889734,312.0465284409263,289.84314237109464,277.29453069783625,288.01796264943357,300.1177002773761,295.5508825540094,276.5560747403574,292.08954930624475,268.9106622191348,299.47754064969365,277.63079118224704,250.14265658052346,249.97799574609996,251.34646761377854,251.91997164825568,247.48669590197446,282.12373840004705,281.16338128698777,279.61964193877594,274.1432663287952,243.82106915789763,250.32803333837074,231.2857773939935,240.91840601002698,220.0,253.69709708771012,251.52745261859718,279.3003286299461,277.58961075625155,246.81276805644706,269.3677162830135,279.7405773597129,299.4635706898891,294.4354611355102,304.0910332327753,329.0270634985378,338.20164449956997,327.5387989380832,338.9158705437172
25,475.3045916733456,507.54567904880935,498.50954155672616,493.26526528271535,515.1138725658095,515.5172345978015,532.0773511159027,529.2570136276541,509.34167355454315,526.505942549214,500.68680439214364,479.58766083933523,488.46540963422984,505.7742956476747,533.4024477284217,517.4835025475342,490.234200649573,522.157466816157,497.967082977707,476.80377173553177,462.1968334846244,464.2542282664645,491.05201788884995,509.2902394799406,523.8612682489251,501.1239079988453,491.1616922056635,489.65003703173096,464.96985377572196,449.10993292458903,435.69325720128813,409.60259108432086,413.1193695178989,427.4713432745924,397.3665574779727,396.0451746013932,415.79995827013886,433.1592672968101,455.2143840321229,451.5912283540654,474.0302241388556,455.88293912385444,446.1396784230805,423.4845687723266,421.2084865323266,413.65268810140765,395.5175862504095,413.1422358965642,400.11150994437946,384.207813054588,358.3701362141226,354.08765534025906,340.2951793588702,331.144278252738,312.66408663617665,331.0849709235697,361.18520523839993,361.04043493362207,371.05032456748035,396.75238392994976
26,599.5552621867903,600.0,600.0,600.0,600.0,597.2651973751177,567.9459774047907,534.0523662856001,532.4564106154048,532.0584279628281,525.5737951132362,530.3455097036317,533.9968989349416,557.5598118072301,530.1658090355884,510.92824566297656,531.4385941901508,555.7871748958066,590.4248698492673,600.0,600.0,587.0043559840933,580.1206703647497,563.8866277021882,571.3275855756783,600.0,589.1248620558132,593.1149867875147,578.8559609192587,555.7419590833482,534.4049461706541,503.4611202883232,534.9116668989711,528.1132394945053,551.5017019346528,564.1947650229312,542.6292463217071,519.9116035822433,541.7507776879814,525.2805974313491,554.2105602904874,529.0144386187517,541.4540416305646,563.4672129527299,544.9351601418251,529.2696755837848,561.7859976135289,545.30782998776,540.4048234807633,535.6809150077289,518.3933475028068,537.6987235534032,556.728177579444,548.210438575109,571.6692439507603,551.5844893586905,516.8858936554279,521.8676089993298,556.4530530709964,524.1581547588783
27,299.039268009215,300.3632929833109,322.05914453445183,293.29208488970556,285.9585106528282,303.25381669692024,294.26184128536556,272.4803907186603,251.16509863642142,244.86851372047101,243.4277089568834,268.7547182040044,278.7123875037639,292.040524319849,325.8496263273625,319.6786671484307,312.91347537586967,342.5477631166765,324.7590542070306,340.84612144823126,358.6662411235007,330.5114009446817,328.2875993432326,307.3269723357414,285.3032414319154,282.77120916431676,268.0312886898813,288.75552002369227,317.28786242102603,338.4783047912116,322.1004658747282,306.28987343293073,289.1208579411535,263.57352466509,294.6394104323498,287.7827563033446,268.5110195215558,292.77799305713285,285.72166424317817,253.17984102085484,229.515750938329,239.2632747632609,259.06664395528156,238.83205114949146,268.0497423981214,292.6195408017729,317.0061935860486,297.94247386199356,266.4799930674976,292.1996408312785,278.6056568429782,286.929803525125,305.1274853841761,279.10801347995454,298.76669829628787,329.46250042356246,345.4487480258111,341.33434041945014,367.70181013206934,369.6238442371485
28,503.01295257036656,525.4483686404689,542.9030689593993,528.0529102827701,501.30198334617825,482.9856804015225,483.1869259901472,483.5563105506639,489.3414150026815,481.9985436310339,502.0809403325358,531.0017028568403,513.2724566004033,529.8290818395354,542.2871115176886,543.9034464672407,522.1005628384319,542.7668209392216,575.0106609332399,590.5392041895929,600.0,600.0,589.6435471967467,599.3191959015903,597.4944875362557,600.0,571.5665476805408,565.4327916813465,591.7205247982531,576.6041165351091,596.7496160798303,588.5444374744482,600.0,600.0,586.092425036383,600.0,588.5799580683288,596.0253568834162,600.0,600.0,566.7115588617411,547.1226112424021,561.9568579836026,566.4034845714702,566.0958400455503,534.9605370151089,524.3398488574109,549.8968650911562,517.0593636836785,509.8099001592153,540.9702802961694,509.5319317143205,527.011334287445,510.0442174201876,535.7068356709447,552.9315941981002,579.9309561581856,560.0456914883742,562.2361843256766,581.7850803759127
29,313.3659023380928,294.51814370679796,261.4208930516289,293.5169636299106,308.2181452337342,317.7073700144472,334.78700060309654,336.9999049117773,335.32927238810606,331.79652926675254,341.62727411400743,320.73472239147424,347.8988310425151,369.7214970278637,359.19094982950605,364.69360060638274,339.56551160288376,372.6297489582356,400.83223709235546,430.3650625472995,418.6164758865411,395.455905403341,375.2799568459827,346.580054219139,319.9877983262359,289.97911571917507,324.2667305635162,294.4507683993514,268.7287140659503,291.6365357573019,297.2533509293079,316.46255524916114,325.626395793247,352.3786507162734,362.07137765980525,363.6201341630258,378.5126127263168,374.8301053517644,364.05457295509586,361.79024462661073,338.67023198350995,359.4302530696983,342.67951776321445,318.42672600680777,300.6713829316336,324.6162935556904,312.73038424753156,325.75387511294457,350.7025492588463,321.1446759435993,339.69638430606227,326.2329669525944,306.39653244547736,319.6196341171854,348.30539770851175,333.95674231837944,338.7751086952818,324.0634966647462,327.86348766559615,336.3938298114
30,451.92744774026835,460.57569361526055,435.03127907048724,448.5791119415576,460.8116368881732,473.592805443355,443.77774413506444,440.0564631040551,433.6889223472562,404.7587262022802,385.3244811550569,381.19186538091947,398.1953070709852,379.7896524599116,402.87214616865543,406.07802617041784,424.3075441333411,422.3864629669211,422.33005874647677,430.7104160030516,460.6683585746593,460.095239273563,462.10126694114336,469.24105438807044,485.86711399891124,455.89663748294765,456.9947581794857,455.70616942390876,485.2241183205387,484.76957895108256,482.5520163796857,514.9060155771149,511.4463680291766,489.1082781517229,469.2924067481281,440.9555344317163,405.9953034798424,401.23149974987615,420.07848044075166,436.42113143674015,403.67156758293964,408.57037083452195,384.3701896134653,415.24552954699413,391.96107952208666,400.8258247609104,388.6625101123944,398.57180292989904,392.4299046823843,410.6049183438319,391.75245711678195,420.15788682078016,420.1725622727148,438.0990826126145,462.5801960107004,497.4981987775367,478.17439536911377,463.2568643185556,445.78718038978775,429.18817364097254
31,441.32900178496345,475.87557840517246,510.1950445016653,512.0691706970268,521.801075415554,546.9990134746664,577.3043555664118,556.5745994794798,558.5725205054515,581.8711143317573,568.0952596961787,563.8818926698114,597.875369775652,600.0,600.0,600.0,583.8391350505964,571.2986402352996,574.6084391196408,578.8628553389817,579.2480526939764,588.8149722881178,582.397583872427,599.8397748845143,588.1882697379992,576.335659524244,550.241476856672,528.4513315586963,552.9877930831914,549.2275567838223,530.1783018425206,548.3321788440877,552.1108576512679,518.5917784508985,505.73708046446853,483.1271792429624,494.0382795117613,478.290452355879,447.83672690057506,416.6821761444119,422.40308700152195,388.9237289008082,413.33917682033444,389.21697516834377,396.67661863202386,392.80478059277607,388.80438707900925,358.83018704421244,380.02284455906755,407.5365184917952,373.3076852086912,350.80997750748946,379.083270723173,382.54782361917705,358.0505940965518,337.2459257791929,348.44496287579085,364.18214043307194,371.1420170336674,402.8624036275442
32,407.7441693914753,393.7632032414522,392.1695069397579,382.3461474964207,363.05525998364874,331.27268743745856,320.92756198701727,335.7262163266992,302.01686252796276,297.7593584523782,307.84001655386896,315.56830419607047,334.9336947082806,356.6700748044664,371.48948226882356,343.685320998956,341.93689207926127,349.1753091033939,331.3649318200555,299.3435590553299,279.99488151665315,276.8374896379379,270.81261197175996,248.17930066466127,270.8883886525058,300.6864554640765,279.7808377977666,309.8509418874721,276.1012090297348,305.84858211922096,337.4835974248845,303.3272278359993,321.73857861037163,354.6526886902607,383.0658440075052,416.0155552912401,419.53820069007486,390.00913048205206,414.4943743284046,422.4623522350354,430.4939243282156,424.7016770183236,429.73061537480123,405.4811999108292,422.26510177045975,392.5163132850677,408.60096697813316,433.02945656187296,431.10226399138713,431.7903896153806,418.6453887199261,451.5074895807172,467.8262027998854,458.65540153090956,435.89191856721993,416.2624900213663,413.7370500490698,444.7168380710734,461.1070822743377,441.1741446468782
33,546.6332306991812,538.1072673098589,562.7278201025352,544.6467919612144,552.9530347967566,582.8199689624463,565.8725496027919,579.3774109438017,600.0,575.5418801070102,546.7300404560574,558.9237039271945,547.7052202696267,517.6923336852881,515.9637269371403,533.7276745122173,518.6862425412805,507.13952396663996,531.338482011928,532.7435158702322,556.7347536866852,552.9820181367448,584.6902794459521,595.2459007261937,568.3588212985411,595.3153304744171,594.563893832573,569.4786215906763,545.1669309595758,558.2943064172669,526.6103818883312,511.6719454322981,486.4570767651889,482.3324968383988,476.3372608780041,477.868611306224,462.44315434340115,429.6862055998736,437.69323305733656,428.8534932591011,439.4469431709044,412.0536311272032,378.0180459977867,360.3986433497572,357.35695595934084,349.94199415113354,371.6631730202762,363.11180811377386,365.2426906859894,371.78878215694283,338.31697957214965,339.3763159513829,328.5145041093015,323.00411304712935,295.0242309417969,314.82167053720207,345.7899680937986,312.34878553787064,319.444878934665,337.91396364485007
34,328.226883686958,348.35577462738314,357.62062818102424,387.66201243999916,421.3323492347632,389.29657721467254,385.442220486563,388.73136561703825,364.0033919415739,352.54340007148926,386.6787214144416,352.8148533584146,349.49040856512147,373.4762320853952,361.1493204757454,359.73521566860614,393.19841787376475,391.43979642706404,365.604288277319,334.2247926939663,365.4039527647627,349.0106116940173,349.29508515353587,320.64420877983366,315.300067218376,345.4074535658847,345.57636312005036,378.5558237462133,361.6743183528313,361.9924851321069,387.15964055875963,383.5373053775217,368.101421527435,392.98469696668667,385.27695978776933,387.42759016198573,420.7844848110459,398.8383154439564,384.93636001436937,352.1112320192582,344.5398717129619,323.55271185390205,336.15515733245445,313.84765944606414,326.084552114475,309.52783208772723,299.3930804762112,288.813326119459,303.9859486309117,301.6415970505957,291.9325199702835,316.616110303045,321.6526540979292,301.620811587389,329.6272010574468,318.6127217798017,286.3412782074141,285.96329388562583,259.6389576964873,241.33160875658928
35,503.9021316212162,478.0547585575585,499.540854262341,530.1243644315077,537.5816114600639,552.3067549016619,567.2578175951811,600.0,588.9076783541136,565.3076369411028,566.6493433851053,568.9768300733249,546.4307042540551,554.3483635836449,520.3370949270226,550.273883098818,533.7940825463063,501.5632971336197,474.14075803685967,455.95818441643456,440.13161621885774,407.42831618369877,391.9831530372598,370.48907459180356,361.9925395122199,353.95428112713773,342.6848229693393,330.63949481648854,301.9206842583761,268.6850305572075,247.83303156816015,265.79849148732325,300.1551750759018,330.15200732991485,330.44736221755863,332.67503212201404,319.69574195452304,338.871502659159,357.4044708144444,381.5035358452155,409.1888562489974,404.5933036247681,423.2745933922719,444.7225044079834,431.3146779828259,461.3616350632564,432.9655402480323,467.5643827894621,486.470733060583,457.99969643328586,468.9357718006359,436.3283305656141,455.2414170267069,476.1870215428408,483.3557392592421,508.33596669340204,480.1877963084422,464.50246525129916,458.4948917627861,426.466948460753
36,390.3221132770432,373.8870552049228,366.3785060520455,361.135690291507,387.694511635645,371.6183795725797,399.1803985827188,393.99836611961825,381.94490656819727,382.1207500216575,376.3627800670563,359.3788419809165,359.5663947166412,335.19251603215935,324.827612043767,329.4329273999533,323.3715045072434,346.04536978079915,329.0158930882608,361.8999036064315,381.8304450660261,414.5619568858491,438.2315157239704,413.1787905335854,415.0309968780364,391.9294933617414,414.2054080456494,420.0967584884801,403.53821049346345,433.6101385339654,406.6731622659637,411.1435305089557,426.6163693356265,395.7357669488967,402.58568927333096,424.69877435574756,394.4256863650113,395.2826943424752,378.381696812887,389.7864084204715,363.0938241159906,393.68742426292613,421.31842498295737,399.336634374257,386.9652462798143,393.09969450552734,408.36405806992485,404.3499791311429,380.2903716684111,352.58097623461214,387.56454981861623,384.43919831966036,410.5164207600552,409.28274108409323,438.8477757823135,409.990932576322,382.97227596974056,413.04652911043627,444.3710422635712,431.4012635861466
37,354.9626570576713,351.6341734961044,345.76549110081476,324.06865621798653,351.95493309374274,334.6864651431378,349.0555338065734,318.7564312480215,286.46902445501155,297.230157535396,285.9612675655242,296.8434250559243,268.4249092077424,299.91450580185284,317.31051848436954,343.6492247961755,318.2021635792912,305.61343140179207,296.3975228962362,298.9996082791135,284.78040226463247,254.02455421789082,244.84604086951379,227.66449289342353,220.0,220.0,220.0,228.8866638302588,221.05743225072337,220.0,222.3733942905661,241.40363214964088,232.9243890939979,239.05075357290673,271.68493734867906,273.2235453369426,301.9093756931707,322.4664593911206,291.5767671066311,286.6136881094791,300.49597666028023,334.5658105316542,331.6521509129601,303.1471327018319,307.48777493173264,281.34724038040986,298.9536095999674,299.49099942229185,315.1311952087019,340.98652309019855,350.01288429159297,357.88363733931567,375.7035580200899,399.67540812177657,425.50917316116676,393.05928685896856,396.9926076348138,377.1314593206424,402.35567167536726,412.74350963960256
38,379.6845420323265,357.8518380008211,346.58349181520896,360.84793043302466,340.1530985978394,311.7039047715255,338.86591784745406,357.3606423180622,336.3462874641315,321.8080955042309,354.8530079033929,369.42592197653113,377.16246227149884,363.69645625118795,349.6352163428445,317.4018696511606,333.3956003342958,301.4178660882777,266.75787973268723,282.8225358829558,314.2436988833946,332.1989122243063,330.2137255680128,329.23689303727394,324.76644262271134,312.4914993204347,314.0114943134435,309.1920613133216,316.06381291617583,343.93221855125245,378.58287776391916,349.09490805572335,341.0227511420172,318.6721848456939,308.3206180204812,293.44372931887085,270.66132853274604,289.1466522722364,288.8868642702829,318.2340550254887,285.5155260527797,255.203986972019,248.4331377771431,220.0,220.0,254.02208201536365,233.64925453928663,220.0,225.15484681569964,225.0147271712206,230.64540797541974,222.016877450018,244.8902426426643,220.0,220.0,233.28332939108608,259.05988021088905,249.9298926558621,254.67208459242477,224.51188074293307
39,284.721253482495,254.560924855123,270.51258729501956,255.6767851055694,271.338955418998,240.98683495202724,266.36518098061003,289.85229484838646,261.07730686190627,227.7402623139093,220.0,244.75411212027137,226.18335635390406,229.56248860397727,224.39958282658125,245.0863696625834,244.30925076553035,244.35550961181923,278.5919453768124,254.10101434926042,277.25029006147565,245.8727722537476,244.30818612385553,271.3516237991672,282.9166013914557,295.88162474708497,279.313834505039,273.6140699003408,264.2747443452743,265.7757690563339,263.13172416639065,251.0146087977799,237.3982516637618,220.0,220.0,220.0,246.04730114025017,253.1956585685901,227.56070836015996,241.13086175479006,265.4675145146482,247.09501155830634,222.63705316191482,220.0,220.0,238.3575943812458,272.4606376241644,240.60226019750377,257.9672273330963,227.99757894196347,234.44687668522016,252.3721464551968,242.51645426393844,220.0,226.6632546487798,261.05037861858176,244.08359821727646,222.34798762038156,220.0,223.86789339300392
40,446.6491377569039,467.10809635883203,484.8232255122677,512.3011301479238,533.7052190318849,516.013914847446,519.9253331887493,505.7441703252999,493.82914689390503,524.0652527400048,536.7979660947,570.0192950222773,564.2031725925895,566.8238027273678,565.9218821215173,538.4319761481783,520.0011157650405,521.9356610073543,491.6518623666647,521.854197418287,495.5232551543229,474.3819074035064,492.95439307921094,464.7398110044629,492.75927797754156,508.558345928119,478.36180592573913,491.79110021573484,501.0050981677271,519.0195584595214,541.9934081337749,557.2779475558957,563.3102882248637,550.8827205255882,564.6918768536832,596.6798877778377,600.0,600.0,595.5989629539861,600.0,600.0,576.2272526847415,555.3956222500049,558.1562653565121,556.8525431648281,561.8624280802985,530.2976114209977,523.5969633641291,529.4054417087184,535.3688363000658,546.382213623852,561.7973356540384,571.7056398878984,592.0226607651589,600.0,600.0,600.0,572.0835356727332,556.2044935235197,558.1224781695888
41,551.7351418526487,564.2687507928082,535.597316285841,542.0565628169493,522.5782219515462,538.9593811367567,561.880240812369,568.4221798936671,574.8175625762868,563.5189636010438,559.7564650823355,585.2440498494096,600.0,600.0,590.776267037386,559.3028487175848,534.3133668104317,512.8251300781876,503.96197810629485,535.052033401634,535.4127710417465,516.8515824698927,489.2540920921987,477.93547881440617,500.03662330298016,491.8706188417157,510.9460252632847,532.1353735921662,504.89282747107546,512.4990101549504,544.6357345909281,537.7853998341769,506.3514860643885,535.98267438244,562.8393140925139,564.389215397144,568.0469338212247,547.8688110155534,570.230363903678,570.1323665911269,537.5038122511058,550.3148592025357,581.8495980887251,600.0,584.4038698147377,553.1366257600715,583.9612246377442,600.0,600.0,600.0,597.3820042497566,591.7655799466697,565.1269704616788,536.8996733469555,518.1909236142886,541.7557758627468,516.9640369142444,497.83294254827416,501.2359267008287,481.2951119663079
42,282.0185401927591,286.4506771116164,277.2172060813795,286.04835609021234,314.90272991881966,290.4722491192744,319.4126053061889,347.58690302579316,370.62303385930636,379.8130480707323,388.2233140933206,397.9682002888757,411.30288887412263,377.45664291585365,409.52312345709913,415.5153867596897,435.2179955178592,426.6277242521546,392.4955292262603,393.1769554176114,393.6802637697264,389.26951395152804,378.0497077428734,360.53753388955397,362.46567510435676,353.73514488290135,386.63037669638794,363.73528824007315,351.11187797396923,336.6891109386892,339.7207532752062,339.6703712633966,349.7322038430957,381.23232778329026,366.197803767861,379.69181361571077,346.4446278260736,329.8118209174273,327.2722018771888,294.44183707086825,302.67869930962297,315.16044189774254,332.4316619364058,333.59187727541666,340.8680038239205,333.5925714134146,301.48028368887395,273.4769135930899,284.32662828719236,319.0154992581967,285.1217259996274,289.15257077747424,306.7231834792533,329.5974214402248,332.7617645258096,341.15588313869694,354.9266293079157,380.0542667864558,353.6145343906531,383.44728812989354
43,229.88661334959662,253.42059591664088,223.79242577581968,220.0,220.0,220.0,220.0,220.0,220.0,220.0,238.7362722889119,266.25539371381416,276.9351013375099,250.64382854836654,236.3211841780561,265.25346495631567,236.4648794668679,229.94478822422576,260.9201115705695,292.46665047343345,286.2508728668559,297.9686550337717,294.94084691855164,312.68308467909554,279.89377782760545,254.98477825210054,262.97869450015247,244.25735287116692,255.8810138200073,245.46661874229818,272.5318078112457,294.8799648004448,294.37861080525954,313.4812669018996,297.4609189383559,297.0591033151863,275.88284694561577,301.1448787420853,323.75961190187434,351.91008869050444,378.3334773762026,410.50521572036723,391.4887519346021,421.71645229027416,426.701375684914,421.2760315591847,425.5022042769358,414.4843692424553,399.6830797297219,381.5750833881489,352.3450426501478,352.1045854504509,379.247902750423,388.3585405996299,389.82683489253407,384.8283391700982,382.33645301230166,361.9858673423382,384.591378745855,363.478186175562
44,492.31664755637894,510.5155983611096,515.756431303051,541.1612775498891,526.5348022214346,553.248007708435,569.3067398803863,590.2192278237096,600.0,600.0,600.0,594.4113998167247,600.0,600.0,596.7009115998412,600.0,592.6098150700816,597.1924292094183,569.6083941987856,550.4126577834243,574.2613897207875,567.0200803188068,559.6059665778748,541.8246378512182,541.23736125204,562.6445485465836,590.3060367907453,560.2140470338383,565.4514982206464,563.1606339731098,571.1603635061203,567.4696615896992,560.3747990494383,558.4064489195025,564.1463879324515,564.2152127046759,562.2653242761211,584.5137959731867,600.0,588.8964945926834,600.0,600.0,575.7444543761933,581.5322266973465,566.5040662492914,583.246128784162,564.9611018392699,576.9593485313821,559.8180744554165,560.5981378955125,592.003390649646,583.6949183415965,600.0,600.0,600.0,576.610622080634,598.9866974480955,566.2371551051348,558.7682869640863,584.7196230963368
45,481.7258408487695,484.01767076242095,476.1681525182044,498.02893877112444,512.6980270474999,510.48639942059697,537.9603030252731,519.0566642725773,495.9840699136811,505.9803334170318,539.0199374061557,521.3278975376296,503.80482406299745,478.56974342035073,503.809192289505,484.6570201182984,484.87951698904055,519.2405904491949,485.09045351373794,489.04447984949354,489.90471283883977,511.4260291875506,501.29573695624504,495.01963207917794,471.7752907210984,488.6323569356034,508.5619805787738,483.1284130332919,475.6704082124744,503.1737578878622,468.36326704516733,454.2764019887516,458.12936194242997,446.5159321186267,430.55909536106356,427.7617193042884,405.468336871967,407.5421037391309,422.0108182310567,427.28146491505186,398.799118075149,422.90772106673916,400.15616969086335,418.6930097336424,408.9325674879519,428.7258618518791,408.1649650902533,386.2313123489334,386.02312158415714,353.32864261304235,334.0994563278057,349.78031398071005,373.3971574620898,344.05213293773653,370.79757259840386,391.6237768821264,417.50167758161393,431.3916764021327,443.58239111271024,445.3389174468507
46,468.0591453066997,497.39682182636204,469.43336192553164,456.53687537475804,426.6087235264691,457.74508556255176,453.9136681825089,466.1877811298421,490.0661856451446,524.4362030104988,500.76097505595743,521.7268574562335,548.846460325805,517.2677367053662,535.0540759183564,524.8848484021149,535.2866238050451,536.2699975277657,519.4519551738302,493.91745051410925,467.10375683035386,439.3363568699483,448.98165967936876,438.58041927733643,418.7447599517475,432.1767164411607,445.2561860448134,447.99796650980323,478.4450136904128,470.42400989131227,493.93441788016275,464.19417643541647,480.9823530181118,515.1736719863469,539.435547126494,545.0120774781982,553.8857019810995,543.6159704416857,556.179935719753,575.1076125424458,600.0,599.4724041900303,568.7636887941712,575.4737453453401,548.8054358440919,530.9389888930197,518.9535826844212,535.1256738048099,512.992242476305,489.5949487552697,457.7424457301876,483.8692412749593,497.4146209798835,465.2108735731174,432.1913349677854,436.29853572103934,421.07594381110914,427.84678834134417,423.26908063901175,452.9009600007296
47,329.3674256853198,341.9076014760424,310.6914032893443,342.60164068256904,376.2546634361537,392.98988746730254,390.5547604767527,370.954301229661,392.83044504701854,409.3752318473101,389.9120146165765,386.49708520758514,383.8930108547601,406.74174935284975,419.6108772562351,429.632605304039,440.1205248834685,424.053430440242,415.07321862830935,383.26957860887876,403.3554581157274,398.66533317761434,394.34201817374446,376.51695671909835,356.17686642125835,362.3244014910904,343.6031125553477,313.0977321649302,331.8232512835931,323.1761116920387,314.79260256499003,309.98488227109544,332.038019909662,319.4966026254492,337.55913741349775,368.32727626806576,379.5880499828017,374.8057256651934,392.1510062854599,389.2038221680569,383.21373114562675,384.98355259571457,372.22411603236515,344.5216311719652,338.56127155879676,312.2312532378479,305.9621563867292,309.9475168716707,340.097299556066,307.6328627292372,316.13495118437334,313.17641424987875,279.5946932241685,262.06306553987895,235.35703320471507,220.0,220.0,220.0,222.0327575442223,220.0
48,281.5103570389215,253.06000403153752,256.5371419799296,244.57238290801845,247.9602244304487,228.48785558267616,220.0,250.89568308891728,223.47725157214686,220.0,220.0,253.68935667952908,261.9255734914288,269.64587011069835,303.7147442169954,274.9054580662213,308.12052054418155,287.40144080296443,296.0164460523069,290.4222956235023,282.29892256690476,312.4859555604671,287.9318965512851,322.72672732662215,314.26548160303054,324.67972487522934,357.43319607906454,326.46526960559277,356.0657750103561,360.81257198516016,375.1203535135818,350.5632463856262,352.90036654379844,365.0463265745655,361.98363809170326,337.83260055912723,319.9209358151176,344.7284311846625,312.1414006829559,326.7617461738128,361.7190487298297,327.2428584573033,303.51605625469915,315.7061573172186,284.90551573819295,291.1908146081031,304.07082185737704,310.241066225362,300.80399543683666,314.6137561559014,321.21436611686886,300.74896816344324,305.1684562144009,331.9019614141258,343.5802914124573,341.6056969300266,329.1165841308882,300.1286187915183,282.2525180846503,248.0355908007317
49,594.9178486594865,575.4916063084983,597.5329222964743,574.3380640228229,559.1901444952131,553.4695568411987,541.1779533311111,562.0625102243014,594.101048785381,600.0,575.7504506863429,595.1186580307932,570.474941962123,599.41161942147,600.0,588.5466761639694,564.5384609773629,530.3650971498932,512.7213865661552,541.702790995847,562.5111444549029,595.3967039974533,567.4500104759494,573.9025225213462,556.9030557035006,559.9089751075692,547.340817097011,532.183405614046,537.3525767557678,515.1848480866356,513.0241886746838,523.5810472277662,497.5537923505625,527.6953913119457,528.0961202737345,550.4630783056385,561.236458449113,575.9365243346912,591.0656902041899,600.0,600.0,584.4752006204973,556.4408756210793,563.8784189825892,533.5231152465299,515.413656864797,484.6631597869308,488.0852910173905,464.3089597633913,472.0374721237344,492.39803128416315,514.9296817381935,501.5977273078274,505.0245445964421,509.43529780248724,507.53740055327887,518.3953729530124,498.1014716206597,531.6484983917353,503.51408628810054
50,535.1040336571853,541.6907527437684,523.8305850473284,541.0278350935495,511.9414977909445,531.1507462023593,537.4497117593703,510.2022340471184,480.7676234635843,498.3261668041367,483.8316802594053,511.0828098131102,529.4279212852225,543.3012384154626,527.8036620998042,542.4297784313175,573.8001163473558,545.2093047532957,533.0406896935453,514.4677482758569,506.9952576839036,523.9585435236799,522.155524223457,527.1066666518742,514.0975088173582,488.9877575134552,472.6731129390962,497.8507340260353,505.01992137677405,496.47912850058043,516.7725472220716,486.2845674939152,469.05694364848216,450.1641644324959,484.1396837842715,498.5665845517647,506.8116000989635,472.1605476695766,450.0622478158666,459.5501383239821,451.1304911776987,480.83011803523294,499.360813375156,495.6776984714444,513.1437468991234,546.4220495669589,543.6907072960619,553.6675194482592,582.9740425025499,565.381268845082,592.4403228017214,564.2684522758302,574.6598242169655,594.4584950708704,600.0,599.687436290678,600.0,575.6164596145611,555.7064093376764,539.5993634146204
51,447.1561494394145,443.0892246015694,425.2025335755782,451.99918682569876,443.1737156462244,439.3959359923168,433.0750113507464,410.8110182201191,427.02490930023544,423.4169876590555,389.5549853515458,422.03594451673155,444.1393973284105,459.7885521148367,485.6249830511337,514.1014908035222,502.7257702504329,510.4928777396018,518.1094243839934,501.8204012007352,482.3570588020299,455.33056663936145,466.4825603535131,486.14688972566773,504.413598291858,491.55287469480623,470.9210642273704,467.6740567191939,470.95099893602963,500.28709789382856,526.5247186930123,555.6488018841403,580.1671688436588,600.0,597.584999801834,565.9081446221506,536.7574868725442,529.0768167966082,512.114913185718,489.01075458099274,520.7350187965982,499.41438998534176,531.5709390474079,549.8296578698925,559.6958549186581,572.0171821249146,560.2203847810533,570.4702774451331,548.5387257248217,579.1781060023402,565.3036397995818,548.1666956601298,562.9480915337208,573.8995017983535,570.4904260823849,579.7616625107399,555.9261775339999,568.0591590521367,552.0019077158003,536.1004260831522
52,281.62837527863815,269.89477473116966,258.0823489529626,254.87487977212146,233.2042450987659,220.0,222.92170001642597,220.0,233.22279055921845,264.2990893696002,259.1747828861067,287.25215480665406,259.13431618546457,227.14135010175968,242.63717152772847,260.90868163643324,284.9227585040358,253.89999599203452,273.28348983901265,264.6412011347734,250.87483542252727,227.98650991655805,262.7076127737349,232.16406402605537,255.05462504861532,264.81923553295223,281.2748666312829,296.09506502580865,321.1854789809314,299.050923870859,264.10864704928696,271.0056412823156,260.77574603494895,234.4408592131486,220.0,220.0,220.0,220.0,249.1218378382711,235.96903029302982,269.72517911618075,302.23086969930876,277.2108594622067,292.25556066494005,299.3119029038349,312.65719802119565,284.39056802220887,262.58977352662794,232.95447982818965,240.2438741933846,274.30524950282097,286.34416713887686,301.09747459041193,335.0184274984416,347.4792362904673,315.2919463744603,340.9823384344221,331.50981876093783,296.8152722669679,297.32166469622535
53,576.0657003329802,559.0788484366291,558.4847705503279,535.6491526950953,504.6876397117461,475.325785981664,491.2165493989589,516.7017623509093,491.7326810985837,476.91498084531656,455.5670435804545,422.44694796530445,426.18714385739327,440.1816957670286,450.5331194289835,442.6968677401409,446.54758495593427,418.13453642047,393.9357967310579,424.16142009976676,442.4669624471595,472.0586991549212,501.2263190698769,511.68380226741874,541.6605076352703,535.8297948510427,501.0829319859886,470.46291009521974,443.1270228942768,414.801764617077,404.42093197659545,418.5098884742505,438.85530493628517,445.17023414040887,420.4207663593974,437.7738785097697,427.61001284940164,393.51954725642736,378.1607506937198,366.3027894835883,350.4999769488555,372.3308876719865,390.52573550357283,404.21437763245774,378.94473312831633,400.4931068077561,412.8954241241887,391.53406217788614,401.9006372975923,400.74645216785,396.50095649778575,369.34957794085295,370.6308772500145,342.62610387807996,319.12384098587864,293.40208298511203,325.1896625200126,310.1301908510849,299.9944935028054,287.54013594352796
54,561.3351691676946,565.7427829611369,595.0839758864687,581.0787192944214,554.1171465046579,558.0524381953501,547.2400276206513,568.3735059650037,594.9331445888198,593.0132903523148,600.0,600.0,583.9644275370418,583.192713611141,550.8044340793459,572.0845152977606,544.1849688575701,530.7973630527804,535.3695213431264,503.3777801384093,473.9299630811107,487.6581081140216,457.6825046282754,456.0783052655918,444.7869996050443,425.7525581619934,403.96708101245,422.40587157373056,454.01382509425036,428.8264070484836,461.0040923906725,467.63746763392976,477.55369600935774,492.2485424793385,506.53686480415917,528.9236423771573,527.7664479714962,530.1015490975252,517.7694392699643,490.1374708347825,501.66228419961783,469.0149820426554,453.3094356184912,424.9055261297182,403.2564271423085,412.9675910451252,421.96095515946945,416.4347990691693,387.74683742343365,383.08301157559225,372.7751526056728,388.2072933055893,393.7391558795229,393.14875959311286,392.23750535446254,424.87828746269184,442.81888298193337,442.6074522141423,441.15303511637075,408.0065722077182
55,578.1535200615265,565.4956980852396,548.4114338168916,583.3700585940286,598.6783355993452,566.9937997302954,536.3257831220858,503.11089259929963,510.08421556520045,480.09373056953706,510.4309155486822,541.0143733502697,544.2381580226353,552.4028832203518,537.8354913271193,507.3135692956984,523.9358004591255,496.0608196715567,467.04985454284423,453.8354721871399,419.70806837579164,415.0905614787338,429.62822518433916,450.7226503838749,458.0241616497994,482.3053558677733,475.76051013147105,500.1745560857044,500.62768782059095,481.2402167804716,512.3304120467042,496.57837321530235,463.4124771084479,445.39966011529975,436.0677894033197,425.6622672335682,427.3889928946182,454.2078746371328,439.6715505348118,441.1254930919536,429.9352198501472,452.4593340062712,428.4914399364647,400.7371587181688,400.94682644480093,412.97895744838536,433.665721524739,439.93946122811116,459.1089445204412,451.59864861970584,418.8993855383587,392.0263370914676,359.7369191774973,347.76297471085184,347.4473685996596,337.38959245564536,341.6315557102928,340.2741961047879,352.7301922352637,364.41754368470214
56,340.8643759012982,330.09938777657464,336.05973529146587,342.8100080438248,329.8390019984241,317.96125400270387,331.54440492573417,341.86316252705905,316.3167188546433,312.1896504319208,339.6790759416621,307.2204732689754,332.0819495228704,308.5044205173605,309.0118247896806,303.7153748142914,269.42442842819355,298.5022140244678,295.34697993786915,327.1457593111122,312.21783237965747,337.8571365187755,367.4244066984696,371.40267584442427,350.5901209951645,363.5574412425649,366.9859058996271,398.1029825093109,393.8520268360453,377.64798217083285,352.32807227542037,366.2324220834879,399.42009541212866,366.40415935212656,383.2353341865954,413.1204595657721,383.35516696168656,356.0670701191159,369.5040670105955,379.8615033233007,349.67942239543794,373.0890150460189,374.7286843951614,403.23250052872424,429.6918621982135,451.5674060317251,452.6803287688346,435.30007369129487,435.7183589650741,407.77515541119874,418.8943858043386,393.27279115036913,394.05489852541973,362.861636717097,348.8275110363222,330.07314328320734,338.4753512730243,358.5504211145999,327.5616279324367,352.0814858933136
57,547.0917240827497,536.0505592829113,547.1808439008339,540.3637561200753,516.1571178733495,518.1634871727673,489.2086643878791,515.7017152655982,545.4019984242708,567.914918015069,572.2918864679875,576.3237878467694,600.0,582.3531182881828,552.6695039015474,557.0053685536299,545.020360400337,532.5840744969001,498.0800492887965,504.8168079571518,488.2991671164448,466.44926548993243,434.2795006874427,424.78481104073546,451.31263210778746,439.8795886396035,452.41478334797506,470.37307078610854,458.3401274294225,480.85497888026543,494.2865550569519,498.4335110660185,463.50298354956254,430.95933716415914,465.3199462515836,485.07982089683276,515.709389010939,543.8706133552009,510.3016221751935,530.7309324605686,527.3111345413495,547.5802088213953,513.0503137128323,498.22426479687186,515.816929102263,536.3283843043743,544.708406389398,530.7963396506365,517.5217210407868,550.1951984957291,545.9400510421234,542.238839559192,545.902132076041,539.5672956565481,543.2543051783671,538.5177847720961,561.3878291442492,590.0214005301291,600.0,600.0
58,388.0164518365082,402.38325595193686,426.06590734265035,430.4746642872967,444.47333581485503,461.9543903653424,474.3019547355525,491.53130363660415,471.13647691552404,471.0226952070499,477.201494029406,442.3749491893976,467.29232480635534,474.9940403974992,449.03358361637345,471.17857869668137,486.3725663475195,504.4535343899741,496.89650672030405,521.6906821889535,515.6726129382188,520.6082536444102,485.65321490340136,495.79433293085174,511.06663837980733,515.7642939640228,515.523411157076,537.2189643168956,549.9150545184625,534.3802372988641,566.5153709644632,581.024074558137,600.0,600.0,600.0,600.0,600.0,577.0519464578047,580.0865456774677,598.6629022450707,600.0,600.0,572.6759129434189,564.3417373068232,564.7592466083793,560.0220173192168,532.6230756667255,508.37005624984965,532.0032667497337,530.9101648938353,499.3207347665262,465.47512289496166,463.6184010345645,440.1249118492756,454.4837280692211,475.1563704461637,456.1371400381611,462.58952617988575,438.4006512238628,424.6514368354699
59,557.7422877889446,560.8291541927064,587.8413628528003,568.6087091453658,556.7104131727724,554.6770628647496,553.2826681283676,588.1180258312266,561.1291981592058,585.7667506513171,600.0,600.0,589.0826017781408,590.4284290783215,575.901168414781,596.8386898055767,596.7182309152997,600.0,600.0,600.0,600.0,600.0,600.0,577.9112172620789,600.0,600.0,600.0,598.803548265975,600.0,586.4741858504044,600.0,574.8315110872315,561.3251452046071,557.5264316397884,545.0888119098279,537.1800100035207,559.5873421383795,542.5546545883312,559.7243366391513,529.8841814769669,548.4859190030212,568.9275460011053,562.0464602862791,577.619907908002,600.0,600.0,592.3312557277872,591.2262017273916,600.0,585.4816212894386,600.0,587.9649799792659,600.0,571.0760310345506,539.183841818292,574.0211231341796,599.8831217606078,600.0,600.0,595.6821416590142
60,328.9975107784578,303.099260429711,303.18389977740355,283.5872822107661,314.0758421825185,279.356063553513,254.37983519553154,236.6331449113714,220.0,220.0,230.92333235428248,220.0,228.05170673323613,255.36976208847653,262.5487356752757,276.1660310653224,266.7512619408174,242.93295467440706,230.3738390459005,262.87362445518806,271.40042136690766,255.82619972728872,252.39026842863598,275.87618104880556,287.66723099820973,291.9129298492515,318.8743312136204,330.9451012687957,340.9361824241724,319.2199520289262,291.6671598397947,324.2271080338126,331.1471939408373,325.24503258108734,331.4764900448026,300.80332731982264,323.3522364931101,303.51742398261365,324.83564442486994,327.2421354533227,311.6021764093059,278.71687278625086,300.8252076591133,278.1774175619648,246.8037756567559,264.71521681456755,254.21824238067606,246.47162277209156,228.7663538817419,253.9088473905247,239.72191421798195,220.0,220.0,220.0,220.0,220.0,220.0,220.0,246.56267989129134,220.0
61,300.81638856881165,329.4005858567234,356.70161304791793,369.26317137863384,351.0963201653005,345.4830594392055,325.26852904986305,299.26972468862726,290.8696123045997,296.1771246595242,286.3724119420606,294.1301304746785,279.86796195122986,269.0774988944852,289.42465030960784,315.9066814721779,303.4490671793516,308.4551732735209,292.9265331459797,261.6599580654996,278.3099607607282,255.2802045872587,250.0800812495429,249.17326578608387,227.0862766786213,220.0,220.0,251.66001352852228,259.7195048277118,251.41822081591494,220.0,227.01912969737572,220.0,222.97808497332684,240.61462055234884,235.26559493298387,221.22439957014058,220.0,220.0,220.0,246.83416894920776,228.9185634647311,234.1024488694586,247.00385624704194,220.0,220.0,220.0,231.90652219039993,227.6389800463667,244.03263482164385,269.76448541176734,287.8505447736653,322.30784928559274,340.11312409680824,364.76566774732976,388.03131283987983,404.1499161994831,425.2760433653954,455.70386931611415,453.96838581295464
62,462.5490690867665,463.5948495968606,488.16743870030575,483.36261090131126,505.74348488144255,526.6983051354423,559.0303322312436,541.4547811792629,556.1281468712767,574.1125117066008,600.0,600.0,600.0,600.0,576.710385988296,600.0,582.8512223892399,598.5827576808304,600.0,595.8850853227967,575.6686457248308,553.8958726202088,578.8505926833202,579.6035467557163,550.9131354983949,566.1044985917971,548.6164722881492,574.9641048407108,561.634129862809,540.653087969119,511.5931790179644,512.4003585825998,508.95198972987987,526.5438398520998,524.0660209556124,513.1331387803184,496.4489828746245,480.9192550575225,510.8686081854695,487.42411033161636,521.5964600506169,509.48082191407264,480.66813839329745,463.07646504844803,432.16547161727135,452.46755545874544,453.34625933662284,441.9353226572989,453.27879498150827,462.4240517980307,493.21509804396203,525.5033342163485,538.151198512927,560.3983134200188,580.8680704434813,580.2593177324743,594.5713978948135,565.0495284326634,583.1110042531849,600.0
63,252.2904061877806,275.8185111092104,306.12711297465944,286.9603352608038,288.697118393448,318.6471941758572,350.8630144924649,324.81478139712704,314.2450771860086,328.11520206656854,308.62429702358367,296.35824102799734,262.9886152283259,238.7351328935098,243.09819750275187,253.81450214404467,264.2383303207533,283.72356327522846,277.79326223694386,261.9376123738247,228.02826137680148,220.0,220.0,220.0,220.0,220.0,231.62696874973005,240.69794790281176,271.19580266067476,292.06758305848643,296.81051123736984,271.43945556189465,275.92448288665565,245.23613715064832,240.398079969408,232.71618399571167,227.66315065111758,220.0,233.00813133366768,256.87424404458227,275.6704335265107,284.61308023187235,287.2972161851833,254.4731087857454,270.0784886941799,273.22729446467474,257.1791680111468,245.12811073088776,275.6205857837697,284.3259429419756,282.6398133680026,291.10433514759114,285.0662978965871,282.9790570207982,268.30070499033513,264.09043603175024,277.08189230240396,244.8778270584568,265.52974556918764,250.33831342947954
64,479.3727215043499,489.3634935319541,500.04745697184546,507.61648110975165,539.7536097746191,540.3377011632965,556.6000392493711,570.9814924357916,552.5202228452747,537.3516315883525,532.0328284593402,516.4716835917649,507.14370051686205,499.5109434918435,506.78146275752755,487.17376574898185,508.47419636035,504.1017413343553,518.5388291521826,489.2398028390399,487.1373804277456,454.1127476801586,466.4264471072481,455.486152497043,486.933849484451,474.62254450655035,479.08895736779124,462.1060876664143,470.5139716927281,468.2069362020545,459.1509145074488,438.4091689430614,411.2156630210633,384.6072023980304,419.5400036234191,413.40175450342554,378.5368340545593,410.2418493983803,376.64044409446717,370.9414728832845,386.16490390123045,415.1868510072538,430.08889140750085,427.54269425050165,460.7536369793889,428.5059937917178,462.58844796937836,487.04585658896906,517.0709577878142,499.90502747464177,474.8770925345407,486.3091620906297,487.4193227496581,489.0410800017646,518.7644224955899,527.1700859613183,513.9445544186395,506.9492133678909,481.2939218243205,459.75590464361875
65,274.47302667962464,296.19342056441945,310.53456332246776,312.6587145552274,303.86446290915734,315.65906323186186,337.5624375705651,364.24876266758474,367.5398986420281,389.9318571694072,390.7232739082958,388.94038015144815,414.5206100449952,406.56678558352166,399.28067311637085,385.624467286315,386.93358826693816,390.0730906252004,401.3053707969324,396.4405325046023,376.68914293645423,402.36808730542555,391.58814801208655,421.1941874008988,400.7089207127507,404.9129440492868,407.47600059634846,430.48134995123814,405.20094702379623,433.89654912801853,436.09652118006346,442.1241780540691,442.8358185849128,410.35756206345144,410.1539083899133,393.60238477730263,382.59055740375084,393.02766934685064,392.86646841003807,364.3917432967603,334.5046325300834,312.5006712232994,290.862631483355,298.44368447135054,275.89069695453856,302.6110565837725,282.29430282671143,253.6735040065582,279.9757251517335,265.6486554771048,260.4282395654663,292.56008644633727,323.66593178738145,338.7101140359257,308.5358406572045,315.06964943600235,349.3051048889604,380.58924087863903,353.009415355035,345.7271265713608
66,339.90396344307896,313.98493092642235,327.6208127138356,311.7901982190522,300.93080443782304,272.2559258069223,272.11365492142886,248.1854053770728,243.43173502763705,220.0,251.7694922965102,226.91826962031018,228.45037038985453,220.0,220.0,220.0,220.0,220.0,220.0,230.6270864740302,220.0,220.0,225.68729159973464,220.0,220.0,220.0,220.0,220.0,254.33095252477256,289.0695069305119,322.6430246092121,317.259071650235,287.90669813926155,275.5568387467149,257.1968450226833,223.18570526637313,220.0,220.0,220.0,220.0,235.12699794611228,225.1250896588756,249.7558395611337,231.62424077955194,234.31178508561567,220.0,220.0,220.0,220.0,227.8556363929411,220.0,220.0,250.0837775094551,220.0,224.5603678887121,227.93883681704068,220.0,220.0,220.0,235.488910214672
67,304.24491638319284,282.78189157105174,269.823385050477,297.98927946889694,318.74194484874494,350.024405228108,360.66176945042395,372.0662752226701,370.66844518250525,399.0314878181935,399.79288826711655,389.64709322276826,399.47334391700485,402.7031084550723,376.384495526765,368.8752745006351,355.8080532772487,380.08641752802794,371.60539651614556,394.11426280086806,390.08153437393423,407.82657381512695,382.29630881091026,412.0218241870026,410.66101654292686,393.8468937367683,375.7511661823048,359.30657638255286,349.9772684868106,365.20363577410376,396.67584877715933,408.5084688858136,411.8101078519007,408.2119544131001,431.18556710573324,455.6615712769581,441.17420848725544,472.9136258929956,465.5717013174423,486.5771661608493,519.2545576266057,533.5106246864984,509.819175538082,515.8487624002571,489.1631610169476,509.4031038077724,494.09516597894424,507.76020359314555,536.4664807822595,514.1371703291716,506.63721903125327,516.935534196403,511.311635693068,488.54896160679806,455.58397459861385,449.0458446577513,459.4904765184857,464.6693710891599,440.60625787240485,437.15479894312193
68,360.3989975488761,344.59316570941405,360.6421527796413,347.3177948815442,350.12773154485626,379.7533790137294,382.50269777148014,390.6943014827194,360.821520514448,338.2909105763696,310.3574945272375,328.89440091214635,352.4088765763253,330.46074709994576,310.8097696645621,298.4342799290569,304.8097131158254,313.33544668182674,326.40822377972876,354.77171671467113,340.4245265494288,351.53765579390307,355.71825499834154,342.1268618272212,370.6459248887783,342.32976372592356,357.16983560416713,373.12099551574926,402.1938524540466,403.4944939186413,391.0080575939885,413.9499044841899,432.9066242124574,432.92871722182036,451.67873351618715,435.43002566159544,441.6954687898382,467.25831062498946,454.5172259481453,453.3657247182974,484.93886451039964,505.8136934484212,532.9064248715599,524.8737191338912,559.6290873083103,535.3086796361772,536.6226204613188,535.1717572220563,556.0620105780657,584.6652546541166,600.0,600.0,594.9200433593952,595.6428575546965,596.293879480434,562.7196726383405,562.932878976278,587.8508349884667,600.0,600.0
69,368.384296112038,370.41242269594505,337.7562725257421,329.5661284775961,327.77525162008124,310.63987459201695,277.8267431213624,291.1553107358891,286.61145329530814,280.7089268131645,263.2079995951601,265.8561275250213,261.5180022139725,259.6969153260089,265.35790971655564,230.80063502333712,259.3393482710267,229.31546605718242,225.88019836930204,220.0,221.6647658558913,220.0,245.20045486438227,237.94564324175167,247.65853214554227,230.0801131158938,220.0,220.0,222.55405426908032,220.0,252.3410054673202,266.81974763654216,301.51663368031984,287.1708400022979,307.40456957479813,311.2936623030611,319.11688711445606,353.126611145419,363.9057151279972,391.82289759158147,407.62541402192875,381.54244254266126,395.50210226522313,394.4041934732069,423.72005298197087,445.19846428530275,417.4878924178085,391.8619874735576,361.73475759945995,361.26189883158315,331.9159219760979,347.57340553632645,351.23850623785677,374.75045746657673,359.3361626735689,360.67601756484873,333.89959557858685,360.82229576410646,338.07264312439514,310.2380007189235
70,297.9192274388097,319.3554316494184,291.76244858734617,299.7723732260178,317.00506426907657,334.58074550287756,312.88500756544676,282.1986874518796,278.6151343159348,257.78910848305304,271.7380651140287,261.7065610899082,258.16133696222744,231.10528227934725,235.83380233772067,220.0,232.5289962640456,220.0,253.31262145969265,266.2295099606995,243.95057970753433,220.0,220.0,220.0,220.0,246.09251809065228,253.31684429421173,230.6688800062347,234.63503805435613,220.0,253.33406050506625,220.6270666235249,236.88935617527196,255.99914800867185,225.70054148571086,220.0,220.0,245.77083785703473,248.36083354632967,259.23231304684,279.043211528819,302.0118067124454,300.35172472830305,300.96724444244677,316.22765443859134,299.6616195500852,324.47590109567193,290.93097880898085,269.6349909636616,290.64898697621686,279.46706180870393,254.95536009716534,233.02819299696358,235.18114113248845,259.4138481866376,229.35939829061536,220.0,220.0,251.9331190537544,236.46380529274325
71,584.4848048454784,600.0,584.8194553471258,600.0,600.0,600.0,594.6041300130013,600.0,600.0,600.0,600.0,598.4958722658969,600.0,600.0,579.8121807017578,547.7568316454721,541.0892197986726,566.0607877092469,551.2980173928627,565.2987281775823,530.8130979120807,520.6886081744974,528.774776807568,502.85778011263153,530.6202639629519,506.55944236114743,535.2449905114271,515.3922421192353,549.9917492933441,557.3241592240355,528.2283018347173,497.7977082482235,468.0422269863863,474.33471929675295,496.0052634596699,489.2126553836053,485.3511585333356,491.60129778985953,493.9141401249044,507.07846144199334,505.1034618534052,520.0737098078899,554.8854617861543,544.4063107435679,510.2613931476425,484.0551463362583,487.8011392853451,476.89918438547073,507.6979659448202,516.619192252337,518.0440552699198,538.9068203589611,522.0081113323978,544.389809152163,509.6040864926495,517.9815018421498,548.4145024153543,568.5646990577252,593.3190925080404,586.1059211700455
72,533.2107995180479,536.7690160701666,545.0668326253905,514.1909063788967,493.2995251811041,496.8670342670528,465.98310831469763,482.8843847758376,506.68837537237073,536.1137406630071,508.2375328055935,539.0179501671895,508.75135070124014,506.9352858161872,530.7528572601341,500.67463695964597,466.9508120688748,433.6971523783404,434.4860691388627,456.2978412606291,430.2177082357111,403.94042602127894,408.7387058747644,390.13939793159904,406.2543593917402,437.72883656411267,456.35117502614156,482.75345067266574,484.1244747026827,507.38682599791,485.1900488769778,454.9744012046717,465.89111891339974,434.52779417646366,462.0014935162413,475.4102838137606,507.06433459238445,494.0364005343109,493.06748217842437,509.98580773158267,491.98033671384013,494.9097541216568,506.07246337204026,539.5890691833331,556.7182997803001,529.9874592998352,528.260800896667,534.474755705937,509.73837570644173,504.9759996951172,489.8564068386248,463.17433479696666,464.0172701394085,440.6115858102727,446.94920441127334,423.82798966820394,439.47963432040143,418.14654793247837,445.88650498680886,412.7211599452255
73,418.35900707737966,405.7663406894379,386.5216974936593,384.53389203521965,408.4752595779179,437.5446639647833,423.7720672351325,399.5691207817875,414.978952111429,420.71886289334816,399.7899933007774,418.01069846689796,419.33582893384784,430.0734928993664,420.2272252768036,415.9640545679699,393.5880014542159,411.54411218938975,387.5349048800152,407.0160865125895,427.8766363545105,445.138703838369,411.49829900248085,395.617623884948,393.4012658803749,400.08937239055064,429.43491934638416,420.7273373953933,446.9789697095701,423.41901987914866,414.4086540047526,383.0683947622452,400.04264513613873,375.58833815644266,358.5797392518347,377.84606690535975,380.27623712494943,346.2543274842418,311.4107918165596,312.1570360383524,298.503922000796,276.12572322045844,284.0772988605862,265.06785188080613,271.52235235875247,263.0709688997916,241.14320413667687,220.0,220.0,220.0,220.0,248.13682831272558,271.33217712453757,262.3724400949137,267.68079339563997,272.3960325266241,295.40766027018395,276.94796737637154,262.6950915918824,248.8200719540752
74,235.53059611323624,222.55874654347969,249.0127109046402,277.85184623464386,250.52632043844238,247.59041835173258,239.28484146286732,238.53998522650448,242.37035191061187,220.0,243.95695735448126,277.113442476615,287.85177931686997,299.0834360114058,301.0420260595554,289.4411648795621,264.8696125721286,270.7540465608521,238.8999448064966,261.61512454492777,256.07894350787086,250.1117391992091,238.0136992925225,270.8684715014235,248.11265819537385,223.70420569863865,220.0,231.09692379955348,265.52959611062533,247.01285803874816,275.4060758334723,259.90923497804437,270.26222938681536,238.0971560221511,237.79293424248434,248.61283188201307,251.15521628759706,232.80369322932245,255.79847960807655,288.7080353947534,285.851762093198,295.36611065644576,315.6950394406358,297.5992736841614,323.11080041917637,307.7248637908762,327.03302003694296,299.8799663067925,285.0670355457844,287.42043092157513,289.1649776208772,313.6951605349228,348.4240685696253,320.92882777983516,304.92599707758774,294.957871793203,293.4821603399034,293.0558423607113,317.9894967811005,336.9286479760575
75,227.16360003442225,224.0151232752454,232.28029195233162,229.50798304884327,220.0,220.0,220.0,220.0,237.94149801296675,225.43954562294013,231.66865596274326,232.76976862985697,259.18966417500417,232.73070940540285,220.0,220.0,220.0,220.0,238.42309576766706,220.59170478531803,220.0,220.0,239.13655016969386,263.67588622076573,280.0100256062003,284.0620931011824,299.7555122236248,312.45277969489507,293.85844396954934,297.4115664237729,316.3542197084631,303.5526660397228,314.330786309908,313.0344162362239,313.2555358023753,284.5593884471265,296.19459001850305,321.79268249331943,296.6928726551298,287.32026901028127,255.72699084913972,222.8012228674871,257.07731763450914,256.6203232159561,246.50665452042335,230.7480498841747,264.34893503032185,247.0064900168397,262.80607771848173,247.6691444248971,220.0,232.82936301625588,220.0,232.30239580923987,220.0,237.22729624500508,256.10980795955055,271.7973146767782,238.51115557951096,252.77271895457474
76,596.25533334119,578.2391091379835,562.4358091937572,584.382667664395,560.6104440183205,571.8513013036392,589.7031477286796,557.3043940560347,561.0677406546005,566.3791487521123,552.6201515695379,578.9642784273641,555.356758778354,545.8503884437642,570.2571965440773,548.6021895064968,571.098379049434,541.6332214651909,540.8792561684902,511.15240253968943,523.6056534939954,543.9477577278874,568.4378561051636,600.0,600.0,600.0,600.0,600.0,600.0,600.0,581.4816411909717,581.2532858412362,597.3406103157025,576.5311331350904,556.3249186634289,589.7879104918235,585.2106357434279,562.9377174480919,551.1401891867973,543.9565195654121,552.5724875883276,582.1835137216702,600.0,600.0,600.0,587.5280418787612,600.0,580.245883465422,552.6925289171897,585.8204482240253,600.0,586.2551594176693,598.5171095643428,596.2083945832668,583.8273690134498,568.9015637666705,543.423484932134,546.8757506914427,543.1375189996683,543.9905684206643
77,301.8357236421737,332.53847059630107,342.239854339439,370.21190035627257,342.86088197856543,351.4604495884977,375.92277689358895,364.0872314806016,342.74725332012065,326.29874472651403,310.40410559899993,306.7080331436474,294.5254853382006,278.51467042776,288.91053131611966,257.6227973331516,246.44826180293268,259.73089941876594,237.04038186843636,220.0,220.0,220.0,220.0,220.0,220.0,254.63623972143802,283.923974518759,263.9792810897024,250.67945132367768,248.1387720824763,272.2477203486233,293.4329362461397,267.26983680577945,240.9812561901641,235.1525139627472,261.05919123571124,287.8051411723964,260.32075065045353,265.5215608080421,241.41882460680003,254.44787630699483,283.59820366201825,280.4320541353098,251.24784836375338,256.79564207637156,250.3918089858814,272.1547216492586,260.97883412410573,287.221638157187,271.3806666916219,247.40690120382993,233.86052761613053,220.0,220.0,231.20823437174215,220.0,220.0,220.0,220.0,246.22447882900576
78,578.7637438886807,547.0230245096957,565.2280492177435,581.8286714879474,600.0,589.3509463204748,574.336575738804,571.0523241954919,596.0125865959352,600.0,598.0136669777252,580.1330660077363,596.0241678965223,600.0,592.9965861747244,600.0,593.0148414823618,591.5093821522657,593.2531087491097,600.0,600.0,596.1056313846763,585.0676818220087,576.2190522750761,550.5912871313388,536.3769987785795,507.42831770739593,502.3809161299432,479.0959249817166,468.34439719992525,488.8948396573377,471.1097751985772,478.94239869252203,507.02509803992496,511.7101411319932,490.27562402606213,479.40925760367895,485.73510210656355,486.19788188975326,461.60127042913655,457.8770145574764,460.8916832011938,444.6049732132239,452.47615928701356,422.38736625097823,410.9498586005644,432.2492368949946,415.3991729585655,422.76155245878095,416.4636324185028,403.61584238757007,432.745060541272,421.77338080689884,403.3406939109901,431.99178600580905,449.2078909213161,461.93387088018994,430.40131682487123,404.5856640749755,414.26946154165194
79,299.58447787997886,280.379136874104,299.91883294815676,284.9335793667427,254.94469051737684,222.4949268290671,220.0,228.19900043792524,254.02096677535144,226.7772744276362,220.0,222.08604276352298,220.0,220.0,249.68872542889508,252.8311411994232,246.88958394226853,281.15037741125064,250.7154743042182,280.96341569020024,281.07974463478405,281.3426882784837,310.88019167270835,311.3928702442232,307.0813665813336,291.15556802953756,302.272741706757,307.1478980753403,287.15207866168515,301.8109827159779,311.89706272954277,304.71043462400064,270.01849915724915,266.2791796695823,231.7032478686999,220.0,220.0,220.0,220.0,230.8843957991278,220.0,254.83540158850573,283.9765439625544,289.94823728354106,322.63453698798617,348.3957475982627,335.71864391709676,353.1903811360684,327.76860601634473,340.6872057228566,340.0629335774772,306.24074932517493,290.4368368925009,322.31359211079825,309.4217960669919,287.12360793809273,265.2508091981473,263.79573772308373,287.7811845700212,305.84130812935547
80,386.00376286435426,365.6146447049415,333.8391877120949,331.22331007588605,353.25758447215946,369.3353240237614,362.9373777576689,369.56656479190093,365.1038212581362,370.63494894344865,371.8603160509971,384.5279780597582,385.0675971070769,415.910366978806,410.87233968952404,376.9864809023038,358.53262838093275,358.5751084483987,361.415138080605,365.0820733324488,380.10072021135454,364.3260901945815,375.8693477274849,390.1516068458298,383.94125952928766,377.0930964695302,354.6178314654817,348.59694780335786,368.67408822284875,397.3021986113406,403.8551220035982,389.8110460383991,402.5713263445803,419.3815609533006,407.636455467947,430.4948057722153,400.65351402189907,366.40627425390085,340.0142283381445,315.9348126860702,342.4598449924107,337.20856414790035,321.45378258582707,316.4890407049044,309.12790319394867,295.23021995310984,269.8831907219474,280.79727306011904,255.35958125469492,274.6392929417821,253.75745387141387,269.95344537074567,291.34447276942836,265.11729345363995,236.18949723380024,267.6595911795564,265.07286765223705,274.18935230034623,240.81758310886997,225.32729574781376
81,412.0511087325668,439.08639066982505,423.0871498993314,442.35054228944176,453.7054472675509,426.774401013953,412.3106631093928,393.9611456600962,389.93807679022615,399.41147380355704,394.7508566891525,376.86841699177893,390.5799307677582,396.4929073975625,397.84488091666094,401.6542527378794,382.1872979784471,394.81747225491904,386.9425097426328,377.38525712373416,352.8666517024081,359.64526512093937,366.8317738591948,355.6528189158518,380.8423228964392,405.0243758065192,377.65817726028934,391.3108644069836,383.8792973399352,418.8593369143377,399.61099099226334,384.2476853712776,380.19512599017855,364.00518639782496,377.44472204488096,376.1082898975846,356.5698083370524,357.01599320111177,384.23113684666447,404.69883212616816,404.6168568360456,389.81133905598193,367.4033915851589,393.89019298824155,408.6018788231503,413.6533100434724,440.2137352602292,413.7320553764155,426.50630539656026,406.6761672654865,380.1165881366056,377.70918383709096,369.8266889205957,400.70884157335865,388.3874098459858,410.430567979626,427.8484580124101,439.60312891650767,469.03116202371183,462.58588363040576
82,368.07505067348893,344.3413703241946,328.6447156088494,355.22906753311037,353.43581683690616,342.3305493902559,322.45839324600786,321.4056107630609,336.5721866955779,321.64062847757316,339.6807849344589,348.7659291652032,368.8953085429825,351.45898256422635,360.6309526955395,336.39242225975846,326.85821101128306,342.5634176502791,351.7802046408746,329.9304554145011,355.01444246097816,323.74901122514086,330.4141094213063,364.28154443751873,366.48687566651114,387.5339030636706,394.19657118690776,414.01275323151725,424.90434270638735,438.28358372401436,419.23036430006124,436.1578282501655,417.81152031666863,451.4563395766498,432.4014429439341,413.9693231957701,439.07644162964056,421.0854519670379,411.3486475114277,426.37345879395957,402.485859407593,378.62088224551815,377.6659718741815,359.7247446704724,341.2208015603047,306.8675260596006,297.798997443457,285.0765362667452,252.25744302461214,260.7437654995686,269.6096282398034,239.5656612639595,226.7585706676212,252.85495790729905,258.60665268441954,252.4448833652587,250.0020183577454,229.58161796825178,251.41332301780673,280.39365239937445
83,566.0523360550166,546.7277434734775,533.4795622178295,509.72315645449714,496.2272358087591,484.5236118573411,493.8410134518656,472.11626016023433,501.4740448659764,473.6910077719481,439.1724685443514,464.01862754848867,478.28251409211214,468.157705017032,474.8426844307403,455.49077148948663,432.27804689466296,430.25848635437353,419.98163443484077,428.0477379723112,408.31818089158344,419.7231199308267,438.40342635202364,415.0679563640168,383.13803620327093,378.90915247436465,398.09083849383524,408.6454269840252,422.77714741304663,415.9759012125824,397.4220893802973,399.6466084102199,378.9522069726637,394.7882157616183,373.57586767878166,358.9642963487856,359.42243083139596,358.49212622144057,365.55158256993263,361.1727046049268,390.5358362006332,414.33122279443637,440.86916438100104,449.93532437924165,459.3858784894981,467.02978634961454,462.4716771591165,450.0190972338249,456.4592993552458,423.2465279549373,388.7684781546035,413.3834059953759,381.63308912980943,383.3687496531487,391.41789305962385,370.28987913319435,397.9910378117547,376.297741834141,403.21379094980824,421.6231098031207
84,311.48232233919373,287.03441397852026,274.1707036915567,267.0272433304759,249.23217068540058,284.1545790982102,265.23024263498087,288.37468052378085,264.51292282011394,298.13004658943026,278.9166886692462,273.4348875040976,277.5343721778511,250.9543722387776,273.1317769623147,257.3597642499728,260.80865736208926,264.28302411061657,271.4678697734215,240.35188883012353,220.0,220.0,220.0,220.0,249.5344924542003,250.44130398999135,259.0915643291793,249.11573660704772,233.45296647942152,233.67536839567643,220.0,220.0,220.0,220.40135810290488,254.3033389276336,234.93592009896943,234.09425164075475,220.0,220.0,235.2117503094483,220.0,225.69459152850303,220.0,220.0,250.31526690349114,244.2674867239932,264.14234422657483,258.28428843780085,288.89951094831576,274.2324343583386,268.0885798364774,286.20907665462744,275.2657887242874,265.77078371774996,300.4084058567456,304.30142265507027,317.5580544119806,327.6004108027333,350.55510110369335,375.88285806461533
85,434.03733033871765,419.6562555863656,386.2522729166135,394.2605004911159,417.04331881970927,413.58110520552543,390.1105350398859,375.2762801453808,375.97550521121127,399.5431905396479,376.5659107644374,384.41640206410335,402.15220504064155,432.6755314640792,405.84478988159935,435.69220427311836,442.79493173533194,461.46404285559197,430.2282725253909,430.6586434202325,439.24272060588805,425.7210893969869,420.93660396407455,424.7374734336464,428.415829217755,396.34613599623367,392.10985965675616,372.0771304922123,401.2457859581868,434.60638526682015,420.581668011465,397.8446458190391,378.20993638542313,376.6525942601299,402.8679861980524,402.87052124368716,371.747965563758,339.5399577536781,320.4573239472775,344.45131337993746,352.9549524073975,357.36200217243794,344.6898736532229,374.749652006456,362.9321291538053,386.3782380395116,414.09148429782346,412.924935222953,440.525184086605,424.90141420397833,435.99175403680766,407.1492164335147,405.32461141998226,385.53783757106663,354.93126702620884,320.1920525916423,307.9247007424989,314.1918423600723,311.0579666956533,297.18181759201804
86,596.6560116949754,600.0,573.7957314786248,567.8532513454195,578.2725367249723,594.6168925520678,585.2629433957321,600.0,573.6905009037475,561.9173846717869,577.0677069747002,585.8655022929264,600.0,568.2799915867008,545.4874118343142,513.8820325933518,492.33002829079663,457.6298250351021,457.9245461526227,459.9065538424006,470.9589785408203,462.90284984489335,428.12738819285624,440.2997690013908,409.10014514374467,434.73207530098676,401.31785444054236,403.45111306850663,431.09536483549306,436.16963514070767,443.7588073987828,456.47156678240117,430.0401861235339,442.28508318027303,468.9099249211701,502.10538321964225,498.1190231747265,487.2343627921548,504.966035883897,507.967236050569,490.97856186242115,468.02961381030036,444.9457348517924,442.08812741422304,418.9968358073186,385.3771618881226,354.0233761360009,384.1152942127085,354.222588093918,324.34523643458516,320.9284276219324,303.0854473853847,335.4740170374596,364.2430258023059,357.5750532092946,353.98625956843273,345.24421528372267,312.89484344874165,298.3941221965713,271.9812650694102
87,258.90072540574664,263.1610355112938,235.07457555124316,220.0,220.0,220.0,220.0,220.0,220.0,220.0,241.01739105262072,270.09807558952576,263.51418341368367,256.8660542687521,271.7397441319428,280.6242852312711,258.5140982998097,231.05233686051997,226.68516920637353,231.22315462776695,220.0,220.0,220.0,220.0,220.0,230.7144509023817,231.37174275550117,220.0,220.0,242.53093240290903,241.082260193154,220.0,220.0,241.28236448689083,258.90320722103934,285.21037152385577,292.35651934397424,286.9599347490381,281.8243845778496,260.40438769235567,270.9603149986074,276.9151279251072,252.7556367251257,279.7520411283019,270.54481536004374,239.02652894651854,226.9781934011034,252.8681634309137,282.0551244412386,281.38301364941293,313.3268094545522,339.5937360993905,362.3598862963363,387.53959082409074,379.2708696759084,397.22369552879644,402.63742574412686,418.01530586594833,395.46033339660255,411.6579072208485
88,583.8851249937852,570.0715575604853,600.0,591.486321036376,570.4669658278483,543.3270019138649,563.2743358440374,567.1121138703973,553.6113044267393,561.2028303123024,549.4499134611726,545.8349564741648,571.2214452768811,582.9930986570226,600.0,600.0,600.0,581.8987046403624,565.2590858906794,536.7382116023628,540.5195767473125,548.4547232958982,564.2720333988157,552.753248215264,518.6112243458159,527.8672919419984,562.7759764184251,548.3944311837246,526.269842856556,510.99352990440076,505.77261313879404,488.3365181654736,477.6237199412007,487.2981916417561,476.45015072073915,469.174276855595,436.97646525154346,466.2324403651443,459.7144575591841,447.6845036816197,418.7383974187966,428.13122249645943,453.59896901492226,421.4796930185903,396.64876573421276,371.8960537562473,379.0552936305928,408.54142882087865,404.18521451546434,393.25166588903386,411.8605138808023,428.8403482036979,411.11327795310257,387.3711233146546,377.41782558372955,396.7100630395937,410.3645003336422,421.97425977857654,445.0342589900008,429.43338085389837
89,349.07981567841387,317.0435772210562,342.8557815273035,348.625862971856,334.49442340371456,304.3535806051701,319.99224582654233,337.4038721949766,349.03637784302816,328.30104580929924,357.22616990490155,374.9472312363629,385.9901738872408,396.55624852676596,424.8612875331808,454.84278684997946,461.5374061106963,455.7042648780747,446.16564344723383,468.5011623228844,478.62353611128776,449.0321582290435,423.9851791400954,451.99819179743463,478.9130621647497,510.5413335735725,505.4909012865552,525.3751648214047,548.3509167334072,535.4497001420807,510.6233399279807,545.4151852427228,512.5305295053173,519.3440438151183,529.858903007838,542.5841569457134,525.4780990235497,540.9886461244693,521.1366155541579,544.1692934567757,524.5074606427002,538.2768826780256,558.1158266864039,536.3420292187571,518.0010833530393,537.538345064445,508.5582730788917,486.9115397515582,483.7987031848523,513.9114381969862,518.2428866394969,510.38033601407267,543.866251569646,541.3260430051362,536.6874911632599,530.5025933454006,517.3551984278763,505.1538351095072,518.3024293045721,486.1609211185038
90,479.0903557456012,458.17467061441226,450.06923083872675,425.32695891795,429.01953200302285,445.0740631496726,434.89995347361815,411.3391139014366,392.1945046366189,414.46240893340894,398.1978203875986,417.4270018983845,405.6109603748193,383.82223917882663,399.73383835274683,397.5319904160113,364.72139800524775,396.91736735935564,372.26010851440316,361.99859686611956,353.93422131581906,353.194314263908,373.17539582729995,338.60171540455883,368.8747589980841,379.0940212122949,410.63944275272036,432.8567103718744,462.8053856376996,469.87542420319704,459.8870530045993,455.89103742255156,466.9532991494395,461.83852933308305,478.05562417582826,449.48498530143036,472.58405073037255,451.87725550531286,482.95358817204345,458.8417941676522,432.88328789482006,454.71461563593755,477.02374357514856,493.7369029668359,525.9740354401652,509.91180944814425,532.7772211774644,522.4200582805039,525.0379620703577,521.2299641494507,486.63946573660314,491.8518192843442,509.17723142782086,486.3958982780898,516.6118086106025,518.7397763698978,496.2169965904743,506.4333265546563,484.86791615073037,454.31525053140393
91,480.41979211931204,453.1684339506966,425.6036553370471,442.399704759774,411.263861084339,432.9477036176958,453.6781167230438,428.5756566884874,429.86230199787525,401.6260863657012,410.90607175072034,380.3111726586586,411.42483260125096,390.9659840771217,403.7686099935268,377.7490096999245,357.42076108279883,353.9872365046348,359.10396639854093,394.02439322595876,360.83922919232486,325.86123856741096,315.3869351974573,306.0178809436267,332.88648747053094,361.76726580934206,388.4040141544944,363.42652668851775,357.2738651511929,374.48582651184455,361.36860125674144,372.79526325248,354.3952636758565,342.034611733113,367.26468718750687,349.80031971373654,382.30300579567694,368.74117506125623,335.3881427488856,318.23120601506554,295.21555197210535,295.69343960733386,268.58356425028404,277.4069856574627,303.64992059641736,294.02624232267885,270.8207326740572,263.8224823789661,283.84015988051,290.2442970660817,262.32432199901393,264.9274228019063,262.6933995037978,250.5912574252791,223.30249914901174,256.980334642431,234.30336703495888,220.0,220.0,224.91351270892568
92,388.59443830342616,371.06344104528506,366.123077856792,378.26960743111226,362.9886446360164,392.055848958143,378.50008556058236,357.3726177181821,389.1923669992791,410.9316097075517,399.9512434465943,423.8514730266656,425.1684704674316,414.441145345706,438.213956613451,455.86551129396184,441.71675027897925,449.1842463470374,440.0415619934232,405.1152000726504,437.44230197067,440.9163372957685,447.8066194123734,454.79901920978403,458.34392146714225,443.64727060129377,476.6575993448577,485.17438822092765,497.13888345970497,493.97437647189844,479.1246745062532,448.6291032584983,438.1452170182503,415.4720370670378,426.8182158450286,453.348487781219,439.54132785841466,427.8431116373979,439.76862690542873,415.2176273023153,445.27824716975425,435.74752184153806,407.8314830564123,385.0593634008572,415.35158872137924,397.64993890721064,409.00875517540067,384.9403208230792,363.5274392874937,390.07411461049213,365.43644001767143,331.748981089211,331.8353043560503,357.2261812844557,345.0455544635495,319.0169134087492,352.7730714783438,365.14477554260276,389.6931197789737,407.3427988419984
93,485.33206411589225,477.25154881505665,464.9553483393114,480.1424500519246,495.3123606243307,526.8535475077672,531.6597347571497,517.2832121622869,516.5502281154203,524.5101952862346,519.3812812566185,539.7605998917869,545.6835247468955,511.344025680831,516.2328178570716,525.5850828730019,554.6533704810868,548.61388763758,553.826623786575,552.0764453365812,554.2923953294031,524.0036802762329,551.81353700355,580.5424007917637,583.906573480748,587.8654595812142,556.894382097291,563.750918015674,558.7915433072153,573.4245974236259,541.7233415853159,556.4854793763802,541.5680470446422,552.1874201763598,561.0862384482084,541.9651423724647,537.7968065376034,561.2911346713361,568.6825497229703,538.4942308614591,534.4978490539172,521.3218511683714,531.2370486921857,539.2565245828539,504.98439168856373,512.5230773478561,528.9625531268017,547.773655394912,516.9019593222092,503.15804851990003,497.6471977585067,475.2312173041505,469.6825882857012,439.6616557934926,412.5868656039862,424.3954990030256,407.77557128423643,422.5739806078065,390.9415775689733,395.3307912820185
94,368.7504921629993,389.5384895970819,409.4151002114712,400.7042751834968,409.2942561696368,390.22267698700097,395.85115551963037,366.53968409595694,361.96198398425963,339.75292169192727,366.5896044383339,362.7326616960121,369.08682410063955,359.3135543237403,344.52542679052647,323.7298116048338,352.56082239152516,373.52342716141186,347.851707271584,365.1224486120099,359.41960300457566,325.49736885181557,327.4830812781511,301.5863320840917,281.2817340006433,295.00460130032985,278.0045439002136,305.43671802914076,316.43860111883265,339.69844506258926,347.76171274570214,373.58118411724325,363.89911136879374,367.3389517507843,368.45127978188765,396.7166293473456,373.26070794994854,378.724961373017,396.5351449689056,387.43862820626185,413.16933492938017,404.28036862482156,381.41198181753566,387.2953666958879,381.73512739849974,347.7984347262401,317.6871362007853,296.3565388152466,315.2096359815173,342.6524021038797,345.8472632848753,318.23684566086393,320.6461723177932,345.5385545595793,363.0019885981606,348.37886005697686,322.0512027071619,350.0989216905189,374.88513395477366,343.6452095149395
95,532.9963061333344,504.8011907782802,474.2310451164228,492.333107916661,494.87485145140806,488.8932131377304,517.163566856052,540.9148169007947,509.9484599090886,518.0745668449707,537.1332850694928,540.6676256537394,574.4780105890726,587.501335914401,559.7913468031928,538.6722076431896,561.5094011271519,596.282368247253,568.1661169283202,540.1891691774736,558.6262629675034,528.1310626876611,497.9302708122005,525.1474246228769,546.1789114851684,572.8883354756751,583.4242736249679,571.001823160688,599.4437464839833,585.3543932321935,569.640151994033,596.688181337527,600.0,600.0,575.9130902477781,600.0,600.0,600.0,600.0,591.652708228624,600.0,600.0,600.0,600.0,600.0,569.7347688152145,547.5545930246991,579.333065783395,600.0,600.0,567.5759580280082,559.3473297844675,577.5244190636273,595.2264253196755,566.2400486661726,573.904270762439,548.905144060299,548.4297973610445,530.207796419923,498.929078441354
96,250.40738170011164,279.16988818120524,296.29510567531264,326.52278439941915,324.4220796627678,318.35255458946415,308.4410650646108,316.5825617882571,306.1917188762505,323.4308452549909,344.52305809010124,370.8321796301579,352.8282447473273,354.71978819779355,335.3609113688823,302.98981900830614,317.5375903001948,320.9662794756535,336.64118904436936,307.77479284282697,342.46162537716293,377.0660250634552,374.6160128487011,400.2401229115696,382.28992181795854,398.91955310358935,425.46536308053896,447.4920017061935,469.31618718307453,466.7280514292951,489.12734777380916,502.4766846853002,476.7482825553945,449.7411908399109,468.7757403553357,477.55822656944036,478.91455477283677,507.42288013225476,518.59420511324,511.32447726942104,505.2997038417539,512.6668090989849,530.8860790270293,535.390810513468,536.0040722688105,551.8871214546033,566.2556399480958,589.379918791045,558.7585438304557,576.6051930761942,577.5684246428125,547.7969430451332,560.3276450169996,575.4854585971356,577.1393604652635,597.705288900747,583.722656504798,562.8561618019985,552.407538424028,546.1110743547464
97,484.45476891282414,508.6411645643001,524.1054378698075,501.28456700467956,491.9197629406976,468.00872288204204,481.07941685110563,463.45144832628824,465.2285336259175,485.6566226495454,497.62237189405846,483.50855124061775,471.8092237837616,482.5447238459738,486.0074662997699,457.75501042267297,483.9344216718212,484.8173490355752,482.9526199593978,461.84337352365617,453.23294085159375,441.53068121365067,425.48217901171057,430.20063923698467,427.5599144566044,454.8037524286311,485.69783082193237,466.06097086789873,438.06835088160346,458.0419794857459,492.6822777404485,518.1342826302393,484.79310077855075,467.38154932800336,435.4155087208918,457.8700651137735,463.5685534542356,464.52885133592935,468.3403430756863,451.0119311844477,458.12661702416807,425.27330551665017,435.49412619460895,451.9044943071271,464.016332766955,452.2645590488104,475.1029631077384,490.19104290596215,464.1718555106616,442.83195094834366,452.42953987082035,437.68866921974217,411.04897512097875,386.8968046414712,363.4900072792992,361.935370756586,369.4523524966508,346.80051173645984,361.6752744618853,346.3461569869923
98,338.39209258970516,319.03699606489266,339.001425580916,371.1883938864974,370.6633832939639,338.6055281942033,321.8453803439866,297.9089007223058,321.9022606619471,292.84203978227146,325.49537663045834,331.69134099418216,332.93312608937356,357.24766965871663,324.17600314911857,343.5766956076092,316.73897879740537,340.5934457232356,342.6357810698859,311.91483923509236,335.24199195118507,302.15398014617267,276.83992864872494,297.68764531658894,295.2286239866413,321.92583329147965,331.4058823868555,340.0528951927841,325.5093526220251,299.86698927064646,332.14905663341426,304.48489487345194,306.51563687860164,290.59543823703626,274.08528468773807,280.70632003893496,301.5617082414558,320.9642720396453,346.78039028319404,332.28358193705975,329.8861786571149,295.53959878251663,312.8196324020622,298.983650252022,303.28819758093505,280.1392173222966,302.4971828216996,324.70623817117905,351.12794220388594,319.34353200135655,353.8156416856075,336.1602006963861,322.82055871970056,305.2740597630318,289.0013486486891,292.6876435759443,274.4743816772089,267.0383734752372,277.9308342462623,301.45266849670315
99,483.2417701014142,489.84436923652686,465.1853686144017,487.31346072229144,454.9227028818041,438.41611930827526,407.41024349351255,419.13027178442496,409.916247565971,420.55964139031164,409.85180854156295,406.75365969752755,403.8109304091602,372.00157616588837,367.11743301010864,376.99193842817283,380.2155956534532,350.4854592929333,362.2493782910057,348.86977113507396,314.8802073296055,290.77189632550267,290.60107233766183,277.3291884697666,290.9359994325152,272.7817427221187,291.87747451538047,276.93087721295905,285.3913367438681,306.33648336145075,298.32541236651315,266.6017582935961,269.0829447677178,303.7615790758328,336.59100972221677,317.06256329830853,334.9613189580062,324.1079471854108,300.3270207982272,311.9410498404017,312.00186090727556,314.74799994317294,337.66548629965854,326.22354361177815,337.9201767806746,328.55357946805833,296.5442522286884,288.0053097422328,319.5077221665222,318.3360959127114,290.9122264912922,304.060104547628,336.49665902792447,365.0528262860225,370.09008493259216,361.42973703698937,367.07717383263616,389.1923481865836,414.47896212787543,436.79803407384634
100,393.08102380786033,366.40108307777643,371.24322294949076,347.1932409118263,316.46032428467623,316.3670726246965,327.24321412796047,352.033525576408,371.8320143532093,396.8388502461677,415.04366420363,429.27042198705976,394.9800518269087,403.80721365355345,377.24093994329166,346.3476392065695,322.2964898539654,344.9269411548879,361.99639867188944,393.4104670362543,426.93880514178306,454.4686841879618,428.77350775635176,455.2602996211004,478.96489905630557,504.94090924648435,480.55890244463876,453.734330388771,483.4009519596567,460.56881739907203,451.3723385720541,448.29127803663835,422.00225498470786,388.4466551469862,423.03298803068435,449.39899516913164,478.26265022367625,463.1820650727245,443.58917516490527,438.39983423718513,435.1321900656456,400.52415078614246,420.0718686653307,454.83856133527195,456.8469222424182,449.0250308932898,441.517663418774,413.2430626708211,396.8743899563019,397.0236851607261,392.2530452401549,395.40547744217264,419.8400728467911,400.60703403576395,367.5435266992058,335.21930786899765,309.61112424047775,314.54493317678595,336.11786987944066,363.1942856290849
101,461.343016750489,454.5630444220516,430.3790739929819,423.4783577540254,411.74741712757026,437.6492287875699,436.7195852063124,417.55329820312943,402.769372880234,377.3222843982222,406.6232658330614,375.1474750696142,341.0467124685268,318.8559378154076,340.6171190691514,342.2597941333271,351.06882424971616,341.1100415288176,310.9175005172595,335.8485718917113,314.2811709404898,281.5953149786478,286.6846044939714,257.5148499208935,229.21817955108187,250.24457175485864,249.65724300711832,231.56283466441835,220.96668429958467,237.01355281860668,220.0,220.0,228.13834244933986,235.62636386203735,268.69871677951335,259.9171804673948,229.47261436982092,232.10023480929488,241.7845116326202,220.0,223.70033814746375,220.0,244.13110405167478,267.59240875654285,262.66644547643375,295.33846881233,328.92264002381194,302.9702162501453,293.71018258841804,300.7326854916831,271.67133216238426,263.4572174293738,246.7392633105352,278.3827787782045,272.19378637640745,290.5807464747333,282.6501219205855,256.87696684990397,282.29757396116327,247.32675814438053
102,241.257532110291,231.76444052308403,244.8473184093956,233.7666190797499,220.0,220.0,220.0,220.0,222.43613392262813,220.0,220.0,229.88328811556903,245.64138633317742,229.083280213099,220.0,220.0,251.98220202213344,230.31858291125164,220.0,220.0,220.0,220.0,220.0,229.81198736757744,237.65774521071017,248.16914764216781,267.30014820282554,255.14520909830586,284.43487045114034,300.75919322595325,322.08879442663635,337.55614589450613,327.64804107478545,312.4603152391699,307.0365101097009,278.82863534703597,275.4182704566523,243.43813927331908,220.0,250.2049257632285,263.458506004381,267.7877922989988,256.66493505861285,261.60259608656804,289.01290043025125,299.6795098063218,306.85324966306706,304.0675648710845,293.2663570166446,307.1646549911644,340.8333208622714,335.56635940871274,328.0207236897068,322.98866675525977,317.77674451874026,352.1204786545349,366.5949566801888,356.7378681249302,347.74303429280076,342.8988190248847
103,233.9506312805709,235.8977794220584,257.6944460286519,268.93419155317764,247.82365082648556,263.78604772297143,279.14815016621355,262.52589526164337,271.12712124162886,278.8935535601644,302.67868723009707,277.20374905843795,255.84244437424454,254.8603096379909,222.95047006045237,220.0,240.17533293998062,220.0,220.0,254.28384633677112,254.6982472765116,254.58091496505796,258.6964658257497,236.7167717490416,220.0,232.4148240380576,225.1185007314615,220.0,220.0,244.22353480249376,220.0,237.49881868583236,229.23801781573303,236.14616455105855,220.0,220.0,222.33716005844633,236.0303987052364,220.0,220.0,220.0,220.0,224.55346123764917,220.0,220.6824421323006,220.0,220.0,220.0,220.0,220.0,248.5553185973015,247.8508105942539,270.14573386563507,250.94140136945512,240.58719699385324,220.0,220.0,231.80899209524517,255.48068448290292,260.0947283088438
104,463.2276144453698,440.6363098785562,408.2407325548969,428.65890271730905,405.35157723819907,376.7334447254917,407.3628071889534,439.8093026730958,447.94731308527037,439.4519221733809,462.77869004086455,442.10908719434343,437.16655011442117,427.1577610444633,456.04676039638105,485.4311794717402,495.9931943143969,468.7450041334853,467.4984994095665,449.67148504525045,476.6155814681642,451.3037773992983,420.1054967095478,434.4155290580533,431.145554305824,454.83109643803994,425.0551706198918,446.13049990244076,413.74393260153187,380.70883343550884,378.0009360566809,358.4913263343266,365.0516358247837,331.85882541958665,299.33609338499514,315.23648811703094,294.9480494914928,305.8972481477441,323.3917994527972,292.5449810535449,311.42775786604165,295.2172431233317,287.48546019731407,258.55020365798623,282.2543024935259,286.5053175363294,286.83188698563146,319.6307237488244,308.04612694467136,335.40067699804007,350.7788286725624,380.7757981822191,409.3219418755913,443.69402822741614,417.9114008700172,438.6325483164288,459.94715316275403,470.0533001352481,454.57356721192224,487.1339462259043
105,297.68041239827966,297.6506888833704,299.15478678071344,275.48284091923614,291.059858482563,262.2805599751798,275.79740449444955,300.20048923479413,289.6582389905621,304.3176955925061,280.2918761628556,304.5083062645571,336.15052516328285,311.83908370826725,325.2692468863305,325.6774236452873,327.8823768735538,342.336657175602,341.5484921291526,348.57133957039275,329.73441092918915,321.2298726833933,346.7966971883984,319.4898730037854,326.3201412691402,304.2202356255825,328.47800748021854,334.01108424996704,327.224499036886,309.7122261925133,305.2913551357877,337.3242179503096,337.96886823236304,335.83313545135326,353.0723023963749,344.60559735460834,339.52527384626393,328.1116150562773,303.6759979293347,318.64264292352027,344.7548068953739,373.14629234236753,399.8024980050121,396.42736417567164,381.31199762989536,390.966660101953,422.7960039353752,438.6895493071776,438.32894861848854,451.5455488344299,470.6232027062377,499.9720509992026,518.3971537772534,513.7204926717668,497.8729489643507,497.8646654954221,485.83712161780517,516.8306431059522,517.3882521474495,515.4321956649301
106,352.3145628988479,362.0730522192599,363.47664172272624,337.5100663256042,363.35461308373885,353.48551133380477,348.7660014308756,328.1626953973261,331.90056993057834,346.0444243005792,372.72599674439493,341.33853329245335,374.4717669714098,388.7390089128348,373.639916821641,352.9531496726186,338.6793039784405,364.98010659509146,350.377418718808,347.7748981378145,362.17656193477075,388.2158523954427,399.31583375967,417.0334775170796,394.16635325779646,420.5849011961762,404.88524404944394,378.87171553340005,412.2088158572469,391.3236106390382,365.8892485444965,374.71071155162156,362.03113201634824,336.3655763789828,343.4440545840941,361.57302048965056,382.0969066841515,357.9827887550106,361.96348351080655,383.9209694585088,360.19706025820176,339.734817882149,304.90361570236644,306.6280066500366,285.25572543037316,300.9527057312561,333.3076756244885,312.92055985442346,323.3573506778707,303.1857629799665,269.4462431085458,287.5450367035667,282.9253640691292,314.2004443751549,316.6004561251933,292.6242569534912,289.1084678793007,268.31089351572183,294.77294260378204,308.1361652659088
107,349.67074576878736,351.6181683652872,363.4817815401992,383.281821705379,353.89212639631694,320.4684453359842,293.48013413787646,286.12987584995585,283.7993385557023,258.3516526706717,252.13237232364406,248.04596736897219,220.68226482639625,249.84846204009762,256.7886769712371,248.98616410317686,249.4696669462313,236.4634909990478,261.2666632141693,266.51771612396453,266.1604231315126,294.9224013482044,318.58098022458915,340.4771126243986,321.2697569206277,296.9883747234127,310.29513110330504,308.10008904720274,320.9599789541818,339.20388520195996,324.87583071609254,309.80136103468914,309.159570672762,293.30802261961685,305.01869194075084,322.289823152401,320.33254937612816,335.9985329680332,336.72916280298756,351.6301833406782,332.37796068637897,349.0969739016919,364.15565554368317,347.8180550371256,351.73602440993784,376.607841161146,359.07442644921673,375.59301133024405,407.37068153052616,433.0076159135557,426.11402170117503,433.6185630103447,468.042472408034,472.83309120433427,445.88502337445993,414.0651762089732,434.3871918910552,429.0411746691844,411.318077013228,400.6551191594943
108,507.80168928765187,505.3690027820199,531.1639672588312,547.6087584732702,580.78974900445,600.0,582.8183048250206,593.9524511211994,560.3904635381695,594.7679342482413,578.0383618644231,589.574018418074,600.0,576.232526390958,600.0,565.8571966053576,561.7955962713361,559.8382298485158,551.0245797766273,557.0715120176623,586.1104764268465,573.9997144278667,579.5479065295164,600.0,600.0,567.8513285363847,598.8466820253211,567.111965323424,573.3250585296271,578.5998119516886,598.6471281008508,574.0381417302792,551.5940691746684,569.2415544663537,544.7068871351674,542.5680460297622,558.7834123445274,569.370347359315,549.1126403872316,535.3898584952576,568.2181017221305,564.6250451329724,532.7370684835191,513.1080114461624,502.0784677224911,537.0427260231121,523.2311343464964,490.0788437612746,490.9833541901481,461.8357311383265,446.020463047027,480.48728537360273,494.81198169871357,463.3586457485145,459.7667160499402,436.78134193395965,410.3874678821081,416.48204681652425,416.87795909133933,433.87861999342493
109,559.0763667281067,541.344096748323,570.9535358142008,572.2129598929874,555.3314041659456,579.5364128331282,547.0235070951599,551.1891635182672,566.7026709703648,551.3011090712948,576.7455433007201,558.5654627357791,582.3566625270008,552.8548099952728,529.0497414260631,520.7186622991966,545.5025481950692,520.6235237539439,546.9042005395409,527.9854074024364,524.6609953040535,514.3524036022771,487.6212394652938,518.7229212316336,514.3954015842885,527.7185898792221,532.9873272457043,533.1074414253587,541.2678750743381,569.1518365085082,583.1037028070958,585.3773083689613,595.5403256155796,600.0,595.3184845240419,600.0,596.0498860114915,600.0,600.0,600.0,600.0,600.0,600.0,577.4633806680288,575.9946726800033,559.0060062293988,524.2506549070531,556.9222851340984,582.3916844637273,583.3505877566222,566.1412479249527,579.6495126388993,575.0855885573942,596.3200558969831,600.0,589.4357825242909,571.5439955677542,555.2607697833873,526.7950069810344,519.3782407360452
110,226.62152003242554,220.0,220.0,220.0,236.25113696505076,220.0,245.61958735171672,226.0976026114834,220.0,220.0,235.06435030255025,220.0,220.66490235964423,220.0,253.97071462653744,227.7476463614343,221.58246122636578,246.1979263897784,228.34001278340688,220.0,241.5949661123513,225.7287421157922,220.0,220.0,220.0,248.6854598680557,258.6123855606012,264.42338419608814,243.53464995645356,257.5308829364581,269.93870799394233,239.17115816871788,265.830415325458,271.3893507305444,291.8620324032471,275.26601745226617,248.80936343500795,262.98083355808285,283.5526215959442,275.57496894929454,242.23342822143633,264.51120994720685,243.9377833903377,232.67001932316188,241.646189867561,220.0,220.0,220.0,249.1647902167619,235.9615823155678,247.207699373767,281.454166805009,293.31572235434504,295.07235806427764,296.5367534104843,287.92095380237294,294.9055297192289,327.0209269874282,347.1840093463099,341.8798725386365
111,346.32903503236264,373.17624210598115,347.6812498998427,372.15221788734385,355.00759118130713,370.10163768562137,391.5370783398595,389.92683454830257,368.3867128782618,392.5204549206281,383.2460390743601,370.69365730813644,371.3947900728772,366.85082695015143,379.66448214286214,354.26832872894875,349.76660451229986,377.1857312980641,344.7101209588449,341.7238042795778,352.9610419265425,380.1008180194815,386.6658539048038,409.3797528915568,389.96812421870686,379.66478475465703,410.61404392962004,437.6323018461081,441.6890106343174,439.9731942799566,436.5479116817687,405.66318799145984,433.12958526841953,455.400050857493,452.3376309884437,436.8984290788069,425.90287152866404,399.5241125397663,415.0493944311669,419.01628439000694,400.40352398774957,409.01391403318786,442.5600290310361,416.12768851436863,413.2216392581416,412.81275672269044,389.4885616903566,391.69917646016864,399.11758455853493,375.1317022758296,350.96237520645093,375.90678530081385,362.70390586771697,371.8272429632211,380.70135826048613,404.4433195512706,421.2359437374772,445.07629407815665,453.84132935370326,450.30333058968284
112,369.5552780989684,361.08736176526895,355.37487861891,329.4265262696739,324.1036122398956,316.36475574407905,283.78477217635526,268.04392504919906,285.67741328101425,291.13360327968803,312.56532805261014,315.5534911592637,340.3393547425324,361.0640517146526,332.9439716246099,366.33441738572935,332.36673866882234,339.1454013238956,359.62120697606895,347.8537967656322,354.7536822264332,345.1022593857546,314.34530763627976,279.9376139725329,251.57795608031608,223.46662766871935,231.22891208628187,233.0394782536578,229.92190926577774,243.35641255794698,220.0,220.0,239.41749119013394,268.1158886463322,263.79945038296296,234.5033289926556,255.41434073864977,282.37627106774113,276.3324900163015,258.3673577907209,226.44537456632708,232.821172098967,261.51203643834197,273.96419822476474,261.17160007739614,271.1737827776938,294.4185712990556,292.72667545351766,315.1090697533664,307.5427471200112,296.93814462171514,302.7473484332139,300.2753976718276,333.6732321041034,334.8204917510757,326.7825337751972,319.4278817941947,322.78367833711286,312.62752099768653,328.23098313523207
113,364.6519125266235,356.5420195833905,364.73014703976685,333.98942812848753,344.8642723965478,345.2123275976559,341.9241555977208,357.27186494727744,375.3497696876177,399.58803012648985,390.82424858371115,378.7168870414478,393.7208341460642,399.4471742858954,408.67328253052256,412.55988602793104,431.64839765220086,409.95125984665157,413.85110913854936,389.91823436460345,383.4258701149729,394.9054377540981,394.42045033609,385.9918579031427,412.9397580022351,432.0375580170586,433.87791296708485,465.381633864369,460.0872041248186,480.252309055986,457.00784584208526,442.01331923982707,430.6793099332039,403.08676262252055,403.2130996778453,381.6713090667,391.0643213281761,369.3707864982874,343.0162245120367,375.8522954439614,386.92911685073886,417.48068088033307,416.7728263198593,384.1109987342955,389.31698066449655,393.40000274299615,359.4482951585577,384.7352382666859,393.1331859098356,410.26156776616585,409.8360451971919,418.12421585077027,401.14710837676694,434.31015212057224,427.3605526489088,403.7234161425429,372.6374954287668,382.16953074474276,416.00612032709466,443.7117351063344
114,486.79973564483714,521.1415906743374,536.7395690172849,525.4871476553826,532.5724169695948,503.15608194358407,483.67385625916194,477.9016727741564,457.0289673235696,488.77403836154156,523.465865233667,514.4313796421836,529.0774086675875,522.6213598140143,497.3870041210488,485.9718834601964,467.3079023702928,455.2733777988122,435.32489598665234,408.1890543207296,388.4090443760985,416.8120366041875,387.7775539085445,375.51051897141093,377.5020115865954,367.3178975190804,368.5503941704025,336.5897983868073,346.98967272231374,351.43318883123794,364.1008274410664,368.80887454897294,364.4621253187694,353.9720332793552,334.8224965863395,334.82723746280243,301.6509091292279,289.6277670961807,302.0788276456978,274.68902042374293,244.09140738610992,254.7439097565055,247.58814023647003,268.71589279492673,299.3276840729194,331.3205158341998,326.11201560679234,309.6149213060446,317.2178830180181,326.1913878329946,334.7555333583074,322.2800363186291,291.7426578678403,271.4429965856322,247.25235654718858,220.9253807520203,250.76521322703042,220.0,227.13004174654253,258.4532074483521
115,356.8201884477686,358.71705468984095,372.4219111331021,359.62378975917886,358.0594288986863,380.2566284219789,397.43152499159737,419.02298379609624,453.13679525003215,444.05971849556465,461.35610690106876,468.55102659820756,480.2133603036913,497.00453364199666,514.4857258282387,541.4878862788761,530.9404035453999,541.6840984732337,526.3044286850136,532.9242380432019,550.5064978552368,570.8765738865517,565.2852890957903,565.8957047198854,554.2651943017976,531.0977385595717,514.333956923049,543.1835472660366,529.8114152346888,563.0445685828814,544.9480345479582,560.5630106716313,565.7362412216598,579.5171446883958,589.5942009510385,600.0,600.0,600.0,569.7494148032797,553.7071952145627,568.2825238431761,567.8677478014732,571.2663865848513,578.0270184614717,569.8110675703916,588.9837543265415,600.0,600.0,600.0,600.0,600.0,600.0,573.3434879073446,582.5806162689152,597.7654744844208,596.1709032512259,581.3454903032115,584.8481119929884,575.3804496133375,600.0
116,355.58111676263684,332.8806062517859,338.22784606336756,330.9473274599934,302.6601975960523,307.1991621659059,309.848410947505,286.97220701182863,293.80687883901766,298.5220070090419,317.67489062195324,307.9847857109377,290.3979523673924,321.9833444553467,326.2685710501419,293.1683681720345,315.6181860598565,294.39125032418235,314.41379255939137,328.77516246030893,361.5921231587299,394.18267427034675,378.39141799624997,397.0428886818893,384.22274468648396,393.26660040455556,400.1088263513771,368.92687244485865,334.28959493333366,303.33307595497035,277.2890192821922,260.32469367653636,288.8115593035157,290.11584657778377,310.898268296639,334.5800909441436,351.0261078454815,343.4230665549215,368.8932241237903,385.8367068562547,402.85730789460837,430.9675107961982,437.8739538682361,439.8741639655884,467.18554299738366,463.9978639688774,485.8078126908964,454.57705792203296,419.6673540339755,421.64782830628053,391.80066087342715,425.1586718151416,390.5437539979275,405.8142285528328,387.85115725786824,420.5797976269122,412.2877131708649,379.1975530093355,346.0830565879503,349.8191926086785
117,594.9505520318869,600.0,588.6091080602486,587.3983635034714,559.4302699093186,560.9826498287398,567.961761762119,550.5360783549114,558.3840888689735,586.3625814877113,551.4294548273549,532.4548190289111,512.1491884615867,485.8212226739546,462.4483075655517,471.26218574112886,443.4507930516738,460.1480056831243,487.23958702221114,517.100727714697,528.313034717076,507.13078346142913,478.1015437492227,459.3432905157127,491.68029352066566,524.0444576432155,515.7787795174995,503.58418739432807,504.28492815246267,489.7030945551807,523.2794661710701,503.76496347279055,494.60495122558433,489.6609125245968,463.4153941402782,455.2131320141873,480.1842824213254,455.0095525232985,460.8910890811316,454.35568874533277,431.2932595735546,397.15679108499904,381.29082232929204,350.61884957815215,341.9926425689236,363.7073324678778,379.0853007293107,410.4021605484344,405.2932397620292,419.8393376634589,431.4132582106003,411.60649943167846,397.8572747979646,399.9453421358078,420.7113544662223,418.0382458786276,398.9801534109145,433.5227517305404,406.6132681752972,438.5254916996902
118,527.4375896035857,551.1601359551354,571.8043667715403,551.3763326628639,560.6570990805308,578.629585952096,595.8275913992117,579.837167337297,557.5155244807547,545.4841333547731,544.0732469811906,549.2378992756479,572.8244246379892,591.6568205773123,600.0,583.4442505059933,581.9658854314393,570.4463966203966,551.891369188934,517.6085444157776,506.37088235572594,489.2990210957494,494.3321839834266,463.69330790328644,447.6296796730005,415.7635439721896,425.66279728813015,430.4360663879339,419.05966800314707,394.37309003363515,426.4274783274466,432.3349496446495,444.87288530469425,447.06729803355586,468.5246253687902,496.27122883715873,488.0609668889928,501.3627387451356,482.4548626633834,493.08471596472606,486.02561006308474,451.5003220211761,483.38727281075955,509.1781809984699,494.53673952269185,529.3797515189921,516.5786887379495,513.6977817900847,538.285913622294,524.6076582152568,521.1454781223819,532.7365798210097,506.8693086550797,501.4338344634999,488.09253007881375,500.466731489351,474.984588793577,456.2757923306426,471.0721265933164,447.00783247400443
119,380.3673196511581,395.2689701976414,413.8517571077418,385.4934396147586,410.13313227412203,425.81119335321966,414.56181456175165,433.02801422486846,449.00893479871456,456.07132065430153,460.16500279271065,476.5942470156816,511.54244013506343,517.0410975871754,538.6513486105328,555.7505088226236,580.6570969649914,600.0,578.515824522257,555.0979990699152,561.1426270589583,557.5932814610136,562.5438699653554,583.406861379341,600.0,594.219107763899,600.0,578.7759431488987,581.1945796037154,547.7209140483518,547.9834537476686,551.1570058864536,567.6381793909368,578.1021147054262,568.1898861068323,533.5910491567508,506.67506031035725,539.7893060565789,569.3526271386503,557.1091485543304,540.2288543490025,535.7779949073051,549.0737969801502,539.0517340662084,508.76230340738925,501.957959878497,485.1991894921972,472.94429027698203,449.35129748209334,460.47010234328866,462.3342676704544,446.29468588112917,450.06505957256604,449.55460887427273,470.27284883389467,502.1917476877088,476.3386833162147,503.2126268397735,517.5484125197166,531.02716069057
120,362.23434091413947,351.30791459668393,316.70267853426014,350.4570197588717,357.9124280249851,351.0754316996599,354.1392492321124,321.97614161885076,299.13170848926757,307.76690323670573,308.76522431455913,328.86046191949345,339.97245025066707,347.0729475692242,369.14154687059613,338.9199642592292,352.2820400094191,367.3733899396502,351.634838417251,330.3303129713686,310.2999862532885,289.16984669352814,290.8346000567798,265.32844185238775,276.47845215174226,248.83393027815612,220.0,220.0,220.0,254.20634387870575,240.41608492191097,220.96057094369692,220.0,220.0,227.40942267321046,247.14559192645024,237.66592926846502,246.48389787146027,245.2280907510174,269.48276498875526,274.3156893898457,259.60810642138273,273.85921442386064,296.26372858547035,293.8445745589479,327.94838128071024,354.4851628241022,333.2719897006866,353.34490075162324,360.4114878561069,362.8482787026553,363.8239797632251,388.56275975799514,396.32385498123654,398.9632739349979,367.38346740806134,363.7646682911604,392.3275776343459,407.14914868846927,375.7159271524
121,555.9170672173962,578.78377271379,582.051667523657,548.6200500864167,552.9901233487827,521.8113568436326,509.2378840182562,518.2615573414479,547.1654732132001,537.2111678213637,562.4128326232054,591.6981033512416,558.1711749832535,539.9311236259307,554.6214845718556,572.600497587424,565.0696771026178,576.0424999967177,583.8936032120602,600.0,600.0,571.0109558593253,547.0884685251297,521.3793688332818,551.6529737222791,580.6009591069883,600.0,573.1702992473172,578.3693021416882,556.4754459679777,547.2623215970939,530.9587109617128,553.9838796658354,529.0954776321845,539.3280194348898,573.2006458992215,586.2944667269759,556.8408109574631,585.3902760948398,595.4058535331116,592.3476221054758,600.0,600.0,598.3989059540675,600.0,596.6713179452568,566.7527177879133,586.8476266728284,560.6964487277571,553.3163494479388,545.3939486404798,529.9968040865515,523.1723028991607,531.4329406259308,518.2300524804706,495.30588811934996,521.1616138548586,554.1198993448581,551.2207670162006,539.1121468803217
122,238.04318955572714,220.0,220.0,250.1169412810676,266.2665393191771,255.71539864013138,288.47864840287565,283.4917016307768,267.867193709002,262.711920839707,242.51994672857526,269.514660642631,259.7967923718693,270.85461988647177,263.0879238043732,291.20912306185056,301.1757756819447,300.35340800163567,274.6034158443294,302.7375822439837,306.0147630230077,290.9684711303069,317.4233535574762,286.23418347508476,273.21956768815477,275.7975557723051,264.5845592953356,262.9559571718557,246.45809483502455,220.56391120032737,220.0,220.0,251.70625598173683,256.98447531530854,256.2116840847651,248.11435283616473,262.7037630550017,237.5919263684282,221.92101710411464,232.83416548057733,231.36867100154328,250.27514872867948,278.07283780564524,300.7089192015912,278.6034591998424,250.0063756867309,226.8672177248843,246.71436613690045,275.6825424013902,305.4639631406602,291.3390683965914,315.1629648575405,317.69945230908723,340.2948816934618,343.6804206600618,318.8929460446001,289.4383146197169,321.44365506437066,316.2498340145812,305.78627915739344
123,355.39517221195797,346.920581015241,378.07035896784464,347.45968008606695,320.7939702028279,341.0695762865573,344.52824068036705,318.5258137376337,285.93802331211725,266.6344276916632,249.89117933138215,220.0,220.0,236.682325586668,261.5626838612582,289.4391919451385,281.73317423018653,269.0921350434356,304.0823944179877,322.9362259824989,325.5508716460277,308.38487193428546,295.8762536362428,296.9517580542999,299.89756243965246,265.8550675388099,298.01307350781315,303.3055108224226,309.54658793106194,289.3495672938293,307.89866980991667,324.50718621634564,296.16824435467913,302.81785041287355,313.89141258596516,337.38118480613656,316.8075673303763,343.2420031068247,340.5456781263564,312.3023314777515,284.6958169835128,263.54212874063467,248.33467815960626,248.08308447179223,265.49566831391144,243.56648145527168,278.05210707023923,254.35864229416111,261.31510003471146,291.34093054570525,314.6164501470831,324.9686942635043,340.0532040388672,314.4475979082427,280.1240116714601,275.51442657668616,246.78075142036738,236.82343075426508,220.0,249.14427056665198
124,554.4212796230619,576.7472790202324,591.7233799092115,567.5084149464934,535.894134780434,546.6662848302625,556.6243544325195,547.4840543653331,545.5721210158249,544.8125781924841,526.6075474847396,513.5992103182706,507.8864791447157,515.1090112385269,547.0163556597444,549.7102783260772,565.8917519941012,587.3818291617899,560.3273976533887,571.0461243821646,569.7938747999743,574.8640407573267,542.5532262611598,570.9883278194768,600.0,565.2437346579228,545.1391461008286,522.7527382604551,542.4440544700446,549.309658607872,526.7230150386433,548.7009819109636,538.444222937366,535.7042042778832,527.8156666503284,529.3122811012145,527.9222539192252,512.1431341055962,506.8620567301651,535.445657219966,535.6482467735132,564.7952955030795,568.304188850337,587.1213993788282,572.6727910550081,593.0017353581167,576.5042482670657,542.8727462820738,519.1237723045123,485.63947355675487,516.9338584891549,551.9322499183935,570.2883683717599,542.857339834371,570.7835220576565,587.8478548862838,576.10497096443,576.2644247910553,587.5875786793931,554.2711119765221
125,410.58554659796016,426.8532269258091,405.0290029585524,401.0943431021057,403.371452145051,419.8610281821973,452.3727879377148,476.7520762980152,485.25836571411173,491.1132129525484,498.33628146763533,501.4987864538195,470.65418807194413,484.5349356931185,499.6785117021907,500.5521370608826,526.4792694390607,538.5498456320281,528.9363716820193,495.3149764339237,464.45629168876127,454.0821700036863,451.4295427675941,428.11052113318385,406.3635025827681,387.47829769732164,407.1142314676607,426.1043803342847,417.9101093132492,394.9756160241569,367.7392029785998,338.8382548219019,331.22780238485797,299.4157727173363,287.7702253161798,320.0775522940594,320.6028753867621,343.1880013652253,317.23661757790325,301.0021323465826,332.2603834646632,324.1090162500449,334.49744524142744,367.8263197828087,371.3814627259602,357.75567917197174,359.9920710886161,328.81667504177625,301.68256622826465,267.18454358192355,294.07924649147384,306.06887651444555,291.9519600737379,272.43325941824924,285.24862149929385,314.6158660342636,300.55560240791135,288.0647400649861,312.8615908285502,340.39789794041286
126,567.3338953953158,552.8546899557845,526.2765696875289,522.0763997274269,507.77994028730956,534.6506069641381,502.21505289038623,511.5866857649253,540.0193813672932,573.3863070437178,583.8954489945809,600.0,570.2961623837547,560.4456466034915,526.0556754163629,559.7385394697202,587.9293929833891,554.8930719207632,521.1623574529468,511.85022204039245,494.94787971575556,519.2331391227307,495.46704735176104,515.812509740821,519.6246887401675,511.0421127385166,486.2424960598531,521.08088747703,529.3399159415376,525.0966722212971,516.0756011799883,544.4765773241481,566.9600038975015,588.7430090832771,596.8769021906446,600.0,585.9494860485449,600.0,593.3113419674324,600.0,600.0,600.0,600.0,600.0,600.0,600.0,600.0,569.5629120571042,557.1476934611746,584.9070572555962,600.0,600.0,600.0,594.0684694742669,587.295361898396,600.0,585.564620423555,598.5028515126231,600.0,600.0
127,341.556524468666,358.48877314734017,330.9430659778483,305.6073870044816,299.82090981661975,268.68671416148703,300.0255966640607,328.1583033997159,296.58366208652495,320.2654826189845,320.88667480528625,335.02407699143475,362.10925884230784,367.49747293774675,340.6403699576708,305.8208726917319,305.60537994933316,337.05162919803837,342.1351602109621,333.24089987713813,300.4054410728021,329.4540002822761,317.35496654233907,331.6893846343958,345.2859887821984,328.05781007801073,297.5222355302615,289.4722620372906,276.6714330058946,290.68938092695737,313.0741556231461,293.64533484056335,295.6215097249143,263.4640940420856,243.46200164742794,261.7853140199737,282.3231964542088,301.671508895835,276.63866364501393,280.2110945678031,274.80068357883994,309.20472435449625,319.98961518857976,350.4537615862808,325.6282829368714,322.18941205388745,341.20194406129826,331.95198502342646,341.2275797541817,342.046731820338,376.48179046559744,353.65286827018184,384.1272769432908,377.2372437095216,374.9967513559322,376.9988832142307,360.5745416745813,393.0305626573368,421.83466702377206,454.93802403856745
128,598.8294374396187,600.0,596.6179847064021,600.0,566.6663414485437,590.074624578489,589.8846462732595,600.0,591.1832242939755,581.9868450646526,549.2070457614147,543.8723058914456,537.4570995707987,518.1924767015637,500.5051058493474,506.3948764803232,493.6388774580884,516.7565110892987,489.55346856929333,494.9886148295464,471.1917457292836,473.1685896137297,476.846801700252,486.80763975705304,481.7273860661556,482.3906140252034,460.05729715089393,457.468371632437,448.58049886903734,460.209676194846,455.64719683960004,475.20111240821547,470.0205593083739,451.524541416551,435.6827517436519,403.8527175000665,406.6470342421302,429.8086961151527,448.6465155923826,444.29177823607563,423.0202030961915,448.4641141270132,417.438786510168,410.38437727434257,435.34743724121915,427.8698053595129,401.1210883125001,384.73755333670584,391.7396142587122,367.38212779733215,378.2276006762971,373.89893586024425,362.30620091768077,344.17098455430227,366.80408356427193,359.57125988671004,376.264808479146,372.0896719637629,343.52037504583745,339.3557933075457
129,412.92135629959034,409.97030984412675,432.1072296665058,460.8668240995179,480.94133136429025,486.73606451905744,489.6375617578998,499.7606838665559,484.9088046173121,506.7380838477201,531.7174562799763,515.4226577027044,543.6199322725099,568.0312229519267,562.7452966757024,591.3753108221946,564.8060403890001,531.7650995336231,521.115777325207,525.6962762431211,515.2972592604218,546.242000617417,529.0717166512771,513.7566542027647,523.1945870809045,488.46505884482406,504.39405250964603,495.816916326167,529.2592670611978,542.6584985732802,511.3135454290442,482.7974920409824,453.96925952567346,485.65281771810953,498.53642560334066,493.46884611356614,472.5026344051683,498.6574166556745,477.76633159266834,492.2338767459756,510.6665820541498,496.29250827402836,496.6365398759733,477.2457896382609,468.7708656601457,501.3302735397463,514.8499359655565,539.1129303988926,541.9549004015644,523.6876823521593,538.5892723188629,538.6290295742025,516.0084503416966,509.87854261497137,519.3173579461128,535.7905879138694,517.8160436261941,544.1358573806473,535.7044348758748,519.6840051283672
130,294.14562107241545,315.4376144806236,305.22913472824797,304.0670666804034,284.6644543298747,297.6908293116999,317.36316784036944,306.12293526710334,337.2784922431015,304.421234912318,278.72725214150086,284.9423443507352,299.0408246941218,281.58863395975595,285.37361074215033,272.66064803514723,276.44689522865855,287.59983267215625,320.69639642199024,317.5951766234731,327.97029944246975,333.43304679686497,320.6618893689951,303.3763785878355,337.52732910996616,317.0069944290722,337.3262631242688,312.5873804957221,333.8919693510096,311.892960360278,344.5939254414097,357.6130614016259,328.9213384589339,342.4437368210647,349.69719021577333,338.3254274843504,321.57694732732045,336.8902020496911,353.7854981561817,341.68990758285923,368.0258053416245,351.8437106638189,321.73422048205566,328.72496961998615,301.2199097181993,285.58639421685325,286.0894417302439,271.1346152952547,251.18435926465781,265.4073383080536,268.69729220621434,292.48057958373397,298.1673512096174,297.00865603378185,280.296600646537,300.74121190292783,279.52218250243357,261.4781712705548,285.3893730432697,302.27284984431446
131,452.8919258122178,420.6163629672779,394.52439624720876,394.5214184603414,411.76514310414376,409.2522035975714,375.46271530660624,353.36161521328376,359.57528418669904,373.1704783648584,340.51046025469174,308.54368299692675,291.83539107887214,262.68050975593167,265.6167460094672,239.27588474643483,249.6512381895344,269.0570105410655,301.99317700371296,333.38166431835293,317.5172248348224,284.5758970184445,272.6347521462682,287.22836045615395,256.4144451052317,246.59433114223174,232.45674947051523,220.0,234.42915283112205,245.56594318282822,248.05052976523226,276.80475454294407,249.02447423406315,224.5027199475323,220.0,230.91174363040304,236.7972940875819,220.0,252.0897362622527,238.4442734145501,228.57235637936668,237.22644231240633,268.38802853458776,279.7762052718168,311.6103383401561,289.7417166575896,298.0584116856951,321.079934117035,321.7116468948743,312.06380420292817,345.99690130515955,320.8660151329258,314.63108205993177,340.76724473917795,368.80089699459245,402.42764410377663,429.3669755622833,397.93396733940216,428.01762231332634,422.9893257118013
132,467.6152912335011,460.2146020751995,482.1713674381479,487.48571678074154,511.67384175952185,490.2378447659756,468.1866613988187,464.0130375097538,429.3456456571275,442.84535249986556,428.56911344642634,432.5800676814378,402.4803169136971,379.4254220704857,388.025563972021,374.42194786979405,354.45248385078844,335.4717389073322,315.5090944381169,324.10866089825527,300.8470459111173,291.2364910537096,304.38857164525126,305.34554565958683,312.1552066138707,294.7186951763331,325.0087362978975,318.980283680041,304.0677592429044,332.37059212699745,343.2408651955045,351.21707561519605,378.28850126682784,347.38632130582477,371.0238871463554,383.4743926477124,373.67388828232146,356.6184822589913,328.95489525070036,359.83008716796866,334.7639344010362,317.9246319021981,331.30213447206097,346.01280512408044,322.266614446262,344.2557956998559,344.9759045422013,369.3678720102589,340.47784929958704,308.4759492361453,318.0652759407498,293.566941738437,295.313374939768,261.3009880896836,280.8960363280576,308.86314824055273,332.5849415780529,364.6696384985822,392.88634132469747,388.96760260502305
133,371.37231920858574,399.1051759665937,428.9908916415996,462.0894080238622,480.871614462857,460.01083255875363,491.1576220865042,522.4575247636395,534.0867202375475,559.0963388820114,563.3786883634881,594.4675745423087,566.0431223037551,591.520581057689,560.4058350902887,549.1433287455502,523.6161237286185,522.1555802010223,503.4128112604952,535.0578778138749,539.2103711696136,567.0515227108743,551.5156155444549,518.3340447407141,537.6298949985887,551.7963311966267,554.9807463938203,577.0547374748651,600.0,600.0,600.0,600.0,600.0,590.2995254791052,555.4576259811058,537.3236131536983,555.7980486307224,570.4890364413246,558.6605865794312,567.4513947971219,546.1215183602415,529.5754587090745,560.8940252822492,554.8166653877408,536.9657969886607,536.0633742673901,528.1544858525058,544.2215184669432,576.5696459213049,582.9912656333433,589.3715687189274,579.9099388295712,584.4341040678419,571.7871247149416,536.8635699168055,562.4903020182995,557.5513880048189,556.9975819585987,527.8426460384137,551.4403819767912
134,284.72808674348437,278.4715678583865,302.2901561528582,299.33496196780453,329.515625450457,309.16762668990526,324.23392478673924,357.69382143606015,361.1667760414819,374.6196489465614,367.14551511863203,384.7391288994149,413.3603128560759,427.57420254961295,458.0892123462815,464.2948979857432,469.6945188173106,456.0184359849515,470.69236036641655,497.4290368893474,507.6711727183726,488.9839181602734,492.07155619079145,509.9871753773905,540.7426074184832,516.704330884922,490.62912725258127,484.53517436888467,458.3279562312674,491.9579801066257,486.65928581640486,489.0120221511582,469.9081668416522,466.34699548923726,500.27557092952264,499.4836715252105,465.10134633152455,447.0782734490687,480.570111582564,514.8048375213152,494.5393538053346,502.6078399544043,472.9914230897833,478.41233806090736,452.22678716495795,474.533093819944,505.3033429521011,482.41241951556486,479.80227131720255,451.94528121042697,440.6850817055352,410.241924538772,393.7601814999919,428.075838196243,396.1980669087411,421.32584998204806,391.7475304248354,393.7773156030506,390.42570107296484,420.63452727441
135,295.638947668334,273.2166887449085,290.62667494465677,306.4270380616815,320.36976199617743,287.19866012824406,270.3958381989877,294.18850064878865,301.2485691507627,308.4022136020154,294.11637598035225,277.3284921793386,308.5873343406164,324.53020386034126,298.4108321064699,329.0503180565334,334.81622868379725,323.1515943707934,315.9513556187653,331.7296713434486,323.0687569614745,328.580892899777,343.3158576651653,321.9921074765828,353.0890115135613,343.02110551403996,337.37733850942396,351.2733442601714,358.8883005173149,354.69668910305745,365.17863192411284,393.376613454156,414.3964666193353,437.0945973161694,420.1831859158813,414.54142036671595,418.3087602825001,386.4021176238039,405.2875702502166,392.93000995927287,377.7117354221439,360.86217607707414,345.69872465647865,334.3597629075269,341.69748197285804,347.54705450586243,330.4468772579937,309.8965766181183,332.74164992311324,304.2322835604589,305.1298824445238,306.5691436377731,311.7587201145866,338.7542282280861,347.42820403471984,380.5825676720815,406.57728350649245,386.6091016705973,368.4919333863684,357.6261229004303
136,368.7754777304499,372.48513615198857,353.76102045473226,334.3251831326959,326.02248014846145,338.0640980733541,351.2328909900873,384.5610627929076,363.73014316743456,356.2302837974232,388.75770865315747,402.0583206397461,408.51781737728743,411.2930409753817,381.57876758491966,409.1149342020334,417.90029928109095,422.91701783605333,425.6820418685823,418.1160363810601,400.94256477632257,418.81510374973647,419.4848299930528,386.86059725329824,379.79721223734964,409.79946691294793,400.97208622080836,394.89839677559854,403.575675389451,424.6929116565628,436.48518989589263,460.9890210744989,433.9669621673478,463.6884408996532,491.9629761684502,493.30337722944137,502.0353338745455,481.9322473886436,478.2885680473408,457.47780331172766,424.016170837599,457.6793856064927,440.81964170620705,447.3372233290555,433.3547501767059,424.29826359143635,417.1415726921956,405.59484388492865,415.21282703872413,447.47836597292655,442.48279147336285,475.6156621571614,487.36146877129624,494.8610024227669,476.45827204869147,445.8627214616481,470.4981553820761,475.6768298581749,469.6858002279167,491.5235127741105
137,338.02054537938113,357.87375329689525,345.83122177530106,375.2929048235925,359.0505860355687,333.6793742657887,347.5461438502475,323.9454515647815,355.4008650850105,366.2897229522311,347.4499692421479,327.06729464212793,356.73854738055746,364.2886012800498,391.850121747119,364.5658860863267,394.343339776869,395.7467916164552,407.53632575964974,398.6376087675394,367.77743130794727,399.83550220187533,434.4573852394691,424.9756646527001,456.0464197353387,432.7872601026482,408.61517157874846,378.73300037939043,371.121858910281,339.78301642299294,332.4090196958957,307.0963497013725,323.2332953914795,346.56868084502804,359.7157607907682,338.7503514612991,357.429724964856,339.8947387571853,358.0589405449822,362.77677078772956,353.44664692811426,324.2911133892383,347.21677907573013,377.9924835316059,389.6067281316505,422.12463780019124,452.5124371332006,431.13502518946336,447.3198895913383,436.7712269519769,435.89744219157075,411.88502237199,445.11958233602564,460.9491991513742,444.632780825542,435.63579913730433,430.20960401531926,447.5369647053881,477.33577337925897,464.83658268817896
138,399.55003354655946,406.07456364498853,398.6086431130106,398.9013357486086,371.3008697800157,348.03807692042733,341.11516492583746,370.16089574977616,359.6159589519005,342.10145555425146,359.10181101370074,390.5409226390634,387.6795758335117,353.2819227232145,366.4523759265078,360.5066320396379,372.661819602773,357.1019757108172,322.2705457780046,311.3852810901968,325.72074507310276,318.238674883746,298.58086465947184,296.06134514885895,313.72574177974593,287.08605785520734,300.5087002104727,312.22278187674897,303.17443345470394,336.09796685126855,363.72733781489313,350.858641471038,318.03501800860704,304.6163544807624,283.94689045863544,287.2545244419669,316.56663392471773,342.49025962734424,328.8983005238821,323.9001278727767,291.4580818083463,294.5495273437868,263.9852859473378,294.68771758337476,320.3730860230338,300.366219873659,314.3220274640022,319.0834542343355,340.1784941104683,338.4741415830747,316.89817952967917,326.68721753827737,297.3068404279935,303.22799980978306,283.1173361922951,296.06288679094433,319.0259081119119,291.692639161657,284.7114378120584,301.0579489563782
139,282.20716337716624,286.86382027966613,298.8925490109667,288.7281015177235,311.96686071190555,312.7129336651755,321.6025724610112,296.4636682303457,263.08488044763254,231.63728040538157,259.9116907792567,286.69665767663423,308.2280584179632,287.2009048044035,288.9830104408687,309.7112074792549,321.9380501671591,295.02453372447474,322.7124177113444,298.9601852058018,275.98588374473525,304.05648778668484,302.97967352330096,294.08210134025364,297.8380733011176,331.5358865993654,304.9100184662384,322.89643788168297,311.2992482387719,284.49269719810553,279.02803207281124,282.4407335135802,261.8580481545505,255.22691029131266,264.724232074373,270.07559345478853,285.6968350386281,309.24515234424615,302.88497556810233,297.49268485045826,297.261134262319,301.9058707490102,274.4884579456626,261.3729327392968,238.4053584156885,230.4150517797777,263.54983685996024,269.3410038276288,264.3977102220671,269.0132928877267,280.8486517676293,276.29539419795736,272.63508049565945,286.73315955237905,255.99354037677813,258.7991801569622,262.1121270122013,280.084785291188,313.86991795475404,334.5727530298306
140,411.4396728071779,388.3013953796804,394.47966339400233,417.8805854638903,448.1495699190636,470.9212964836506,449.14909892903006,464.02940943348324,490.64025575749224,503.3114434213805,516.3140862863555,516.325446323931,525.9137818727164,511.52043221832787,482.73713829333,505.67718162550807,536.6972831429141,561.6748466193002,550.0487953839564,521.5959059755114,506.20559310970987,530.2040694164028,541.1110849507279,573.7796820379335,562.7673533285308,566.3704017489458,586.6730772636217,568.0525132548486,600.0,600.0,565.5528294323757,532.3135587263365,559.0686798744482,569.2383868177236,587.6534631521939,600.0,594.4321843375543,600.0,600.0,577.0519775438735,595.5415255118149,582.0869660449044,569.5914762586742,563.4843158312212,588.9446822247872,555.4886069364907,550.8634414132091,563.4667768830581,536.1958589628346,556.6536107540537,587.5867926068685,558.952230082257,534.6585997304185,567.8454054766527,546.6953003316546,517.2210776308789,548.8745551785919,576.3581448652548,587.258927956574,590.8590928667027
141,569.3084245950528,580.1948298528523,591.2825960049072,600.0,600.0,600.0,592.2805048528913,592.4998773482782,594.0733827843818,584.3316144626594,580.6999030912837,600.0,594.1559358073122,560.9451194717923,545.7564719959618,526.9784024823806,547.5291433106183,543.979657403645,528.6013954161043,550.350737285018,516.6959136039809,493.89347259516614,516.7803099528721,520.3259308891003,539.4814151096639,563.1537361430093,594.091180344207,563.5309022954407,584.4773343263337,599.0909647017221,578.5827567490812,600.0,593.2941316214475,600.0,600.0,600.0,576.1666753727186,600.0,600.0,565.4264683847772,531.7063862596971,551.1406686109603,527.4762133474476,534.3879038414177,547.0636411767963,531.6192326831911,536.4711992719899,518.2893114912251,549.5313914069817,574.7433023514234,559.9062977562462,561.92331212277,561.9676121235434,594.1692401800486,586.7512547929184,591.1071836164281,600.0,576.3967735823591,579.9307658118428,552.3278702371708
142,454.6495940910302,445.24741832812055,477.9819434506926,472.06058613108945,446.59372075900893,469.9737180239972,492.4343864236012,506.07455979159613,523.4913859234921,507.0214511617506,516.9651961913453,484.6265871757228,463.40889724802526,493.66845857674133,510.41492937252747,491.5620072417755,464.3588235081257,495.7831846489208,468.6363212731301,451.6312246364374,429.4156041463994,394.93807157522315,381.92750576208624,415.1200267739996,404.05325818065455,404.3545997433987,421.5701046179234,425.1457117634685,442.19711728233,453.51162805566605,461.1110396655971,471.5864631704193,492.5279685158969,507.24136615197415,527.6656106013376,502.85744528118477,515.2946065709226,531.8861404337099,517.8837907084883,544.104203657518,530.4340158887071,512.502264245062,538.1990413286977,520.4904299968476,514.5756023670737,505.330200469651,533.19452804873,530.0610297288875,543.6626550596227,564.2453783846908,573.1986290369931,600.0,600.0,593.0144639372404,600.0,600.0,566.5804126061428,549.7813421818455,558.3024132744541,534.2794564371648
143,441.9458570594174,432.2577186209445,434.6647022250237,399.7959415761514,424.18543640296025,414.5202205472472,389.3313109467039,384.98542093705953,384.01783148127794,393.63602121601116,395.3553920406707,363.4020427853651,389.4079053308086,386.36353055589586,356.7526746332065,375.85065119024944,387.0614605050642,397.5221045989097,392.406084720399,386.1408791038682,388.6845836509822,357.2261925539194,343.15323604917387,377.30582819854,388.6593024375053,382.9846940167178,363.5501112225495,380.71476655556586,363.9350882349993,340.30099550423995,316.11703852064005,332.1654680621713,342.16218586238153,312.0486128183677,285.1016098937219,294.4708906084723,299.4490177395234,312.46895196555033,289.93167555097864,305.7928289861803,336.3195816993188,343.3931037167997,322.12220509179457,334.690274961682,323.7059928099065,292.156135056907,278.31984373158184,306.7108008680911,300.49055328040936,326.01712694258583,326.62328098918124,327.81174021635326,293.17688269089587,302.7741678211239,275.3211369732533,273.8335260009971,257.055705897064,249.52251350511605,252.1179284017921,220.0
144,328.1417616432167,362.41459704364723,331.4325358510864,318.7900800221022,306.28958326962754,297.8465977349209,310.7812620258851,293.1233279336926,290.3421820232163,300.4826317028878,288.045175785889,319.45925642111683,353.0363408671045,326.4134906052303,315.48088251328704,295.0389273997403,273.11419908873836,272.4827877724179,276.9506853418594,271.74632818369133,255.8251693005066,240.32867949826135,274.77765044211253,304.43506662143005,274.74798549068504,285.70653113041385,282.6879636543529,295.90495045829425,302.692199846133,329.93986785190225,299.62904985212,289.1009036961594,323.0854925004503,300.8454669297935,274.7588076952588,290.78684811529905,310.2073093165215,322.2664576537477,341.6001656669425,355.1606757134645,329.6646234737069,337.2401562972024,356.62152407636967,382.2076865190824,364.444153506942,338.3643067726397,358.04063782342024,340.99902197591683,308.23408545837896,330.99903491383026,331.41841428059047,319.28273355058,285.0827709167885,252.55569204634483,273.03932098556544,272.31873293310593,247.79927638385814,237.8946702912894,220.0,220.0
145,324.9969718561746,328.4625701785424,308.1630327253983,297.220008415332,295.6751702922842,290.07725203510483,264.0811979735951,231.8017924611073,220.0,220.0,235.31614549761258,220.0,240.0886081455098,255.18580979747838,220.46185415947116,220.0,220.0,220.0,222.1940173689214,220.0,241.18520865967784,240.69255348588456,256.64935915295797,274.19853771846687,274.67201349538317,304.4474148331258,338.76426900299737,328.9092970240156,302.71978684146194,293.1464593468126,273.7812321378115,275.951628832134,267.4387609198021,266.0702199198775,284.49335024519763,268.6748184631273,271.2980491879081,259.7593366409163,279.7065971293626,289.47416139790136,255.0694925336441,266.2730864110094,243.18442697567014,258.8975922898829,263.61129896906493,256.71508640968716,270.2997364541952,295.26126646500984,314.773326435355,317.9498757953885,333.53847821355555,327.5124970210483,347.74432553046734,370.7779579440646,345.38852652541254,327.0507216969888,310.94993331142985,287.57565364017626,280.0531041229957,258.56542892446856
146,446.3049381521116,418.4180191549447,402.31235986681764,413.8988050830626,406.796963702397,401.2993556321356,422.15412333922285,456.0699320695919,460.62467689738685,431.1593788998394,403.3625870954939,436.157637637553,448.70408152994605,466.3769198133134,478.6803828513013,456.25361496996203,452.6389662276954,473.50459686105097,499.1500042669961,480.76349029924216,487.4808156576096,463.4779488493013,495.5573299678239,478.211630197298,494.0760891995708,475.2539952954506,483.3777712969485,494.5262727885344,482.5162400303671,504.8346106101907,531.8105734875122,556.6654686052918,544.821343967822,561.9251620987078,566.0895149395535,572.5734976539943,570.9932536220866,578.0115339799077,552.5073250424101,546.126631360632,523.5636546997882,508.17104186778806,482.11805938233744,461.99275174787886,481.72779965301896,485.21635200545586,451.8713703013123,472.0680841674604,500.73087188252475,527.3609211873094,549.9721029884419,584.4272539845074,590.4753908721627,600.0,600.0,586.9267111352408,600.0,600.0,600.0,600.0
147,365.9922037697169,358.99605138183364,368.79971302608817,385.44603067309214,412.0276278591252,438.3368003052749,453.8305740123131,485.8130684598197,463.31707178605666,494.8408610886627,464.3342648310162,468.22779651445046,439.54158350501905,444.3016517688886,436.6093316407889,407.321991845956,417.6901681976492,433.87402817124814,411.0670071246468,424.67757747626064,402.2109059166019,376.82865736867126,352.14408602540345,359.0795788522069,378.5949354210691,385.37749452423606,407.0320962355132,413.43551011043905,434.2479974248331,467.60457250416414,459.97175906193985,435.4677114468225,409.9454882661695,416.76892003213135,420.0661346420053,397.96261113994746,424.7099585266846,456.6823443184778,439.40743933570894,418.8892444987836,398.86377416031195,390.9832812387071,415.70918350963336,422.42642620551163,392.15516642679853,390.2637023888432,361.5869202008097,355.0219081814005,348.26831814263267,358.65300474230787,362.1147824297249,388.34761719346096,354.486879980044,373.6667975266695,340.2528813935784,326.55316938692397,353.1295890594934,366.45858107689196,343.498348562522,342.85326665035797
148,494.3235887716346,524.9376212654016,534.3401052106759,501.06738401098085,501.0465141897207,476.75382893167864,445.09839746492315,451.99414189263405,471.37867506836375,438.90291395311203,458.7541629206984,473.201314507504,490.84039667928926,472.9713827693883,465.5230646539283,438.90562255843366,420.6279890748463,406.82326607826644,394.1838308458415,371.4366230126183,349.64644887759835,377.7493768630496,397.621929900142,386.73536914454263,418.0704169082099,399.79500680367255,393.2724385451761,415.219210345596,411.2212562598499,392.6450288634201,383.4425115969243,383.492986663152,391.9380935193756,385.33054849008226,380.52185166848045,363.9979045645802,366.47221545379904,346.8341518176673,372.5609870852326,389.8766820038737,383.59621119286663,400.90216048516595,366.39187641182207,355.50612199678983,351.327202367065,349.21309789526384,366.62430133498754,399.02082126430753,390.6206203953037,380.16260986225495,387.8986757228827,372.5864287162932,347.48095208335644,379.78881301781036,401.4559099944419,433.5508787061309,413.79918021400505,380.045825261882,375.65413556354946,406.00676297296013
149,272.5636287712684,245.76661536969027,220.0,238.55125992523824,258.566117293586,272.24244119002844,240.97287034859198,256.60305385565624,253.00707044797434,229.05967998353668,220.0,220.08027879530727,220.0,252.88244587191147,251.11436779141542,242.16490350906548,254.28648353682806,264.8246375167421,229.9953871451108,238.2885460261628,220.35237425999517,220.0,234.4444223514391,238.4614578221878,229.2673179130446,220.0,220.38375310734273,220.0,248.90494658856525,251.3092114087988,276.92669100072766,269.23936299457347,292.1599644597307,261.1175476117762,246.98587940153726,220.0,220.0,249.32035717261832,264.5011692805959,273.25887379338883,275.5333704522171,280.40215298739605,290.1104796844478,312.971065316255,319.753264221942,337.15391763970376,321.8223812677852,355.19570291493824,322.42850750553026,314.48886917494235,341.23233778020165,318.868945168235,293.76261167359104,284.342765356585,279.31639439276296,309.6539786390839,333.18234606870135,330.66862070703735,363.77687776874956,373.73636605988406
150,551.9903181531187,534.2143067871964,533.4417919881952,500.5219969231455,466.1436104517969,480.52533591755946,453.8058894901515,457.15246608790875,470.87298984261014,438.1294108786849,434.5413088188826,447.43194440789136,474.7131135577309,460.65922059984683,493.85437767774994,517.9722826539288,528.5167376996586,520.9515232068878,535.7292495408527,557.8627783757775,544.0937696178364,578.5918741613284,600.0,598.9851008240046,600.0,600.0,600.0,600.0,566.625578860993,537.1648209400385,525.7175400514093,554.9504943356737,547.829645155711,574.9555002198457,572.3258741040684,557.5455785258785,585.5907413402531,589.8376951645605,580.0715958166634,548.1800860706105,520.9454053419862,495.69712827689335,486.2356686056358,493.7489755077399,480.280283517275,449.867217880811,433.4038294930243,427.01154505599703,461.4704400630601,453.9795233956258,425.2232027079469,430.90123972112224,460.2760448049625,480.344743725285,503.88002536839156,533.8562510955546,543.4142963325423,578.0588874782873,545.3885973698629,568.8273746999122
151,545.6640544184595,574.8330817717971,573.3049438063065,593.4478584597484,572.103486398231,579.322602160706,569.4277628261483,576.1599183724866,588.4491538735676,577.7439605458002,557.8806414970012,545.3987951171546,556.8758022746756,569.2569986317724,586.1491841534593,560.0067467535487,582.302964071361,595.4733101792278,562.6086655475726,551.1005150080262,548.7703029214796,539.0135272485567,512.2327094231456,491.7469493384961,458.4662469822054,429.9816482768848,413.62265651760293,436.0205751121041,437.8852008077081,432.6000531560855,443.9514592331839,446.8571984559343,421.0631733288281,401.6468087965214,382.22337406586394,389.2200499487279,386.5337555819821,378.6647099612419,382.62945206296706,415.5375570677461,402.5310989916575,403.94477934600366,402.5706804410918,417.73569266330094,433.85601142210504,449.8909619210179,428.99733251673,425.43385206201316,447.2160804340528,438.92319237189787,472.8210505821929,463.3561225076469,463.19280042158465,461.40959205776295,456.76605823060993,480.96025401298346,456.8295206413444,461.5660500903232,469.86816050520287,494.4536520700588
152,451.4960607719212,483.6974851170658,509.74922497533083,499.16102136002206,524.3544725303805,556.4479195169224,539.4517221816435,547.1663386481521,531.8926125121016,542.3623220478568,513.9173183661483,530.3104798969823,524.6978678986563,530.8093704060069,497.6197385826518,511.3006404473748,511.02003523684186,519.7876057749908,506.88436384132297,482.091775980822,477.57180192055193,508.6503404105974,489.59592227636375,501.9046531188314,470.3937012012493,485.6606861699343,467.35128924603885,463.9574834620921,454.7002005037263,427.59902453594117,416.7897612117655,406.2985082922885,407.84590302437107,440.91051033017015,438.8117369059143,467.82156780019864,465.1306038995775,437.6586349608233,418.7693376301391,412.2955749541711,400.07138906208405,425.67943918935845,438.184631343117,443.6662229774241,443.05229156399247,435.86123484422717,443.71470563246794,417.4372072135746,393.814530388758,380.032675126527,357.0155982788022,369.41250861053936,336.1462911089765,312.358715525649,340.54128319056525,375.36930356611134,374.5006370140778,374.1765421256009,393.3144554822216,360.84772591566184
153,382.2681631223717,354.25611484941885,347.3209616353729,381.1884905143941,398.9428201706294,432.89603146859463,450.11943526553677,457.68714029199793,475.48259859690495,486.6190157048739,484.10363779800747,469.58188117837216,470.994345331777,454.08888850487716,453.1562327558273,428.38571117030335,432.9633680982062,415.13322645505355,400.68579373096344,400.61776365573064,376.9946013672413,409.3611932217556,405.64729529925694,395.3068413731295,362.35060372961016,386.37840914746647,395.1867832189134,389.3351440578042,371.5224400114975,388.68205931877446,419.8652796206912,411.5219590163326,385.9632838028788,358.6069161119704,324.0522541753424,341.12913502936294,374.8268120424799,409.32405473522965,429.21786253923443,405.5707270199575,439.010388933876,426.9573299440126,415.31070260849066,428.4242893109614,396.857732406173,419.6616134997021,454.4724228538442,473.7273073201384,493.4446617046517,485.76661864431026,455.38111587540624,475.86783627181586,482.6689023551519,511.3226105936978,484.44001360537607,470.7986280219636,461.0445587826007,473.8741383807291,494.01629979794996,526.2877283988594
154,332.2547201631787,331.809268762676,298.8365338683669,281.5456853359891,272.7259309043639,279.2923653611453,277.2515499130875,267.76480409747734,276.45026175453125,299.4533591527213,281.37103846165655,270.3723500098854,284.7170054879768,304.1728474010739,326.9506284224992,306.60381374529123,309.3525010324003,337.3532779291702,329.7898097855746,324.8816261010835,358.8192321741315,331.7329173964069,346.1250566587214,370.6379455515838,346.193491715965,361.20521823647164,359.0868937772026,383.7892557044276,412.310917882941,438.3848611037611,407.891820734292,425.87169011134023,455.3786203603483,463.8730112073135,470.9343354408078,439.08471255867556,464.00702411309123,432.25527337113255,419.2009458180597,449.0113603881648,480.49352037923063,514.9265582125452,513.2747182054472,490.694786452118,489.8509005301539,462.0128052859674,488.09033291386527,492.3279392425206,485.6433521841935,456.2105013578498,449.5773487350139,475.21076132232156,489.44917659572644,460.2210628214941,436.4145668023264,428.87616115185176,400.9724169398661,431.3553003793951,442.0157435035564,413.65335359483254
155,519.4618357045752,510.2502507046112,492.39119582333666,497.29014175911504,463.2261910775529,460.8040272848508,484.8703768015127,514.8344085205025,503.8132378296533,513.7837990012064,494.6614396870247,498.87635465595434,481.65829548667756,486.65325109059927,463.6737993011254,494.5600782743775,521.644301622888,510.2285790843067,529.5949813090527,501.2802704603064,518.1055340696861,502.87767314257536,477.37259694988575,489.8459822031387,487.732459450496,489.84223157162705,491.2793164612815,460.4406752087029,429.0372926451903,436.1190179215571,444.78954288643627,413.0917618424943,404.58251507464155,412.4821046438715,423.4497505465868,446.4290536959454,440.8803135477271,444.2583582280149,449.7575845206321,436.6007543516545,405.3685325225673,370.6643473569246,394.19312648522134,373.2093540617884,382.3271805529279,387.7205040580023,380.6948194298386,404.03935103888296,417.9274627374195,384.5193651781616,403.8879503131295,404.3778675732529,393.66921780905216,409.5511437648696,422.57573784010845,409.3169144909349,443.1296354957866,453.53922956560933,460.9438094373819,430.8354348811059
156,326.14113653100026,322.42931669385115,331.5731159955285,332.46657014665493,350.87887548965233,334.25861536240546,348.40960503217934,370.5713983145607,389.12489660536744,408.0841575265298,435.2796515348814,406.17214950851564,419.97555950470286,452.7830335828551,457.9385790740728,438.15072091298026,473.06348731717515,450.29089781467866,438.7799366309188,415.82428982012055,413.3401906326253,407.66151130539237,407.04837406113245,437.00721206501254,435.4899190734083,436.5137619083634,463.5815093226562,485.82456890369446,467.60511108947554,433.5099279554951,442.57489940963865,466.7143870782651,470.4138949609931,450.19627936189227,467.0911357091637,478.9588854919526,483.5111631105513,508.9446952920202,528.8416599977525,540.5983063973471,552.1314132289724,563.4855976298517,565.2471297740111,562.7216448990804,577.3936770639907,585.1282907669068,584.4269301279448,558.2932249017177,572.4282401074394,582.648140047897,571.6055298660422,561.5481515010975,543.8187183905652,576.1527863361165,600.0,600.0,593.115720259096,600.0,600.0,600.0
157,240.94659329041872,220.0,224.80277125813615,220.0,227.30129144851347,247.00090344681587,221.66858672975695,220.0,233.20669584145486,256.57714578856286,256.32123209110785,235.75198317452936,241.75793106552368,238.57412587627365,257.60890576658767,261.49923026079404,246.0588294087242,263.8663337892074,265.10862469654455,242.5368833560275,246.9519459759671,278.3343501651782,292.7204884308197,278.63672373287824,293.3978460033783,278.1802877735308,281.1685064014191,283.0302098665478,265.34757139037407,254.69925538196134,285.65195721698456,268.19385476606493,289.26574782023397,300.9816884210838,303.2657276978873,277.8917685604488,257.2117212498952,234.7401549012235,240.81575302938614,273.9525767996796,300.35932519392924,267.1269569989996,251.28782071136388,227.29584283695544,260.59329176980856,242.08600819165562,221.1779311443712,229.63920169512934,233.5722625453644,220.0,231.92554051760695,220.0,220.0,220.0,220.0,253.25114295123723,256.5584328678927,274.3892600789754,261.8939627351845,277.24769731901756
158,587.1488552864959,577.1921176062395,600.0,600.0,600.0,582.6517067193705,592.6680605617775,593.4384981641446,600.0,600.0,592.7670819247554,600.0,600.0,600.0,570.7482536152678,547.0035704614354,517.3847675886014,489.9442856140357,523.3309518215511,503.1826627666818,516.5424835305282,526.0994615683221,535.2796021080323,514.7488820797545,520.3031436866771,529.0908281576237,534.0192003227814,512.050573032079,527.6648148273086,497.7918361614644,504.17583698883794,499.7139902569299,482.23405177624505,503.7512810080748,481.06376067512764,511.3724838679842,538.2920358504673,528.5331641518131,514.8938693119146,489.5179371512378,518.6608842666147,527.5881143842438,494.812965134282,495.5829241535948,466.58885050165185,471.75139844835076,472.37871873080763,443.1779419159982,465.2881834341723,448.65038583581173,451.55429132748066,461.2870126916181,493.6483300418797,493.21514854346896,522.4272526036236,512.2672664979625,537.2878706134621,518.7957065000613,533.3192898705406,504.5221294333904
159,594.6991355397905,600.0,595.9549546962164,597.6304199555342,600.0,584.252629178277,596.4656296426383,600.0,600.0,575.3418484739652,600.0,573.0531557641931,582.0952075739289,554.3114093366117,529.5384589759163,495.9761409579344,486.4116268279075,496.1824063374502,497.6905017187512,509.9082423061452,522.159562567112,496.97172464670865,465.98534288622875,474.76041271665565,485.4861140649226,489.45537552484194,471.6587481675269,493.41231335628464,463.7103344410226,472.97215969351777,446.4009672050738,457.2123073553999,451.4531125030447,466.72032638368165,435.3737805570671,439.22958975069287,414.3710426722984,427.1377568850316,400.53465107684934,370.68548368348416,385.60407955633707,355.0513149761168,335.76847223132296,358.49993603012,380.17811757669585,404.9669206213502,392.7939128925602,394.75727490507484,413.89158958750545,388.4805756382811,404.1879371833814,376.0119816410072,404.93952424488793,414.55123702070176,414.0826089089847,413.0136567356862,390.70900008482994,379.9232161566557,395.82187272885614,398.6879261886633
160,421.1363575580999,399.80357017629046,413.12893201304837,405.57130508734286,383.36403877804025,414.4289713897833,414.9048836703757,416.86744899624125,450.5634827112777,441.2119123132122,472.2233602325837,485.8681355120673,495.1848298042033,476.5941109401769,445.2170080073222,440.8618766872819,406.57384402698267,376.54401978090954,383.21689267951564,398.92992099462754,375.68630422932694,391.9613331164911,423.44214097812375,440.4644666289575,460.3945319992098,474.4444126179958,455.17603344982837,445.4383294007369,476.8870167946241,488.1717573225324,508.40348869791745,541.2121120170449,522.4126964529315,509.93076316579027,520.0668788642053,486.77190202908577,491.75723744244516,513.3654240084601,521.0964601761489,506.7739900488766,522.461275882401,497.68348960999714,525.3176324594933,497.38168463232523,522.8260639956957,522.6727239372319,517.6780141813781,517.7243374216583,496.73877863816284,493.7767692072798,518.2571563201859,539.3240232755019,515.737420689895,527.8768891589293,552.8554977065091,575.2392289098258,570.0334999406285,538.3999987648566,568.581858373019,561.2938164823834
161,357.17112215741065,375.3371682709276,358.81522335536914,382.2475779770796,352.57118723443165,369.4209712845664,402.02623561547364,436.7300513966658,466.39635660115744,492.3497249795991,476.8713406916402,509.5367260757237,539.4894876427284,541.8955631344915,535.040998942049,507.6897066911222,514.034092138881,528.0723085354348,521.3520693581418,514.774138602279,519.9059359522803,486.8508226657816,518.9014354128541,504.19483490962375,479.0571952334453,444.44138296286667,469.4237908598666,494.84830716584344,466.5197694820831,442.1766606842992,438.52981687234296,416.5291089869851,433.0365885655581,402.0993707649586,405.57902403196925,397.37443358994256,394.92068744840014,389.65368568709226,365.37482846451803,345.7945324361174,315.3310713598472,288.4010616307822,321.85369920010623,306.4387760175139,292.93056377128335,266.8280069015318,284.6895012163044,314.37949792941413,334.66203552407967,342.5451435844717,364.47144767721204,357.7675639825121,382.9323788381602,403.82869831283296,368.9494234107753,368.09501285500147,351.6181731805473,322.6544773262859,346.8882003186302,312.44467821970875
162,497.46213078103693,531.63557925084,530.3769629202765,521.3638000161769,528.7721068294069,550.100954764744,531.9185943290134,514.467694369761,521.9701553558403,552.7617428156417,538.6525411187552,530.025367544786,564.5586986470063,541.8942502114623,512.2820219977336,518.5648887193761,485.2635779088904,462.89390409812796,471.44854674646075,482.61441479485404,483.34418227018745,475.20654550624425,480.5403764157736,490.57737912810035,511.8211223685159,532.3136803432052,543.8497339292516,571.4460147552442,595.1077825069235,569.4350030821794,600.0,600.0,587.4649025655572,553.8778118680499,561.15612814113,556.8453585217771,574.3150249028064,576.03700841841,546.3913388859762,528.5194583038106,555.2961212326676,522.9343999327211,539.5012767906012,524.9373223472014,521.6221085601762,523.7924887939888,506.2981838054929,516.9354148153293,530.4763700821807,501.43053365913494,492.6054289687344,509.7118400531748,525.226469242054,528.3487033154207,547.7859379061817,520.3210804189707,493.5958691680878,504.62012018883195,518.153490941491,540.1703708139659
163,288.79401355383766,289.968029714015,301.2262205135058,281.8851906815368,283.0701412731162,292.7612929804579,272.7727587838955,264.06219750140536,244.20591421090492,272.41191752090685,253.98783925600628,227.44626307501207,220.0,220.0,220.0,227.57459579148667,220.0,220.0,220.0,220.0,220.0,227.52792436345794,240.71762294978902,256.9112514248525,237.61528933009032,263.41030066741234,276.7304723805772,245.69598773156466,241.54965734066457,260.29261187673825,247.05518674715432,238.76430092066286,247.83656883142086,220.0,252.6854528355542,229.89912357823516,220.0,220.0,220.0,246.89773558327644,269.28108112853147,298.12428700601015,300.48904935903306,296.90128573029455,288.91155405777016,257.1608193631616,285.8273073045223,285.5596337644532,282.4143539380589,283.47607802904713,304.06689429704113,284.77987031582063,299.47291784546525,314.2267997052476,338.69549446332036,304.3033463557913,281.2310343822505,279.2043140253834,303.7421411476869,336.30032146164575
164,446.0500735781725,425.8994518577839,403.8203805655091,413.5814573445478,393.2862976387061,397.00241731316817,420.43925235324133,412.7266277455876,404.21968102752265,371.7495046098978,354.53542509961665,368.4088272729659,358.6362144322196,334.71713864251416,307.12088000573704,278.77461647628667,289.91395679453933,297.79746031008773,299.09393070223365,299.11678207337343,274.8363617615244,274.87865749473053,244.07430185675713,273.8843939589453,242.94632273912777,237.59343638170208,220.0,240.0305307148271,220.0,249.74412124751746,220.0,242.45511341950987,253.41976031660104,235.9012606386134,220.0,220.0,242.98820182227485,268.32516020575673,245.59513677245954,235.3364995503627,220.0,220.0,230.25145712702496,220.0,220.0,245.61984414513833,263.002099308388,282.16537971713194,249.90909209996155,278.9682235461362,284.19991000433265,284.46610633224896,250.20708055419362,278.04343528458094,281.115768218601,303.87651058243847,314.762277834119,335.5308307798806,349.03605317892675,378.5035263424346
165,305.6839908090289,284.8309981403324,299.70890747649094,299.80654351733375,306.74782544077465,321.34579828416054,324.6657720741607,344.80431341079446,332.1250283263041,357.2543593782826,329.79170408307465,339.1719824703577,366.48125799723357,349.1698469503529,337.0482741950268,323.42919868951856,327.9276585137709,321.8286856033313,294.38583555297447,321.77594107592665,301.10330511703387,303.48890588623095,310.12524860183925,277.97787765716714,249.67774059297074,282.69602032303936,294.21188413349614,261.561446526746,282.1553919724559,282.7533886218799,253.01735866737317,265.6700055307186,265.6246319415114,244.969018019276,271.40817706549336,256.80476714651115,241.7237316282427,225.8178823537022,244.5397867499358,258.96809367657306,287.1882916594981,268.2420370303977,288.2875587183943,293.400749075361,280.00832175104773,247.49011101959027,269.816439509168,251.69143551510294,260.9134480501473,264.33420357433414,229.64567127960902,264.24972537539236,286.2527802814014,285.30576922596913,297.92966514293596,296.29126170429004,313.41230069380117,287.81529890112375,284.0598685675059,272.5474709626061
166,394.6689925277333,391.2020782279588,366.21865471250237,399.57285466213443,365.65730465730337,331.3624107945213,322.50330309187734,330.92964754615457,308.50537342319956,310.8289536964908,326.42299145393434,298.0072340867449,331.91680264786027,320.4858479896109,330.4549269547183,303.2053170277786,317.8693642382715,341.7013085326455,314.07126849578907,287.8816893016937,272.55500830879964,238.3905153850727,272.4141059886788,279.3009912353643,286.83225273281244,318.95960460842696,342.20165241078683,364.1986575785713,352.9638234716851,341.40426101421025,326.82591820109553,316.0946215254379,306.9602348206274,281.760493049269,271.6768434384155,267.9491359055464,254.60344961781252,231.17773738884085,222.31646526133568,220.9800093864862,236.43099645318517,251.2176397564121,230.40629193224478,220.0,220.0,220.0,220.0,253.5542283406823,231.22922430404776,220.0,235.75800214237006,236.40079694270457,220.0,220.0,250.46746883412374,222.68901832585573,232.14551343053512,252.60830884939892,236.1890432401436,251.94450345985192
167,284.5601680314685,269.4926872698338,256.32022943172836,291.07067877122404,271.09073943648104,245.135261960832,274.93366258453074,251.26881115195542,277.8184055260138,288.3503694612821,293.73067432621843,311.3243841344788,327.1443111348423,299.8811443941243,334.84377212259255,365.77605297400356,393.5374903743377,402.0977297503062,403.6931229435682,406.23262381528497,372.27820991126123,372.2410750474422,380.9049447836366,392.014379397883,380.26414195147487,378.25390647202335,387.7956489384036,382.7770346576663,415.1264985865131,429.50744627615313,394.59660851371547,361.22617221747316,374.54718646025935,368.43234328844454,392.1953097333032,369.30638839734155,335.274272381002,327.44003688896186,343.9645241904833,376.9854655269131,403.841237081487,402.72645991708674,424.6236697408324,394.5468017915654,399.6058661225072,429.3067550335201,422.0537153578719,454.26075943429,434.70871620532733,407.10308287266486,408.83644639838394,437.3437274370697,424.13327274920175,445.1444951071284,421.98830371874806,439.17823143881384,443.17011733593404,420.4213056135401,435.6874130741727,450.65034101612264
168,415.86538707450734,396.64812170949455,370.9086941666443,402.91654755882956,413.8234252369704,435.4703290871073,449.2582661206242,472.32142268408444,448.6957800665091,448.4822957848022,460.18102971996274,432.41832271262797,407.9153091656166,417.29409076318285,443.10349706095025,454.3326295868621,421.8669665287874,454.79727072510997,429.5627537885471,410.8421101372214,444.0898198705521,463.0621296362883,493.6224972627838,515.0858757593459,525.7072890095699,510.6259989299803,498.5076998489471,529.816674962053,555.0604680929481,545.2247994839109,536.3535187173602,522.1921260366721,510.0212360204224,535.2679586606374,501.0034386219267,496.52712209959344,527.525899596547,530.5104444593436,527.0416497694168,513.907536098388,484.0814201887213,464.79547365064724,436.1275623462282,409.9965224263082,386.4426805151471,372.5847407610466,338.3559083607341,369.86598035226143,343.5333168396497,335.3537379048208,361.92066708485544,334.3804249982088,333.23272262099727,357.36757444889497,361.3549581312848,341.079009810878,357.5646770097587,370.2585514104843,360.611564868769,328.8522261794653
169,222.98858216051568,245.7660839794177,233.2750992885525,220.0,221.29858583140873,250.75691653216504,220.0,220.0,220.0,232.31761347285445,230.64464558654797,258.4730362791263,226.55895516674977,220.0,220.0,220.0,220.0,240.34039316362274,227.59217631181994,244.70600077607412,220.0,224.25073989437652,220.0,222.74475616068995,220.0,251.7423992732636,280.17738744938805,303.02512874973206,330.5199263868957,305.7880772995997,306.0486014109763,293.30224252393293,320.419258415224,298.6798961901867,279.07607105012477,292.14608299497553,263.3690591311123,279.6347615152771,263.4036716972657,274.669147265966,300.7817923112122,308.4545884376615,288.3424497676892,256.78403655543434,224.90701457408895,220.0,225.58725387288013,220.0,220.0,220.0,251.40070723321693,224.71786754566213,220.0,220.0,220.0,249.4667231233007,221.40362447650799,234.17656652454005,243.19714992591423,264.83161978324586
170,467.527337613618,486.38445681873657,480.8718594339335,480.0811740525471,494.19752120405644,498.98739167791,499.7950901965804,479.1841786203989,462.25175687684515,452.3465637510027,417.9964707306479,412.2119122012645,377.4057055047384,381.95678601923197,396.2387998472964,400.5892040603552,414.1356021846965,379.13652398363104,348.29746211353273,362.1898329748216,383.3928433317956,398.6319532940532,410.0428102728018,424.559596739611,441.3308915453426,457.03731643107244,473.69790986925625,443.8792893883189,413.30829799294264,403.58669401900335,405.51846403741905,423.90179781194,412.3313451273109,396.58954049166533,416.2909220599624,398.74450166174205,421.2033980387545,398.60274651915717,388.76589312023054,381.84118578007786,367.8069170916129,333.0419010637038,314.52754911119115,303.1632982327123,290.1170408495787,310.1059256029832,278.4216689805363,270.64807795640314,238.27415984696404,268.4194894759947,288.7341500681714,322.48546201483236,351.19669923355366,338.3035932816796,351.7144321448202,338.1732182683088,365.34800142338247,359.1007023210964,350.41283025439265,379.39764235072596
171,537.9613092955447,570.6102580310458,540.264424021257,522.2981454839772,508.35818783467045,503.0628321015038,501.1819353179013,486.585005282573,506.91653490272495,487.5436250166789,501.2998369476168,525.9236190390636,533.1824957802347,522.9736205927322,501.1260075464978,475.53024115475654,492.62247289519087,490.461712726037,458.7040813077527,492.5728467937361,504.56406960296545,528.6568482028539,524.3300551950447,556.2107586516064,535.1775101162953,513.1370387220123,540.4604701559374,567.8806646363383,567.8120286212713,541.6170734960499,527.982225570279,545.7728892326917,569.9923227927829,559.3281551349202,528.6145128621009,540.2153805721956,556.9801734728761,551.6612007833346,557.4780335965854,591.5940384232713,573.7439403784474,578.852378944395,586.61960789378,590.0571116154924,600.0,600.0,600.0,573.6110518662821,587.8356958168218,562.0832111214509,528.9431036569465,528.1402850713889,533.2114541217302,568.1452384179017,583.0081140297718,600.0,589.2471627321529,589.8711905127507,600.0,594.2171986499943
172,526.7703614249059,528.5895996670206,509.26692927412506,514.8962338788868,495.16057586480935,460.3724651561112,441.88518623924523,420.40525450410155,411.3697369080619,438.5715201747121,430.72123532661936,454.88436925098875,458.77728066019944,424.31030995577913,402.5218798590042,432.7113430235667,440.003484257407,470.0717643574662,456.7801657787079,471.93953225849987,490.98129345130803,524.280265642846,490.5526194646732,522.2092245233005,514.6205397555921,538.2800081577327,541.4099124332085,545.9353804455441,536.0918326185956,559.0849139450695,542.5658639037179,542.0227609362203,546.2349758499436,563.2114523898678,561.2259259827754,573.8457289015399,572.8163156458982,583.9687602329998,596.1588035675702,600.0,600.0,600.0,578.5294714708925,591.1043303842264,561.5025962286777,541.8294478009606,562.2804748074965,557.735384910601,557.5984766461862,591.7162609400333,573.1783349494575,539.5470274169729,512.343110083222,494.45824025948,510.27264196723286,529.5801842061662,534.1644109871542,517.0176588960254,518.539591512903,484.5866204282784
173,479.08435824188257,487.0851871205243,453.6109448772324,475.8017592315281,494.2416166928766,480.8172788826585,490.2936444269199,497.39815186946805,472.42077141534895,450.94892249335453,463.7733520293236,494.1219672682242,499.4618697171369,504.208789906305,514.4765085355737,510.31698954804267,479.1090325931367,471.86430186386553,499.8819565721178,521.2282325995262,551.1478823999208,526.8460933591896,527.2631363519076,533.1941071888137,512.888892888322,491.95680963714983,511.699114922146,523.7287491158005,534.0318766928617,517.7209987516727,518.1948584489771,484.8097551932301,458.9059788752601,460.18353926851546,446.8605985627494,479.4574815455055,477.46141217419625,448.3109031191758,414.55986742704766,430.3279185963847,407.33339025990665,385.4802560902608,380.14676167510777,363.6310029158503,371.79139849808354,370.789874003747,343.5914161071531,363.5232754608145,358.33339526981183,366.09179764106284,331.36776091835054,340.2157632589081,325.01525325107355,324.6212052757731,310.4616475432634,345.1998996682204,326.35886169803405,355.25903380228203,384.51669803037623,378.986743735782
174,335.5211838988754,327.19367218179076,361.4474082992166,369.763144212849,372.8977608602937,340.4120125540536,364.7610246818454,335.62740658834934,303.91547228075603,288.15553830901547,286.46074066304175,314.1309678633498,334.4364837991485,313.2707339145575,304.31630090446686,323.93311942778865,325.82959075062547,303.04402669231104,295.7678908797944,304.5833971954739,337.7091944320923,349.03603827204097,315.16969962823873,329.5202789925157,312.0808155145219,337.4319395094889,329.30423308531863,308.27728572811964,306.0335887838361,288.89744698588646,270.404951180736,275.53327723488053,294.2475161944421,317.69432238563337,310.53121331856073,280.2074767703465,279.0857266629352,274.4504300549222,253.23895643263495,280.96909951272335,314.15947722417155,282.78178038648724,303.4840269765075,313.6841860324152,296.98472410402877,306.4456523838257,280.4506758016689,250.30913138249372,284.8533666361519,294.39925672825814,277.1248404455845,273.6272173588481,305.1333901196969,300.8441449067736,328.87526214693764,354.69190600543,343.782848131789,357.5034784171862,368.7383736819677,387.72320462535663
175,359.0530824216445,327.7096373165138,304.68238419438956,312.8411423315527,332.09815541436745,350.0215598318592,355.87927078991135,326.81234098995384,293.0225448929607,312.7724679055058,316.22881829879617,336.0186654900017,312.4138577935589,305.93347974753897,335.27532984299705,312.2871892302986,281.59407249717674,292.33678936189915,298.9543332054221,330.59646861546344,359.0492580893048,376.50938540474476,342.8503920562224,341.4774798446816,369.2046154022743,364.5601915702877,396.91039194319734,407.5845505882761,380.24654951627167,380.8955947793395,394.58879427449983,364.1646223312733,353.290089576227,368.48576399000603,344.4807593514984,333.864552230435,347.15827480314135,366.4461379336293,367.74196350140875,399.7219904404094,429.4951505563391,427.63574432988406,403.85495303767664,422.9601625095537,404.9799327870738,428.97742448701115,435.077528367868,427.6640388157103,431.6108739164884,433.90748770854333,463.63878692153753,443.6442004048469,473.6152920834643,440.80916498565415,459.6533946929695,489.0301638427791,481.61381721183614,451.72852030150483,473.0552475060645,497.05578740448595
176,347.7778074356123,349.07933743362577,370.74217219433626,349.18518060184465,358.21348354923356,353.3576297153409,330.56673237313936,353.7675468807065,341.4952051347014,371.90503323055253,376.7304041179387,377.74610281487037,372.3775189102255,365.42448120016684,387.6821204387641,400.10717990279295,419.2654890814325,413.7413802542171,397.0419859834086,368.12255128038134,387.48847057926446,381.55782071550374,382.20347216227157,380.0574986260647,375.2371485719115,388.110118966661,395.72150706976356,428.76527297486496,403.48854651031115,408.6348984366013,378.06170987476327,399.6159991843373,407.7577925119138,402.74430963139145,423.90080545646765,420.7509880508781,401.6960147228194,399.771068000543,369.72929376515674,397.5795714399139,413.74665767132615,431.9687627063781,458.183293987669,478.59337520472485,473.82305652246566,447.1276046292471,438.2631392279138,468.6490692344944,500.08540362069095,518.8363642073566,498.1465050223537,476.75799511484496,503.3420008764954,478.2761154872741,484.1657389005484,475.6433566600831,461.78412721736544,474.20086901475406,506.3707043803897,525.8050660572106
177,404.7417853785905,400.59159095274566,429.12808413531275,434.5955810284755,434.3603126431092,447.1588235103088,428.7595907093757,398.22107483961724,423.0788756735913,430.5871947225533,407.1285918083081,392.9919466633604,427.2872925446276,436.6969468170835,446.22479668478206,416.2762531093926,449.10567450646784,476.6004767755783,479.9452477340037,466.60247188556485,480.4663378725913,503.8025454856221,523.8310441732499,557.2243602166014,566.8042381232874,554.290018332408,554.1449512472053,576.2871530037485,559.8611341088249,541.0597119549043,556.7981325777572,552.9080524338359,575.0679800971164,550.1258311282456,538.6245835487041,522.3915770100111,536.2423473746503,554.3953923075157,551.3155810195747,549.7776373675001,524.0198691627392,538.1478357296528,572.6100700816002,592.0645989398269,572.6824615629608,581.3010533345573,566.948030081055,534.0603887851948,511.6479886811032,483.82953873957206,462.54481748934563,483.2371269907759,468.7353763729061,486.72817293906394,518.1485517780579,523.3476698328021,522.326295773506,539.8351980648245,511.63150785734075,506.6063539812827
178,409.5533460741831,432.72693780206953,454.7221740182605,479.1007492077592,492.9518541584983,495.09076066143695,518.0423131554737,544.1720822233426,542.8060037094596,576.8023372616735,600.0,600.0,569.8501316742975,550.5645752353303,569.9124757916702,542.6932737815781,540.5792784239266,547.9189318712574,574.4032098571935,598.701180259737,600.0,593.5385969827839,568.4960447867447,580.371496455794,558.0617000299872,562.3537138685903,596.0011866410243,599.5228709475335,600.0,600.0,600.0,595.4486474674934,595.2743405411683,572.5923815158895,580.6199736575147,566.323034100222,566.8567665224309,585.5157700681237,551.7456633958628,556.219750256769,533.3609014685172,517.917735253387,485.3476648594769,462.21005807249,496.27411560259065,531.1707088865425,546.5600632788178,554.3900431128013,573.7805298297499,600.0,600.0,567.469879959239,582.1275873998427,600.0,583.0637069180373,580.5062965003143,570.7955045739039,563.1282291699944,578.6262287412693,570.1145360241928
179,577.6119676743161,597.8880594377654,564.823351193904,587.1217729362647,600.0,600.0,599.777217772249,600.0,594.7349702414125,570.8973342719434,557.8002525713756,541.3644208063998,554.0385528820013,531.5596873848605,541.693757935157,539.3114442436204,563.0877093024451,562.0376213276678,592.1238967475247,600.0,577.9701305372816,591.0017752019135,571.0255076403678,593.6568090764998,600.0,585.5882385997156,568.0268925865611,563.0973284397412,584.1479364420204,600.0,567.3363357888455,553.4964408718085,548.0960083146888,554.0867492557858,529.5536398728148,518.0234513098395,545.0152427495966,543.373568688552,560.4635945115928,559.3980899663366,556.946870314369,565.4816570702143,548.6371729234875,531.123319874925,565.3780897173376,591.2075303696831,600.0,574.6001177338874,541.715847516821,518.9947228106175,549.6358903261439,571.7761742435731,573.3914951177735,600.0,575.260747203161,579.4012780035836,557.2268268514932,543.6768291877946,574.4862805152204,600.0
180,258.6835385396227,241.1516049288884,247.76712779963194,220.0,223.50592531460063,229.42032582018138,220.0,220.0,220.0,250.497345913723,242.71832576265842,248.68716018063074,234.79738037837677,248.98386068742008,221.08474966152505,220.0,237.09986324073205,252.96662032280653,236.51671385265288,226.36998374338106,258.3782188366786,230.68133948635062,220.0,220.0,220.0,230.4305984042545,243.77271901052242,245.61988488282907,253.40369598102296,248.74315422244712,266.97026198320873,234.9171568324476,221.81955039835927,234.72965329600186,222.80481084727865,220.0,220.0,234.80463402520644,220.0,235.72419549481583,255.00609563984614,264.47714774943506,246.57353114850517,267.9442061521595,247.95518127665207,276.3626479286466,290.82784686859236,259.65824173388654,280.60834004020296,281.05868786539645,277.74411060731006,272.1798940962041,279.6439987470683,295.3644938018756,323.0828569025948,307.1889938089006,316.3433329126303,329.3873157153994,341.62311550048184,341.13316084528975
181,368.5885683174064,386.9550855121028,372.9557717949589,352.5194931628359,355.72753672604455,339.4602967623969,306.78661815591465,275.396920192676,289.04765703975727,322.16786625920236,318.9960531130276,294.290331903959,316.5561566410137,299.8566694291741,334.5505217414457,338.97901334933994,320.263291748547,319.98362561525107,308.46031464332646,328.0233535672128,300.4304655737767,325.42065576605506,344.1342383645445,369.4297046376486,397.07926686056516,378.1637144665808,379.63412097258424,404.12867638423063,395.54583443235845,364.7743648080527,350.1887697657489,332.12319156898565,358.02757487722295,355.49681933586334,368.3449159571053,400.6932564355163,386.6364061024805,404.9203751293982,371.51386363570873,343.8019959075157,320.13255220774516,307.00183578882076,300.2109408478772,298.602053199135,280.7752474389728,250.41031981168234,262.83693624049937,229.49323098789787,251.15617542800862,281.19701318859273,295.92283714476713,302.6400733540054,313.6313704070097,324.2869136702413,354.5062731948963,387.00768417847405,381.8774991120496,390.07304144243886,411.2695352038309,376.34220620588053
182,420.26604839453194,430.9673921817708,446.1717736634015,436.98703232114116,422.6821417639526,400.4321214237062,404.4792098573941,433.8304501150426,461.548920665726,451.74653556676446,434.79639536243866,455.011962949393,470.7605642264862,471.1343524061107,463.3664705738307,437.032323835993,456.99202507244956,465.2145361231684,456.59625370482956,485.9114120295055,497.0885014783359,527.1352221573982,525.3440943811732,522.1673420656483,552.7740923876339,584.9594923646812,600.0,600.0,597.3684301377037,577.0893807365378,568.9302424259857,599.6110668322309,590.0598674878519,600.0,600.0,600.0,600.0,600.0,599.4316052255609,600.0,580.2725443206215,558.3996626385549,590.8224234807634,600.0,600.0,574.2434854988913,575.1703029300344,600.0,600.0,593.3240035707674,596.9012136733264,600.0,600.0,593.0061715957027,600.0,584.5441828877981,581.1201536188914,561.5119381937114,563.7149965243017,569.191805971828
183,348.37795972969377,332.42624077439916,307.9980332386008,282.76608987303194,297.5683679730202,278.0830282231094,251.34141970056865,286.26243798406887,269.4565931163029,297.17997519627215,304.82299195890636,319.8779036353834,324.1422274403579,301.7990110945557,326.09262109623785,349.05071475031275,338.52869732483146,356.99824607363394,360.0110641577439,388.6445039969484,409.84220998822616,377.7119138743683,404.2612319277564,437.0608811862507,454.011815370008,427.40576252930276,448.92207481790115,459.2463078015522,447.9641500280908,474.84628861157745,479.4359568032995,504.1409119746577,516.0488743755546,501.2450016348996,534.4963103451721,539.4666987009412,540.6395656287933,533.8852396065212,508.4293338219593,521.4642354244907,516.6201792848976,547.0430550097926,579.5998568131155,598.3347166876121,580.3093501467895,595.4279278030672,561.8574503706211,584.7054855672086,584.2587852635456,600.0,591.4432028928176,574.8653552066867,600.0,600.0,600.0,600.0,600.0,596.8999747863431,600.0,600.0
184,586.5708880083039,574.553435664184,591.2575624125733,576.2337758228705,584.0004887160759,600.0,600.0,596.4101328995473,587.2930306791598,570.0346435199219,544.3738454491951,534.9180752542522,560.9565215866015,555.2731877213462,542.4837093281317,559.2229664491807,539.3138794629964,522.2539556371341,552.7675610208153,523.4788395040205,517.5030221210601,522.8756055886964,503.9938556817188,488.66472957814915,469.19390511055565,458.35689515480055,486.25229801029195,481.4634122703085,475.7114434269487,467.7721050391559,500.26020592478613,473.4711664601732,499.50244592592884,487.4037206668871,519.3595320862619,506.425439323318,477.22664475126044,478.62957665593655,459.58016720763027,477.28945429076657,488.3008475737234,501.3536886282898,479.89795283103433,494.5020713729942,481.29524326161777,516.2024252258227,532.4261616410031,538.754967159599,564.4532117046874,570.7050306850473,574.3975213593346,556.0096135557112,568.477453228491,559.7025632059533,527.7183471528024,549.8426728986994,518.4737945641114,530.5348031629482,506.5052655668922,501.7851317268527
185,546.4548302477538,518.064198685744,529.7647461844275,537.6480581584535,563.375140403394,540.4665813960786,561.451706720585,557.960190492478,552.9652643670051,543.2901689257964,535.2803591595106,536.6775330092763,509.15352061391894,503.908131505026,514.5468165591926,514.4202812998747,491.0283441193483,481.4419632447625,477.4492804545776,489.2705174788854,517.3241600565102,520.8504459376575,533.1962149058729,503.5994886866312,535.4121807409628,522.4767890658494,512.2772115440039,492.87620618890975,463.8031112124982,484.1063865224278,465.9406922418599,450.72883371603183,428.4545730784709,461.6965426993925,481.36897850893683,511.46195400758586,536.7825897013316,565.2233656694999,563.7557492989434,540.6936499139405,528.5752733189686,514.0468795076879,529.2462481397829,496.04333618129687,470.98629122555525,483.7882496433955,457.4292144094264,425.8096439633544,398.45470548613775,411.8018961991545,386.5546643574835,361.79596963703716,342.9169834101741,360.4807327039307,339.505436562185,306.9817143328795,335.39214922319536,361.73443892355994,339.671768986313,323.24575027045483
186,291.65187714858354,307.0192948759046,289.5199167691509,319.72139978564604,342.6562714924959,348.844350422373,314.47002615233293,341.3268846014996,357.2701998587784,377.4237176166489,347.45148193668825,362.05069385198624,383.3719570056763,415.3364319366701,420.9693650314406,421.5322946713896,416.31006997012344,430.4002076376485,459.85769896767147,466.840552377794,447.75040728337774,413.9805838050201,422.31850208374703,447.84035424508073,417.45862367521937,410.2886083025136,441.09189312817676,441.2092828381531,421.65535892335464,411.411307747174,404.98107738081046,378.1913433899859,389.4468004593747,395.89830349584804,406.2389049464384,413.9943147540516,380.1613595342354,357.37375900387775,333.963799140088,305.82040318094727,322.3037073048266,295.713312318321,307.4868974598451,284.9742191356024,258.2559316129573,234.63303501608283,235.22127697374424,245.40505266378713,267.23979286782173,241.23914725034587,249.37221956735397,268.5409915261413,255.4093535316932,225.98944408741383,220.0,220.0,247.10483517158747,238.4739519568039,240.10835431630892,258.9165249426109
187,361.1694004058751,371.606586229808,341.97417595509864,340.6375712849007,312.3938989168222,294.77378876443817,280.30764669612097,295.5385129682072,307.725806008455,325.0214122336296,294.34426554024304,328.91826039235633,297.72766240204015,320.5300078027809,337.34883314641843,343.7721584808458,339.4921600409949,357.4914247699077,374.28147099872695,348.88395448301327,369.36822759027416,339.8672174107217,339.9054473597191,350.0611752194227,372.57939523568865,369.9971105022024,351.57717593176255,350.923349013725,333.4379167443234,335.44869344625374,332.82426626371,352.4595801262376,334.26588806721463,313.2648509605384,311.45782473022564,279.9931302935852,261.0469742840706,250.80631827720902,249.94039815647272,233.8009679422482,238.04552257183667,264.5345492229987,267.5954715180308,252.67423803958104,222.0129060797431,220.0,224.28521579830334,237.14483446560993,220.0,220.0,220.0,220.0,252.08849099245725,231.35243284842684,220.0,220.0,220.0,220.0,220.0,220.0
188,254.8561749390366,262.1574149989581,262.27639862038257,232.67337544697395,258.06548862796404,242.99540270282733,275.2920576491299,305.4997619280727,300.8865257633854,281.88621159406887,305.32590147118447,295.61591038475575,272.06445901174664,275.67699911907255,274.9351701081612,299.4364216251381,315.48611821389136,341.8158822924641,358.2450861595803,368.1973334049261,368.209734064317,402.3384643290683,434.48000200908035,458.89971071658283,478.17205568156976,483.6012241898656,466.7839594267001,493.06469132285764,458.8218207643847,439.74261843996004,433.0038895958729,439.034890462258,443.2964428874829,420.6035507344528,392.93942472140003,373.5024496523696,362.91206487512346,328.8958230295295,342.3677304680194,324.70865096964377,314.30696152802915,302.7500798689021,303.57816593039865,328.7641464770214,304.22144322240933,293.07234114859824,306.5143576898231,274.6105566194537,297.70906108080936,330.0368209156292,337.57142509636856,369.5270110685191,363.4413391287414,357.49356027460095,329.9309839335416,297.4122693835255,279.52757165294287,277.9965776500232,278.53434501042545,258.7646217323258
189,452.86615637134247,430.55056761002965,418.3853474288667,397.08501349211963,410.8514654914293,412.01154106699113,428.5386180020742,397.5459898734897,392.3213354899496,425.00843601864904,393.76180204809447,388.0483103268118,355.87618564670527,331.1419181146613,328.51876972477487,304.5447075626586,305.8575873101276,335.4488051040325,314.47733417785236,286.9803898577062,309.7497491965128,306.9686385154757,333.75141543456533,320.18004606114243,329.10728642423874,358.73923522535523,335.75794118670865,356.80894033808687,366.0151128272458,387.92138495113954,364.8699190978571,360.255972021448,334.2745780148347,366.4803255738102,335.8687461810196,305.4525840406268,333.32351749334595,319.3768678629832,326.1682701622837,311.29155718579517,321.7046434797224,300.1774993286243,297.29836139222715,299.6428136268548,287.9978159469539,270.6168587357805,245.43132547276568,259.86142901432004,236.64121913392967,222.09006651709979,220.0,220.0,234.1798089685047,229.13596839426407,255.1125218947479,267.69751715816085,291.39158728727347,306.53636458043934,281.9405905690363,315.39550169952264
190,518.902780991979,523.9933047963598,500.5594706480286,477.6471160485568,485.65029828876675,479.7840975989075,492.0942626349677,483.16420337794693,484.0633653799086,462.22042803738594,438.0845081379538,408.3796415968481,430.75439293974677,434.63143055032305,465.9313033437894,483.39534303894237,502.20876425640694,502.84285465019803,524.9246302069936,555.8690713789607,571.3908890424414,543.7821149045315,554.3535050522769,527.7838299091533,498.18939947846,511.6924278365757,535.1274080712584,511.2463124223141,481.4367149799372,508.4933175733803,482.7479711627411,450.2039977248027,465.67780353845694,490.01789232513096,491.0310262276268,493.82579331419197,482.4060292051085,464.09845312574475,481.9646980380358,506.41460660650876,493.90173967807254,478.06908261936815,461.8145029875217,430.3561822490866,415.03143398791326,381.8269981757436,402.0155317485297,384.93040978069695,398.2412730352924,401.26446002313133,424.88691412153526,457.11342505052676,447.82383803956833,419.00769543184293,436.48289893885755,402.9740617728004,383.5814951868376,352.3090419799573,380.1794279933444,345.55022371245445
191,407.2420227057881,401.9219616069167,412.61408812528646,397.8961743251339,424.054852357996,440.45905426869354,435.71966408814984,425.7815015540277,447.8936788788586,465.8878997763626,458.81790383804594,447.7139342207548,415.4360934971328,386.15560067794297,354.9298925667394,321.63897661110127,297.3400433609559,322.33997059859615,343.21112235150673,367.4012916994805,376.06731699926354,384.75173408611045,358.42695634482163,372.3545310997887,356.95637986072177,358.30411294575583,390.1346952118158,416.07777281410574,397.4013183248112,413.96686142383174,386.2532139209765,353.1251879230588,320.097387157789,297.01464105304984,310.66102919961537,301.0924417416767,267.2084124693451,301.369996665724,303.7064848919635,296.27809994975576,297.59759260317395,298.99555629327244,296.912116689782,304.81854000232994,331.81240339311137,317.9323618385074,317.02016543772476,282.27524517149857,307.46224486377275,293.87551708769087,277.86629997067666,312.69390181544907,318.6014075276122,292.2144347574815,275.8011826500315,265.5270438286733,299.55124717961905,294.69476463365913,275.8041438141558,280.685311533053
192,373.808670061664,342.6558972315949,367.9202701033977,334.01839701322893,361.9122515154123,382.3423607675385,352.64998547750724,368.302760924421,387.2686786741733,394.4301738141812,399.8671298251098,368.345221662468,337.5099676900628,353.4201731785616,325.8097357028853,307.7388227523387,307.6573843199738,284.14884147286153,304.43761071136333,325.95407237589956,349.904097164162,318.37386561839133,313.32498690474506,337.60922399474856,328.0345813162175,341.7420077988291,347.98922109212975,337.29382426163227,321.64216229796193,332.3341787449204,306.6878683351232,331.8964446712663,337.2474855469155,310.0527309057243,324.29966606925973,319.47754456102905,298.76324363645136,331.038094141192,346.41343909220177,352.9229927251615,377.34369539931686,380.41458069106756,376.31752355437084,354.5788037446204,330.3161335028929,325.55398564892226,322.4722061808484,338.80408154699927,334.7500322495806,341.2711762891599,364.5474729744971,399.08090166023504,386.6576737208248,414.7944861818106,436.2180472115625,405.9785155339312,394.3696406937036,374.70264788211045,386.2095469517203,390.0804864869585
193,408.0433999840304,426.4928634505608,414.8244721573996,406.6171328461282,432.21150922190964,465.2661048701101,484.61111872385834,464.8060869582642,437.6917012097335,417.3360615533396,411.92935710494237,393.498149047277,421.57102941231784,433.5216325360387,427.69267967084966,411.8595009711589,403.50577133102644,401.82931300669753,416.79687765899854,388.05078673502004,412.46909252024625,386.39829469935887,369.7698004374295,404.3210931415104,382.63569752460796,354.7156506696522,364.4040218039681,356.92305739355385,328.35153779234946,293.6135077767826,264.15481812348605,265.7463086375195,246.90881479668548,266.33746419901195,291.36306851403396,266.50137975410456,255.09277070551747,230.35295948829128,220.0,220.0,240.08054306560305,229.26412052658767,228.95365643868,241.12631382178873,263.6842792624418,249.76891558501342,229.41436232429476,262.9060984872055,250.31642661253028,262.29119355519157,274.74006640263786,275.72212759460575,256.71344877852476,231.61546824531712,230.7065983893273,231.4716659591237,250.60733893335953,265.2956800100131,294.13856952852376,327.098808860658
194,496.5835039558255,466.93929137394326,460.29757301914043,467.9137389079882,474.2273939094852,451.9284589176271,457.7345899791881,447.2122255308892,435.93710466994935,459.3175950410359,453.85291614781124,455.77063293232294,460.1717332047365,464.5815077943496,444.50001375918566,451.46174917961616,439.88540180570453,450.73682242743644,425.93565435503734,460.5237459793942,479.5667763811319,473.7743767250334,459.8690062855332,452.0151487227824,467.4997278169536,478.3782737878732,492.5247496279143,519.754693309522,516.6953591512507,528.5618395425872,524.4673963897781,534.1342618581695,532.3719164455757,551.7383703592283,517.1065789890896,497.20634589437435,482.9569796558015,514.1345950933796,514.6278300010639,505.13246160093377,498.4343096938908,495.0618695341683,520.8099968421462,553.1735074397559,577.265032221572,600.0,578.9310577668823,562.7385227902402,569.461965429307,580.3915843701988,559.5809605114245,576.8206916036806,555.8181403080517,539.2288855693107,525.7045732280235,549.9239723823457,566.1698451633075,568.3178256640002,590.7002765334429,600.0
195,368.1365764605149,387.8371865846343,367.27418062475033,367.500200121636,340.77712124884295,335.652735240231,337.0783391239343,307.6726241780592,305.0555174992817,315.672455506491,323.65863193862265,292.4634040909966,264.1371821045707,253.73211932143056,277.7201199255579,303.6030436472733,290.27594452682814,305.5983904937301,311.0157319583451,344.85529007150535,316.48036393178376,319.8320158886016,326.30965130958936,312.8464512761675,281.13317860057043,249.78049609871826,246.53375989276293,260.0069251538373,274.0192301600562,251.68711964058392,276.74516951098894,268.1465393288711,300.65229246694037,273.92346687673495,297.4752957812187,326.05896650840003,348.64625333846124,370.2651332224391,360.5568343007852,375.49085177125335,381.04511139204436,375.7586505922296,410.27646931598724,395.6082995861456,389.5283811392905,417.72865375295873,402.9592332896979,378.64691323869556,365.3468957155595,383.49871311268487,408.6884937918435,381.69964292540874,390.2195306006466,394.9296139922786,406.7454589782141,418.71940495708986,450.88212787574685,440.13917246561857,426.1228569871231,431.80862699465087
196,383.17901451069145,381.34181357257194,351.1912031178864,326.5681555046379,357.0444010661382,326.82480268304676,333.1349941706902,350.95524620194254,316.78569319280047,297.3780635481374,288.7731057075945,289.25032700240126,278.1619976352975,288.591945705731,269.4397719132809,236.2235774633122,220.0,220.0,220.0,251.40228821705807,220.0,222.10455420946266,227.5514862079319,241.50073704077226,251.2121590506185,220.0,229.23003713863082,220.0,239.10082729434612,220.0,235.13439563840257,243.91906899663684,254.5794309695601,231.89576906568888,243.73794915896124,260.3264377638953,259.5851560505417,248.41075385966985,225.06959330984216,220.0,238.46798537167646,232.12603608991435,246.31596302944237,263.12235577933643,275.3142714680367,287.46196112584306,295.21853542866666,296.5080739386266,275.35524201954547,299.351479104075,331.84997117820666,329.5038557702183,359.8305686821442,394.690186322774,393.72390020378145,409.42877636627924,419.4941000438158,401.1026371638681,369.39889822667044,366.13377000888244
197,519.1378990105834,506.89732539886217,526.8080358823851,537.644153619792,551.3320482470231,536.3339104334403,534.2372272324536,511.95649323421884,494.21713019979967,465.5066332162687,439.38077165700327,419.1167152077118,424.73311000402043,420.6178883723552,404.3036542519445,429.58152553478277,431.3418639287218,460.9595270832274,470.4070744426571,436.5122061996673,465.4555045707659,490.4779380684238,499.94692366308675,502.381072564244,499.085897696545,497.83813690022316,516.6835817591876,517.6034939242957,494.9252228334665,463.997652535576,437.8306918756318,420.43156949424883,411.1729579950283,438.6420788472929,420.37818510126965,407.7500841614471,388.36110192832126,391.5630292377506,399.75909797836465,402.0080252111659,433.6379907963517,468.31445203214037,491.9321713185298,513.302901460851,503.9265958333236,509.51144126466346,499.11451059108543,519.0194198232472,496.0475995596757,476.2146195603007,443.9232045212223,451.5489816548818,464.7466597701088,429.98201980630535,430.73702328590286,422.118240980187,442.5848957075008,410.3072479274058,378.7068461446713,387.12148305548294
198,444.8227647403103,467.999066350171,474.45774859118626,505.9137065925913,492.92063154900086,485.7751299973369,519.2123566525411,491.73905368856555,512.4523934123051,478.26220343853595,477.3181308967706,453.0562945125778,459.97661377354234,480.8485116530903,448.16147281763847,424.62556367906063,413.6082903603938,396.514217970291,388.33961025672886,419.9703912439505,392.0548201647673,386.68456777137135,383.68096378390214,368.30490741194353,352.8003664500734,367.83301777252586,376.08208675809465,397.98032813941535,391.33545371287903,398.80522560145613,426.356395449237,450.949388469384,480.35102594438115,464.1792775213569,498.1587604386053,520.3060545216044,540.9426009444957,552.6731030116018,586.5018611476464,582.4112871109,599.3190384442688,600.0,600.0,600.0,578.3529123784849,567.786515257653,560.2442949654663,577.6042819440637,592.741640244415,600.0,600.0,600.0,574.7963940541209,584.2782622003865,600.0,600.0,600.0,600.0,590.1441563116473,600.0
199,425.18428038819206,422.0323064377637,403.823001946236,386.03702366595115,363.9850837391491,373.188929194075,348.1326459590922,343.32969884628574,344.96302559533933,340.63943899856724,365.4845049417414,361.50636012731167,332.30460663481284,366.75857451689814,390.907425891113,402.110469869533,420.0531233261355,394.0264723089746,412.6405078961968,392.1829338160435,391.4112628862218,368.87005813892165,386.6350056421751,368.8503772780464,351.57496657246486,324.2205310262858,339.66298301375684,325.37210716841827,326.65170809255596,314.9087571082487,334.13784522580505,314.9917011803851,345.8501161836325,333.34391442591203,305.61352791626456,287.4348942133098,257.6107592480121,255.4224704174818,237.94005586812463,264.96327897926597,266.1622823946762,247.49807380572625,244.08699689907215,222.80659594890184,220.0,220.0,220.0,220.0,250.66328110967953,262.3394655385019,291.81665198051047,274.7959378832553,299.78687138931997,290.14596786909885,265.2396165476728,286.5691135479666,255.74462277835912,249.08432150380676,271.4363482996218,279.63929308087745
200,416.8649642518834,406.6193387571341,376.8732468842955,411.2412859068084,388.4754467775618,371.34704002588484,352.86114340050807,381.4170418685073,399.8752293591544,396.888315319908,428.7679276965381,397.46276435158904,425.0196910371047,394.2496045352758,386.62875325069524,355.40909473704954,390.3369241600875,419.3441893351296,425.2801162023658,405.52923638224297,389.90367714606583,386.3717127700643,373.9663255445285,340.4582989249744,351.3962194931738,359.3361727797049,387.63792200502377,386.0177048124053,375.1473321382925,375.9535349425362,354.58218430524494,363.37000893298,382.2723107282913,358.01463066458973,345.3014558990628,371.0475244547107,371.43474685907825,373.6633121265065,389.23188592024115,394.68438298573403,364.5549667509014,385.8322865813139,415.43080918870663,384.1602154980635,357.6476984500921,371.78596260461575,379.09913788063255,370.8753278086548,373.6227332344808,387.8564329945549,388.16978532621994,362.9829680507154,334.2434900900457,329.9636015532324,359.5655346026508,363.6100768322454,353.68548166349484,382.29491352996735,374.499164462493,375.13941812789926
201,264.26974563891406,280.8878118252708,294.90901882533086,315.5060983254839,303.26949026542735,298.79321560006076,275.57713540696466,308.0924767337196,279.1178910522714,289.5488223095079,303.91683992907093,279.9583930846395,270.5310174927738,238.54987716614764,242.51245519721252,277.1581251948662,272.25007217241733,306.5506475985229,280.3864272651503,272.858231293896,300.99577919728904,327.3644629133121,315.015873364197,327.5186142279802,354.54982623702557,373.2312488677515,382.22458265305573,357.90487567225733,328.01506415219677,336.03861673935603,336.0579133375936,317.7204795187975,303.2143651659292,295.66046757002795,295.34692721860335,287.6650550547922,279.7754721008099,252.87676889260462,278.46809817047864,286.1088838949452,261.33603681708604,256.00724501854154,250.17735886060973,257.22082035484834,264.84169360430155,275.0072431928849,288.8604572069514,261.0952404359826,247.43979447607944,220.0,220.0,220.0,236.40288511256352,220.0,229.20461199878577,220.0,220.0,235.3500803660018,220.0,220.0
202,368.7028274530677,383.8052792826845,362.75098833763354,394.06989789596594,428.913234591557,451.23694444896086,437.2168195514078,448.6874853365076,419.50784755536296,445.4973996548187,446.61690064303787,423.96764228542287,411.88680145474206,432.9387935689003,458.8546672887935,460.2346043742032,458.8564093959503,476.40784165467846,499.2411152309773,517.7803920986847,509.6903556150793,519.6251589277316,544.6403525066966,520.263596890016,512.4331648480634,481.3964867193319,475.0178967174499,494.0776425917553,472.86963363154644,475.8017342102533,443.3627355497812,471.19823490099725,493.5985635440288,495.30720696912346,509.71229668715995,481.98642822798007,506.151092975796,521.21940015082,494.61711792157564,528.26536787989,494.8424989743413,503.8382593558355,480.86110912769266,496.20914457306026,466.13758235087477,436.8146441498929,434.4550659893122,469.0357285674461,453.3918653513917,461.2688366043483,462.5707718105448,486.5191444860754,471.72041702543663,475.56652367524066,507.1101697326033,495.3911763161273,491.14956700784,518.366499023097,506.6414190295091,498.2885825538762
203,335.56514737352535,357.23234364628047,387.3594315769251,396.5363532236085,405.19046241178415,397.4907157917064,363.3645782617112,340.54021017936134,315.8608950006778,288.97263519759036,299.75594732132805,274.3003739874939,245.29475066506427,237.07545612439435,220.0,220.0,220.0,220.0,222.5794834363229,240.6461754427105,265.3405404703603,282.93978995207976,291.9147181313717,320.4484385577356,321.8300147491331,331.1649936088915,324.9784321321223,312.8953261937745,301.11515075606223,276.49736047592273,297.25919602309233,266.1349619264404,278.3629289899568,303.87514248854933,303.69512677752505,273.6091815064336,268.59840382101595,257.62426602278043,291.61201837374057,305.00058248706665,320.49576882509103,321.6036531524472,336.2626509633939,351.8426193339457,321.48774098617304,302.07019769958197,267.977926579604,268.664444994604,294.97043483312586,302.63925226179884,302.6537792083385,332.4713885410833,309.52668431260605,279.748985883644,308.9603874323243,337.1551102766412,349.96318431154765,332.18172565827126,365.06520738757723,383.63945201384513
204,476.07994176217426,456.6837344432556,457.5999764575737,480.18031334836365,505.3985290796237,509.69863718571247,511.294206246061,525.1320742275958,527.1094933294689,521.3471659940652,492.32649679377244,466.149974093863,484.3692568679097,451.0957413916085,419.7570931974411,448.08214366349034,462.3619416053183,427.6568321393085,414.4998683441496,432.9321605858377,427.1642165842456,424.9800641843134,422.0959984575373,401.24540668567016,416.7428073385484,388.9532504750443,389.46082786331124,366.35773578546656,334.6150324558675,309.6421043671693,335.4955499089912,312.8258864436235,297.3117310744881,271.9783662499165,288.46652336595963,284.64796507391475,315.7024177790697,327.2051385364229,329.40238397049694,340.3665491844687,308.1963260091452,339.7425442181535,371.6926169473609,356.02240774624795,365.0030915382673,344.13715862805856,347.46018425009066,366.4154309887982,397.2029517251757,385.9481363537727,399.493504766766,414.64340277106857,395.12381885260044,404.1560680571379,415.0355583002822,433.5208857445046,468.51719376632195,436.33345962617557,415.49481268360466,390.6503029179865
205,278.68493991986696,275.4823461634045,301.9799051263101,298.39053396105294,310.1841618094619,301.53910178657725,288.91553385835533,312.31199679638826,323.2003225046776,312.7629926704551,341.75421095775664,341.65002051599174,319.8292528269419,318.65478319967957,330.8837438550229,321.58162510295426,345.6465566422318,347.9666352846589,345.71016988007153,370.8199695085318,368.22421596116254,362.2329258907197,334.4930735640644,324.86750508405197,317.66088612346766,295.3044484691819,301.45207258910364,276.521017527628,257.1793027299003,261.4557417306602,245.28459126139177,255.0613729703765,268.3972922748258,254.48762101729133,225.60475872206172,224.866387090086,220.0,221.06649770667076,236.90174665569796,245.32483205865418,241.70356694349542,272.91366529632376,245.03597161207568,271.6360770959109,292.6450981807951,287.02679880631604,262.72750083936603,238.63817584380092,268.16457909579674,249.52390559527495,275.71200515442297,275.9426705495432,273.2640951204589,281.6298838513263,261.6826196538526,256.6685668380312,287.3624775543763,269.0404625828888,298.5513117044714,333.1459904671139
206,239.7247314686888,241.9212700500848,220.0,228.5199979169674,262.78798294200874,290.56964562128314,320.3090379337279,300.24352486557484,303.20589678782596,284.6440679354725,312.6037974659081,290.98457698110536,266.76170084974933,232.61308506973063,220.0,220.0,220.0,245.74187723892112,265.3417238476498,248.15542866195779,267.983467893742,262.5349861695179,281.8214078238908,269.431943452353,273.9577393065044,265.6704772432962,243.80778443493904,249.8020863150791,267.36024231352866,285.07774103511906,275.0180003174661,276.3278241058741,294.79232600683014,263.60715762341147,233.6393409544717,224.9749327525171,220.0,220.0,220.0,226.44056214727013,238.46239756687493,258.8912331194484,269.42783878472125,262.17453643514654,292.6195121723966,308.46275329435593,310.40044050223025,289.8799690857217,300.3082181572568,306.7286549132738,319.56175483890206,339.2404884104831,368.2939617389588,399.72792313402897,408.8409082828207,441.45783078555473,470.2573987155945,435.44040370665994,445.0736263438805,422.56648503226495
207,332.1732086942294,317.9982226757206,316.81729745031816,282.5779299098538,264.0836784715798,231.12214545876836,241.661245059115,268.91137556761333,303.7565817558486,300.1555641805954,283.36544190118605,308.0826936723345,281.00378990016765,314.2005185740975,329.23914040437165,329.51456698009065,301.280104592787,267.55382009247097,270.6710739162067,264.6406094370082,288.6271240423508,298.58850762089133,293.82125187559,274.6417460826736,273.27130069951403,249.68090021454498,261.37178658766794,268.7728216602711,290.4778174291053,286.94486648606465,271.4502637979917,294.99793894449454,308.3677346466865,322.837376130841,324.8032961292852,351.12179917136626,332.0666446943738,325.1850864690782,345.92136648561586,320.22862962342356,341.7962941345586,331.47795958571743,305.26321851784314,275.80368250530915,299.81569281807054,319.31878101186504,304.4816751891312,277.62702843575465,259.9334382583949,239.84257275695222,256.1564683754061,236.24588428039036,220.0,220.0,226.78017818166626,240.00874655959376,250.75307938595964,255.55502031688513,288.1802667357436,286.2719625881398
208,546.8518730860692,557.0725668124829,527.9639026606314,549.6700949289577,555.577292847245,566.3240890000254,543.940009493695,539.5643160836601,566.20508928986,546.2852728059021,511.2940162635056,494.3196261117289,493.44759755407773,515.9370605852122,525.9674236253468,555.301866452349,552.1913766663016,544.5484422732942,525.7477174349941,506.01209135273143,522.5397841432957,493.1649227564674,475.15487369477796,502.16754186258703,507.5519991295627,475.813131764346,490.110985147431,490.57875089014914,515.3952718150102,528.1656428928986,493.4769040513438,472.87864015358826,455.9360991931344,470.0923594344499,470.7443518713565,488.06567666773793,488.9663805825803,476.8833033313424,449.13954860095066,428.3230955077622,421.37770113195995,424.9795027046845,455.68412092802805,437.4645333226831,449.090479083951,424.7686928884821,439.73141142304553,405.52527282312406,416.43966931819716,392.8649052882139,370.4876165348715,374.61115086689193,365.8899590805018,363.8813196190603,350.5035413979984,382.24623486498115,367.59216187071337,370.5354816021984,395.3403704900576,406.83302734831506
209,342.65523985305384,346.3258076887312,317.1351865250221,320.33323471456055,315.5304708993085,333.5858303944496,357.93902941383783,336.91218592915857,307.619699311412,299.9586879985505,302.3492165725888,293.72535295464036,302.72463492450595,303.1202245048412,333.68404693139746,327.34142556376895,298.1160176701697,284.2514691500731,291.66403951550024,274.5857964179963,258.41498804439067,247.18506192595524,264.4149865195891,295.2243129201664,284.75067728951103,263.4348400727455,257.8794267244427,247.5082052330165,281.8099492216388,279.2807273178983,291.8305620147288,320.7957266798685,329.83003709534034,312.2865303397301,319.80523701305975,312.9365805376179,307.5010713983344,341.05379209426275,325.5551630459024,323.3806232993842,299.5713164983282,277.0694104063124,284.31332009232074,301.88441966301076,311.43661081618995,299.4864906693979,268.6597627489493,266.5782330993577,266.8771088159352,285.8227213731225,295.6429907335593,321.6310946656284,341.4398961742848,332.05134104105105,341.3068406877799,358.6168977496388,390.5985235917309,385.1631749752881,395.5429144370676,388.029382906782
210,500.37470797051907,529.2142299622581,558.5600510626283,534.556177279754,513.8429391132155,531.6880006685014,540.8586926844696,569.2162027643164,556.1822419234039,580.5436987036423,593.4080086925126,572.0899504034745,545.9445562331692,560.1352083737718,536.2275142644705,556.8305470464909,560.8271998554031,559.2078942277984,543.4949267422978,577.364118387038,592.9158161507748,600.0,600.0,600.0,600.0,600.0,600.0,584.1597309696007,568.8812453585178,585.4631187772609,573.8968382920333,589.9065904523007,600.0,595.7515205745132,567.5643155760881,579.2225692691486,544.8891814878326,564.9794279768934,566.7751461696037,566.0564004502095,570.9173516906476,572.0659497660777,559.7303587917993,544.4359824693462,538.5068047130188,566.1504544471085,540.6263866322574,528.3599084003183,506.82093835677665,501.7205267283934,476.06541606701535,494.3211090401716,466.56382652109187,478.1321730743008,461.87189581513246,459.9251955951689,438.92435291539675,455.04001047869707,486.41932972747975,466.9414998449895
211,582.1982189308748,569.9673850016751,574.0166866953082,588.1279832712985,567.0767863958621,563.210262016146,532.9581856626295,546.7519499845909,540.9150783653043,568.3301956500757,552.5096278501953,582.1617205528702,557.0345096806693,564.5221623016412,551.0687348926937,528.7934476594238,500.3690496797654,511.2640287977737,492.58578412592084,497.6827929708942,531.2421035693636,518.3594309889309,485.80553042910185,460.8031134368513,434.1556540956332,431.58550099999974,448.71104087624366,434.46214788097376,409.67114184004276,419.52481548306764,405.6074301025146,410.86935455437094,441.2344137314636,426.6287005763204,427.5031135903592,448.9799475445443,462.40021541937824,480.00368765392125,499.0835438938483,501.8776653172313,504.40201287038985,519.7242835017812,533.5596624097301,545.463698891808,537.2131273417945,560.2111125341359,541.7453147900981,517.646552434788,506.80790777288706,489.576094601234,500.99887045545495,482.1701200359522,493.12440872051303,494.05000435936824,469.72150912463644,452.809247613108,454.33012251433365,470.6474937889925,463.5251088812198,444.8233938336826
212,332.12971945563976,303.78792270477754,270.5483877810939,303.66743962087367,275.4161350264877,249.15824918423323,275.1257351398082,286.57110164015626,282.0961788273291,292.52781722813853,322.97675487526726,294.9331666757667,276.99293857803997,302.2139668209918,321.85872099206927,356.4566915010726,343.4303085561261,374.57235635582424,363.6305745464745,378.687097929459,405.47910426297005,382.43385093105536,361.8285567835194,367.4956621457836,391.5633960482696,362.0898635138174,386.65152019673064,375.6699572648874,369.1058202429625,357.89609694109146,386.6996902636296,360.85529312442833,366.05450680677234,341.42207245057773,371.42369655721666,392.27888850471004,373.6462377029855,359.49071646915627,351.1967894265437,344.5760266972243,366.7900268014681,371.3073616731115,366.2638137155324,381.6249397010771,378.67548104514356,352.6522822270789,325.1765251259459,312.9934927116079,320.19440934466996,294.6333022800464,298.1426942288649,282.01536936547626,295.6943084580567,262.6726975404026,260.50433774404274,229.162828175039,220.0,220.0,220.0,238.6911107934608
213,258.0836143434589,274.5492027830408,280.442871479504,280.7652405990254,287.7290689586423,276.241868179686,290.9656369434662,310.54224587792027,330.0179164690017,313.8801017265599,324.6535924048495,300.0202932070189,299.69966615875757,264.8837143629238,243.43478749350768,252.6561756017901,278.86148096600914,247.29346186703083,251.39215731923395,260.9664087265861,291.2337774093784,302.0938430345253,274.306132207477,249.57822918559063,259.08171820768047,239.17509558110675,269.15647882251693,298.60458287752897,330.0104930885339,315.51717563538745,330.7036691926096,342.11464267804905,309.60690737169307,293.1964627159326,272.67013379349544,263.6267359151792,295.340496073345,319.53261080042864,305.07233219620804,307.17453937316066,285.63316788422696,270.0535473449426,239.60377477598453,249.5862298401631,260.5706840549061,284.2657975111472,310.274424451055,286.47858239461556,303.49144862602463,277.9209829239379,269.08103374614467,270.16859375529015,238.63148774138546,220.0,220.0,220.0,250.3867390544433,235.56908222054145,235.6510987361654,270.4084953909634
214,435.3242172338727,429.1289214833186,459.21438989801857,439.7892327736812,417.3542846323908,419.82979046524565,414.74091211344296,435.5299375255255,403.4706404168312,411.7114481256166,426.4589881284679,459.49316138614563,434.6965854029341,416.9336107125968,447.2046369224438,456.34865610627486,424.0120883977607,394.42616855566524,414.407007799602,419.1302226915511,423.7093064048723,450.29990143666225,432.17675579264824,408.40692452018965,416.3733408537353,443.1429576895071,426.71050281624036,439.401108351635,415.0676405817142,392.10124928975466,420.2069533401463,393.4645029835926,360.1686905494562,379.41452191721106,369.7901903139737,362.5562889681229,383.54631711169657,361.14182252211094,371.6647084285834,358.6116914472178,330.9104836924969,344.035207120403,331.34169653896856,357.0039838385735,386.33647935480656,410.77010268927324,398.3347250097556,379.8955087149315,407.39155368347747,404.09784255482975,418.63962320389084,441.54111730263526,425.97918314338284,399.31600309881816,408.0539325328482,414.3673904362739,398.2813955223742,404.2108660193482,424.5358738328322,414.0366425969211
215,312.0807331917174,327.83081814438634,347.841859312112,379.6421199629364,354.9731275671594,382.22161469933303,400.7785314826262,414.91152503778835,401.82527908111484,368.3787856642856,368.90732025264657,353.9111766066467,339.19864793151504,369.09834833500076,344.8061707787254,375.2024373500642,375.46890705081603,399.1484563750816,383.9995863760153,393.3740328619468,397.33522056258596,427.02684682183434,404.5777367008038,383.8976289827774,415.3251369445255,387.1826603995529,396.61043323263266,365.84992115770035,336.2392777261426,343.0396897292631,346.63544708004724,351.7472809927987,349.9029277512947,366.86808159200706,401.32127913754994,385.6259663848748,373.2667430969212,360.8802110609462,379.3090373023558,368.67012238101677,381.0417171118023,377.25384610263734,384.8001727942482,407.83124889059116,408.81535701938554,407.07748107865496,390.7657019310262,391.87902265841103,375.2478817620833,399.29779616234043,391.5182780426513,365.55581227109803,347.3535392259432,349.77424194865114,378.9143680567338,364.9536729569684,348.4607072439202,341.9198956806297,374.66270916107993,398.82808637337473
216,276.8738214083828,284.8365515054013,305.2670457394837,324.0277696354003,323.2469540582234,339.4751510554064,345.3262137969152,324.4273625965694,293.35111744112504,284.2160950446486,253.5518251809764,246.20276345543886,269.22429356539203,293.3248839536427,260.71005844744394,230.57754117310853,242.46823730449566,242.46814595044964,220.0,241.38707324124653,221.54180463069605,220.0,237.46549966700059,245.03431789123806,237.6453096024307,251.13614386727812,279.9327920756623,247.32556306932764,256.2631237066011,236.5348344976903,234.72447769358718,229.40315671542305,221.70173346384013,220.0,241.18549555114876,232.75193649608778,259.85567476164135,249.6824538678957,273.4623879954364,276.57503120216455,268.56879764235,282.8510526642097,302.91687638644925,301.705231705663,296.48466169251054,301.90398961857306,307.86542611397334,302.6489712238015,320.6853727147861,313.6658740575527,310.37575805932715,317.74803375889303,351.8274568940395,335.07548466502675,316.3121806588335,293.69428931474226,306.9553843163116,303.39200893560013,295.59445274079934,274.88077893122016
217,558.6325834132685,554.6546958788356,562.1932276828786,535.0702981633556,507.6283533312986,477.34317124777834,468.0573969064589,466.1594590598927,448.2799295213393,437.75735493275096,403.1955573144148,392.77174988271247,366.1137433208718,340.10065680704406,305.4160836362443,319.1627232608018,349.3525874442587,357.86077670390966,329.59492033886335,363.8703817963386,397.16134375769457,394.9377612537188,367.4886065421595,382.9403582174638,415.2431325313044,434.7521048210129,443.44630464098157,451.204537806957,484.658805801351,454.77715937873484,430.24608075007865,453.40288188185633,428.5607975042395,420.39155158927156,405.0964995131041,387.13762966393165,353.9381662415215,358.5757546889583,351.66252114730054,355.27383603189134,341.5894104867166,372.491670340515,378.8859737974219,411.17046705468056,400.6708838527867,365.83115146702926,385.5197410144001,408.43626083364506,377.5454986376686,386.3213446300309,397.5925953228393,372.7939660161689,376.4706847158496,358.49460636344566,324.64622558776176,350.33000191409,349.7486638999425,369.4676009636923,385.07011321972993,419.62948149074697
218,386.4222934824534,381.35083595545586,366.0737256490378,374.8340305872628,373.86190562613274,389.8751841760496,379.8310030669495,353.9901349796023,379.3606166279641,402.323902565492,391.8939156635941,405.21853588943407,404.6867393287269,422.9547861279039,415.26405193441974,417.7587984118058,386.80592569633814,364.0496244075038,383.773216951761,375.48280070386244,342.94018039993375,319.67472039977,313.48658264576306,328.7405001369371,319.18445306344324,336.34745586996405,361.41169698061987,350.2912599750197,371.3175499348295,345.19919654994277,339.2690433049589,311.0984110446704,279.7753702603047,249.292286684286,221.62492858000056,245.12574321914846,248.18314187350677,279.5003150178975,282.1603361097734,291.1701293715005,269.084006651335,271.9246780956946,263.8958565119275,294.0963304617534,324.4708155664788,303.36571844163564,311.77487891732125,321.4471851252897,325.82464068735095,299.5277202470114,310.3087925658717,331.24476251056575,320.4105848802849,321.4292040163759,294.57216026082534,324.7203700649173,297.38801978697967,276.97441725375694,262.86791055975937,285.6732273025009
219,486.24924979089485,451.740260451112,429.58956875227074,447.1001512957039,440.36856566576074,407.2035129384689,439.67769442087064,415.26399832670995,415.9966631299879,398.37878996512694,415.0016423809021,434.3724693142123,427.1778975609548,438.2693710630871,466.9045219813411,488.9411602758235,482.9840005109675,478.8873242837322,505.96880346562364,473.3748994954676,439.9717095574355,419.377383466987,442.31089859496103,418.0358217281651,403.0053716745498,412.0401799843621,389.9371766886588,376.1553205757089,373.8392114743324,354.8068613380881,389.27581921654337,365.7170404290321,390.21263777344984,388.1196259783602,362.1582835587734,335.45231456015404,335.47303848371394,325.2194504865586,306.6416114244682,338.7673510260706,336.203932870394,366.2207015664569,342.70068239099425,320.5433070970951,327.2652454630667,311.1565404462443,289.1021903390326,260.73016731796434,231.06911423946582,248.79090121840568,233.54232146429283,267.03166219582727,244.85014111936601,234.66140662103538,225.9050099847987,225.9157054763768,251.86021630493852,275.29413100243164,240.99107416289732,234.6389288499757
220,534.6159577954211,499.6298043432908,501.9845743985679,485.147867891892,479.04166633883904,473.4629953303556,465.88580618058165,493.32231473537007,495.8747673632375,524.1370380311964,540.009006543691,529.5874115118714,529.1368692202983,521.4269668946687,544.4271663686911,522.5590132066586,553.1078729649672,558.7375875626013,566.5606443403672,567.7367423580051,571.5514957511493,583.2887749007473,594.1412427578075,574.131538978705,579.9023502398202,569.7262010880112,579.3183224942127,582.666743112967,560.2443384728415,576.675712700574,573.6666540241383,577.267562684168,589.3525632289048,600.0,600.0,579.4726210050183,552.2000073666333,564.0425775938373,545.561523860435,518.583864658923,492.7704891555815,479.6664978285475,514.0915911919947,490.09981406009064,475.99737342098337,505.4487640527334,537.8803284725896,518.8993637531959,545.5310525467419,520.2553086633528,538.5628574543889,504.4734286997049,497.93680274657214,480.2502672167893,494.5308282079279,460.65475740279084,458.19787682639816,471.9689085585436,440.2382496860564,468.05626243515445
221,357.25501481065055,333.8236230676075,314.60613778973976,303.3295528043722,282.21580993193265,282.95632270599685,292.2615442609518,287.6016518827845,282.49390237544304,302.21286873125223,288.2840386383042,296.87785701181116,324.3823679648542,304.8883735215751,313.2814246232871,344.639449227122,346.7251170740038,380.1079577328029,366.81118082573863,371.3117533123725,358.08425589643923,323.34461565115726,358.15618268235335,339.9603874449627,373.0775264115339,383.78982427683275,412.06517690323284,444.76936919698716,449.51741364092595,484.495807742014,503.2089013912899,504.87592031784004,515.721950211202,494.320945224064,460.0932287248885,443.06848305738845,438.5164433777819,419.4801244581047,420.46263731713856,431.5187272728652,442.4242967098678,469.9878068471868,502.63014360101147,529.9787945362036,538.3910416904885,517.7945325118675,548.8361136537624,526.0763412874738,501.6762580632064,488.9061110165868,494.058500310267,506.76158454927327,472.6920719634678,492.15363098385035,469.4049994199573,455.1589390258688,442.7050098315644,430.9762297544764,449.20196190913936,417.06806726329194
222,294.67677098908143,261.23911716975283,280.72007913957646,314.5806428251351,325.7489439737946,332.0586866381114,360.6233215753066,343.4701006207504,313.1224619804107,313.82035532846584,297.04476455063383,293.62047757829697,290.56146711902363,277.8796948037885,276.9224155146022,268.53304715309537,241.44720072782673,267.1180002462313,281.20716025634715,249.09878080633598,222.20383057532743,220.0,220.0,220.0,220.0,244.35085859709497,267.32718933096726,287.1474426004542,295.1768980581543,310.8214467831087,327.51513154193015,354.7670324634669,371.03104453797044,387.58319609943806,408.8688781893819,412.81371810431614,392.7257334072988,363.64370683713287,357.97675606386576,329.39475308189014,306.2460352906933,272.91483611406375,258.9292764866194,291.8291240547607,283.3543131412695,265.21679556484514,258.45825896452135,244.55195537898877,256.72333298397405,266.1360062651097,233.05000980904444,233.8426307155194,220.0,232.41542864899924,262.9220117929073,291.44616330382667,270.84601115019154,287.8311714906891,308.34578946352866,333.8515167811856
223,318.64749490419797,315.2059341222492,295.7112441548105,262.4129061595939,273.5437901101409,268.74624336266106,251.11442500211078,275.4117013130836,275.1093461116278,309.73538351650916,330.27043140223685,356.11521538375126,375.2484727995883,347.6632157261318,317.21524577188876,346.2707598549012,320.94456301768736,313.3303935648856,321.0241643738008,300.8570488669405,281.62700192648487,279.26389588688124,269.52655228907616,281.88684898046245,252.14218266690636,251.35528953035373,228.55348377043993,236.02423440049228,220.0,220.0,241.27222879903195,222.73391810169292,239.32849181726073,223.4428807954341,220.0,220.0,246.6652389095924,239.46683506316336,221.53007215504152,224.09483531382546,220.0,240.3138263840164,274.6450196659283,276.5052306525367,273.12765348823615,262.14013137020817,295.2738426291178,294.1036719494455,271.563452144969,304.4085655218963,336.6703143418513,332.17106800530667,321.5440889176137,334.1747101858182,357.1993993408109,357.09664860065783,345.25355797437015,331.3511387347811,319.21304963979037,292.4753554483591
224,515.8757658149793,488.22295626131887,481.10497090668855,504.5510045065491,497.8384172049821,483.47174305979877,514.8495037260275,488.7075664733382,515.6473396682514,484.99271557982775,478.93977447950766,488.1602483643584,479.06293525427606,481.48538472157816,460.7655013826809,465.5979176053595,440.01702778830617,460.7437699145765,466.60906385552556,465.3443118928452,434.1709876011609,434.1551911153315,438.6050512406183,422.2017771791198,434.63310104269533,405.00666145264177,384.61489715403644,401.2432933667329,376.5488486915546,358.73726606513776,369.29714041844466,385.3160596852225,353.9203075088628,327.78156643651783,324.00982684554623,330.50547298379996,327.2701593879927,337.56505888481576,355.4845623413529,386.9526316669061,376.44428158596736,352.86161538128,336.34749568145423,311.7190068350796,304.3162017731837,330.3959103862933,319.69010317239827,295.10769232798003,296.6919940695879,331.1280612357977,309.30074654261085,328.7519931655814,351.38711921578255,344.48080326085267,352.8494039673694,348.1155455199526,331.47843107775066,326.3067470828159,297.9770566469209,312.4639846031834
225,535.0933520191356,521.6113473550695,526.2647250616683,507.5151223044288,481.4373538165256,492.8906533743768,467.2781851299307,487.01671997436245,471.0395383869271,493.3354758971134,484.1307961044433,474.9497775894522,492.4898708365261,493.2084750610091,472.2768949097003,496.80549327344073,485.6162179199439,457.81059117863197,451.9306643232334,457.1079877451109,464.79996112084774,488.29251029211514,491.19098795765836,471.8507217723729,455.16736492388645,427.2262061044946,443.74090635103295,416.156814606016,423.5636988652517,430.3500164485146,450.33526543678965,420.55934441476916,399.76313846055115,428.43250485217084,433.4890829145117,430.5273978322172,447.86473641457695,476.04186799081805,459.45254257728647,487.5558365940805,460.16446041693325,493.6022737580247,470.1419015149974,453.778447317158,425.5400231235729,446.79737860563495,480.6936229485525,466.48197854843625,454.2748157765618,438.80340901316197,414.6413760282067,434.7624711999152,404.01286000055376,436.7570491337535,466.6691358493869,439.95987181928416,442.0265414040179,476.5261365091215,501.2094839425113,516.2688447596105
226,228.53515926754272,220.0,240.58119689098845,231.93233668435627,243.7225681064896,260.4652819995107,255.01817442626694,230.0548969753215,222.12351219086634,248.09690315316865,236.27290768540718,220.0,252.13919920293472,264.78658283110553,267.64655546673515,290.6840697344218,284.46531720121857,318.42342278196026,343.4535376398079,328.09166955572726,319.0650286581621,303.3670361520533,314.52089515143,324.27413032614834,325.84954147203854,358.4583676921367,356.51763786457497,376.37820545833455,387.44486366070146,388.71780947082823,356.6644669756261,367.68911864303533,377.6707745423711,351.41195416384943,372.12600243909606,369.815588280249,357.5058092885856,380.1829662978032,369.21893346265085,377.7484888525187,386.00252495447313,354.6989437346018,349.29729787483194,329.89181037006887,308.86175670314276,319.70908890704743,285.5077885770502,318.34331705206495,311.0206874724024,296.93693446354575,326.33514245916774,325.4021924066469,333.4049600106164,347.1145124152037,373.11330155911617,347.19524084631007,317.91096338275173,352.47071828618346,318.0925844000084,332.6662171530602
227,452.20483754427596,455.88340906391767,475.8913662065242,510.3644725410063,478.6464800455812,486.6636145306038,501.8380513283374,488.25380276044865,515.7540997049139,512.7435986063937,489.25709094302994,514.0656380644509,545.070431494176,517.036475779988,534.6541364808068,514.7051318223721,480.1756870592036,463.41865466118077,488.262343126633,463.1452145014943,437.29203631138654,454.02537574539747,447.47055044492214,422.8645755223443,403.9646018760963,424.58673662508863,433.21555192915,451.48056600880494,423.32469273796755,420.39199253744744,441.1894300921407,424.7949226529309,401.6381504392529,393.3630230064564,381.69962117517105,359.6827156969253,391.45886047186343,390.2757487907443,397.84109371843897,371.3185773309106,379.0210335001165,382.893622024709,413.12867496882126,406.9908510438643,426.7351980771995,413.02786656954805,418.5536915124997,448.44161931959354,457.1966110727163,471.97771893637184,498.29663570055317,528.0763411321691,507.6555823963838,486.3642446104268,489.8975734940418,524.583719835487,523.8943824672416,512.0577298844815,514.6660191297977,484.1737233178969
228,287.3385727177673,262.76300193202303,229.71709008699668,245.27195130016656,233.0551695104942,220.0,220.85706393679362,220.0,220.0,220.0,220.0,233.18302050932476,220.0,220.0,220.0,220.0,220.0,220.0,220.0,220.0,245.93940840188804,232.33008589879785,220.0,221.50684652664862,220.0,239.11652410197928,220.0,220.0,251.06784310810448,227.19567686419344,220.0,227.03254379766508,260.62232880933885,252.63083118933042,263.0359876837349,238.6981820784493,248.59598140695044,231.28232595379296,239.2124584781861,220.0,221.74783151937305,220.0,232.71960923305892,250.056494327841,274.4264714669988,308.89414729133455,306.0489818670608,317.9905910715735,284.280251209222,312.63634354065675,320.7383637276573,315.2325122767839,310.63440427002945,328.69409951525716,352.03699976276977,373.5902571048094,374.33118281810107,365.3114474478633,396.4992027469508,405.8931694808655
229,426.5882954178004,433.4706206597809,442.56127623282066,457.47637812030393,461.1993067731855,487.474181585209,512.6541765843691,508.61221871006774,485.4097465588553,490.7756465228324,499.22741307201517,500.86398324877666,528.2044301779544,499.71584816966,484.835143508124,510.4404327507073,541.1993646622617,536.0141198914415,514.4991986203072,508.92226337600266,505.8539145556922,507.2237710270707,491.4284866398773,478.3124051380549,489.2035393322813,497.72912990204605,509.0763059601195,500.4862547839502,489.03823347894263,478.64594058704836,510.22829457132514,502.8954517914277,510.3247195350825,511.9237426367402,538.2592697563547,529.0974458109182,524.4875569158502,548.4831571306049,524.7501901126983,531.3508084639693,524.3443829990356,558.3497921238015,573.8466802998449,539.585618696274,563.348791727539,577.5713676602309,581.8386317510159,563.3676250629181,538.8197905914565,547.8077599915457,543.6035790885092,568.9170009446882,552.2831508641252,561.9095495233627,544.3285620894939,553.870757626024,522.2548825811239,514.6744024581308,491.7623955687334,499.1777753043766
230,340.3566602075381,359.36394344491055,332.3855486750118,336.32046335935877,342.8779137652746,309.42520074567926,276.94420050521416,263.5210125681754,271.1562933270093,303.54039298836375,274.89523868757016,289.11663281232654,302.6067613609209,314.4699584061643,315.60027231341843,348.2780888561285,348.40234855033617,372.0831440942807,355.45958629550717,376.901181246987,411.6593826227123,440.3654017668755,426.65042207951166,450.88144538889964,422.54944400091,434.9889731738237,423.9392094828918,435.04611575458364,428.9035462851462,394.5358667729188,375.72522555627535,343.69226185635745,338.601156452347,362.4061465233198,379.0659196515753,399.2897726886599,420.793748104991,411.82953326803425,412.2513343325721,412.8429162385502,385.7675124240752,392.63746097305443,408.0500455030779,415.8177928410085,433.0354082706751,406.35779703941506,424.65642328280745,404.2262305186008,430.6041081173681,412.7492999819238,412.18876684025463,411.29740760621905,395.11693003365997,385.4366009430316,363.42837337832304,368.3354222004215,397.24738397376507,384.4099140390806,384.97429672308266,410.30593955668814
231,391.94963783927955,415.1378608313339,411.3852073932248,407.2021800629859,383.20897741553983,356.95749512540283,364.762267226017,387.67561395352743,362.15406803304097,390.8606442605301,380.9822303910336,375.75023484749113,403.36197298876016,431.1027245112586,432.84284589506865,417.2163920068025,394.2521550704748,378.2627583906131,397.90667622437184,385.6280323793273,399.2473346516379,377.9113922112097,376.40664649943267,366.05408162355025,366.3069442559664,371.20311462037876,405.5685621447899,433.56121544803403,447.2718688747274,423.0339118118567,452.36591075560193,479.8469357051619,506.9161758103586,505.4473563150725,482.3968260893465,500.20505113717104,492.4011038665007,481.52088414495717,473.87562502410657,478.01056404671345,466.35688219880456,479.65132496867284,489.9919906707292,490.6123736386122,459.3904998565969,489.9484876225789,483.76722744100624,480.2289510410184,477.15122689803997,467.7031839747328,479.92433771799347,445.8985764256629,472.0441594774104,444.21489124627965,479.19484850361687,488.1606325459873,457.7978857333152,462.16847989319405,450.36002536578707,482.0730509846234
232,507.07898181711624,507.5700086225068,502.65442658803,537.3652471932976,549.0821331405508,550.0572151079376,542.9133033273583,530.6341033481976,545.0134630143117,551.1654490577336,575.5383875290088,579.287638160245,585.0508354694717,583.4657901084944,600.0,594.0494523268962,600.0,587.893133280836,600.0,600.0,600.0,588.9825699761166,600.0,579.4889370226981,548.5604925843247,568.9572143594643,590.5178524256809,557.1230181497727,588.4686691206709,584.6816570040328,600.0,600.0,600.0,600.0,600.0,600.0,580.9081192936751,573.1775384449842,590.8090858483199,566.7969353645342,596.8858988970655,576.2554228510908,600.0,598.8606761387011,600.0,600.0,594.5503216453008,600.0,580.8702322386546,600.0,600.0,585.6671992822958,552.357052655244,547.5414202798318,524.4414576769966,546.7400332958177,530.0168427570187,561.0753382352756,594.1019655106578,600.0
233,447.8535015283462,431.57346180736033,453.08155084567284,467.19322753023386,500.5950118237522,492.0026523358889,461.1164122776293,496.0034552963556,519.6819100570768,500.1861882379753,515.980138850951,481.0284511054855,485.0750851573361,475.4737620274501,467.16707491408397,449.2834613461293,433.52262644046334,430.34943291039394,412.71958539383826,410.37038167469893,415.7847221146308,430.5625217143065,442.96271726210375,424.9019663794204,392.6452377093883,415.93296833590745,441.99486734342895,475.51713372475797,507.69694273129113,517.0639245998,544.6629438757104,541.0235332282076,561.1370280089607,593.0104459669309,600.0,594.103575616626,585.5467229112995,570.9547157044121,561.64916240638,584.0895287318342,598.1945512171346,580.6860937850554,595.4935527858479,587.0512354086474,591.0953109012125,582.0211599950668,583.5352146970756,599.6214873535538,600.0,600.0,592.3727156843137,600.0,581.7098142012958,580.1298036306864,585.9472878069157,599.0010409159574,600.0,586.3338045577854,600.0,586.7786976406531
234,429.72557923342424,452.6925685531602,468.3130409220385,493.7139177434516,515.7556012195977,500.0999095550153,534.6054765748421,565.1953668293372,560.3075903160175,528.6122536142389,514.8570207374779,538.3876978792277,569.9486272441461,593.1656640423379,585.9376906046596,554.8952455827027,556.1260446633705,547.4728202837915,521.0808873862575,493.49062163349487,469.2032034894216,448.6108606263464,466.3759092819294,458.09515221697893,453.68082133064144,460.5675147794597,492.7768581997009,510.7296916227246,520.9295745944087,537.9978239469559,553.3483004252571,566.6657486948565,566.4142470598464,571.0935426696449,568.3979453210711,561.045040114361,544.9988051372986,534.8637292256659,529.8608024373417,535.4173607862557,535.4086175904666,507.9650443898748,496.763200271883,488.0967430739971,502.5815606319136,490.8840065367954,456.4409136277201,427.344477260823,427.1343665187391,405.32905181780507,404.9526206073514,410.14699665338,440.4876498332348,451.37824453765217,418.55109512199243,410.20223140193156,430.74421935663923,413.9835912759342,443.7317062809511,445.7624558804057
235,255.1301228924382,237.04706070505785,265.48800464126424,299.8901872235009,325.30129970321565,312.7486676288501,331.565998504557,312.1219335562949,304.03849367766384,317.8402626797127,350.663356422632,346.4072357973305,346.11578526966406,326.5275822962379,319.75317428869346,289.16447682738857,314.2654895212673,280.89891076626134,293.74563168779594,277.8711507895876,276.1988110319089,260.9079018388919,253.91284860077522,257.18730065010845,267.0498394503621,297.8698694673002,286.1239325915955,292.06395849975814,320.1845088043352,305.5007353608592,331.0542340396429,363.0830907869323,387.4076501808163,392.29788527472806,407.8459730742587,406.52058387283176,413.32849018431324,446.5416748727923,429.12011380368045,449.5984123815255,450.03473286436173,427.4158606045928,437.4633372539039,457.93322071135924,462.7461280639951,486.3664241334113,476.9772271195004,505.94100804862137,516.3234150476643,537.5445677928737,521.6535265329553,517.8825083661595,546.5557271879698,515.1184157231014,508.39713567252403,528.0194417362925,545.0864700487526,569.7000682026082,586.4573916301202,600.0
236,409.33863103301746,418.0389196127478,442.3783227119637,456.496689201908,428.64065952306487,419.3304112047003,423.01176708793133,440.84199515824116,443.8917249755413,463.3201718724067,486.95283522481026,470.51181414547295,478.6386862668209,482.6364126904757,463.5486203763165,462.84008662289466,466.2398665427049,488.4536578071154,485.72291403207504,456.3870328053915,455.49774988164603,479.1543159879963,484.1421976509245,471.46276359007976,500.93072994897784,476.82632687280216,464.7077625473333,460.3071908914039,476.96564304621523,500.4679184950185,469.5671518321825,490.00965926463414,505.4466483321806,533.0723096690077,561.1033190267957,580.530108133027,558.8442960314851,545.8153014974087,576.3576804168035,583.2298114065736,585.9430628138238,600.0,600.0,600.0,600.0,572.9684484036839,590.9965260656775,600.0,568.4283754596983,549.0415710850426,569.619358305622,571.0226598157676,542.0859446336559,525.8430066745774,513.5271786691627,501.0015691983791,527.4386616611973,538.7812136762602,555.225423162091,521.1753293842896
237,382.4545611249641,369.70200508955094,394.3367832463631,426.10765902075275,420.7415184918431,453.85576151183403,419.8609057948978,407.6612640895002,426.9064465445967,417.113420677849,446.5807838043031,426.87332627917226,447.56999719214,426.6891548603167,405.48649909741533,401.68895418424455,432.8347953673678,438.81664270053216,448.26894534168275,413.95023241448587,382.91329673870945,352.5986785349811,374.9736307612674,356.5532792843509,344.57195220906283,352.26864671309147,358.1454489488238,351.8825137786146,317.1835282010533,313.6557084546104,330.37749155501206,311.84424362779396,326.4293043469612,292.4900017341707,321.0505480361879,352.55329257209326,317.7255964118124,314.77288537826826,308.7404211949751,332.67225610934054,335.5227675019693,343.3183503974929,322.4937706135425,292.88829737333816,306.35147417612194,314.7987936139819,338.06180499281135,362.18964631375525,371.3621154918608,374.04741229838095,403.02799112921053,424.11648063887276,450.8862302866032,485.5950931657827,478.8404983094386,494.02592466979115,507.1906717360016,484.3806616692976,493.9390636478106,488.90531295933386
238,391.2415242432102,368.8511835329942,385.982937762512,399.8388070399899,402.09911677014134,378.06946015594883,382.0499951309477,354.05933468123914,342.8153765111971,333.880425506687,360.72020298453214,354.8095482656391,361.7024390694449,387.93696822272375,382.7401289356178,409.59937534056905,384.15166721743384,374.690688218631,346.3215956532835,350.58666970297344,382.5964139315196,393.58304240400815,402.40833561842055,386.87943987544026,417.0569129790588,415.0643479133574,398.75449162656474,432.8934902568753,427.51216562250704,418.51709439117514,385.96438310209356,363.44503122222136,385.088426077281,383.8770833994315,415.71831428419506,386.59032050984575,394.706361477736,410.10525180576803,418.5880706582903,420.67949986710016,426.16038229080993,439.42885368715935,464.8573017417864,453.4014268417144,450.5772124726311,460.0908835358331,447.0860001986844,424.6008008149531,457.23261378942243,435.86363600515904,417.1549526833166,425.46297971709805,395.87876141160325,363.2620971786677,332.7430494450421,306.3715046500459,301.415284999439,324.4635300419534,313.4015625586403,308.3287615839597
239,448.09541527762946,434.2455250712927,429.5231765850514,421.56499466555664,410.49684258105805,402.6843644448007,368.4626041736451,395.50085094215603,428.9151267635644,454.2898601626941,419.691819346491,437.2538076151145,442.37081969618447,413.963063466727,444.26320290829887,463.59840195388347,438.76914200525005,471.2520420837948,445.08595478053957,441.91354627618944,418.04184756233155,393.5552032163849,426.3016049026076,431.3501996000714,414.49244383858155,433.84039979923887,460.10750775041436,489.33978332555887,519.64873129324,548.0394593761106,557.7647270909705,546.7373925774644,576.5271299981862,550.1018869582132,526.9178740117704,522.285801846469,507.1423478013917,515.2436447970626,543.6147794045862,542.9869722506576,546.7579137899548,541.3772748186313,555.907116016947,527.955330606182,496.3566226210413,506.2503158313627,508.6918139921533,502.2068760235097,490.58636095505176,459.2128820380706,471.85181340705043,466.35454091450066,462.5233036808738,490.06444327970627,506.6927950563498,487.0538154648802,498.05547022140496,472.313342516661,450.897813266311,465.8882601175814
240,267.8383589349611,252.45193553092955,280.3161542897773,296.99823776948546,327.0604040043568,353.78873794164105,340.6692974799129,349.9357178935855,341.4444153621096,355.2417185759373,344.6337100915012,309.72592612310535,281.3016011851303,300.2724640207245,271.15283115478275,278.1124189815997,303.1569148467432,320.0340014256911,313.97471706305896,293.5770121335797,323.15463627550764,327.80261400046186,321.18201814915574,352.12605708078524,332.177299151819,328.1370302235725,300.7422298650179,274.4838481279856,267.38558604776404,281.36181096672095,270.08438705751377,283.3562451397239,304.7195779873914,331.1500320131249,299.2803972968865,318.4416131450029,293.7415617006842,307.6199222316376,298.6362948236377,313.181825662278,293.1495227778378,303.29887310090743,277.08485919524327,253.96704753121975,261.97938229273893,250.55338670826418,264.81785182623076,277.77901230441887,286.2933916222744,302.4312295086766,323.0066963551331,351.8063261281608,322.442434191884,327.45086522637547,344.8652435798035,325.05114554669495,308.5046255550812,292.19212965856065,297.2554376617769,287.8873774543731
241,473.11600124620765,480.8327789839632,491.8306073011766,474.4928404778224,493.2088367854322,504.6913253392408,478.8367982234424,457.848897892077,443.91645813352955,474.4393636822407,462.283854134537,428.6753899211094,403.5891915572289,370.8412192127858,364.03996630281097,384.8407043706902,381.3712090119204,405.1007984474407,373.4278509426923,371.3084514328258,391.40372748188526,403.6342827176618,428.33207031749447,412.5005009911647,412.56005673132813,424.9415572152841,401.7358541463992,423.8423241737918,410.6452277291599,382.17673900325855,400.77582935099576,415.12708793223436,441.9846706621451,469.4299028427438,453.9267077634542,463.8221020287016,498.760711760741,480.827170153016,478.9285369521193,507.6401824769549,479.85575738381664,509.8332502127503,509.0041418320746,536.5169970321147,545.0129957899962,557.0134840816118,576.1224866815712,545.822013120463,554.7657968532378,584.4414039872679,600.0,600.0,600.0,600.0,600.0,600.0,600.0,567.9685787965182,539.1895688118576,547.5487288353551
242,339.4022434146244,325.5020273653175,304.04287211736533,325.11776997775155,357.62076523819564,366.56382546196016,397.7432181544097,424.6151091101368,404.869997600449,380.61681068282996,360.4278856698329,332.16254254042315,337.96408422951026,322.74958722813966,351.65375586073975,359.59229998664625,349.76503889045745,383.68988312796415,415.41349784039505,434.9165643120391,455.33442159281356,488.7433307995278,495.77526638432505,522.3766558375548,491.9145963985542,495.69897276035675,495.87511652313947,463.5157868785989,434.6024258512882,401.13115053246935,386.7122008465206,355.45798691266,350.07916484591607,371.9714136420203,379.9395002325741,392.10479409333857,359.31026219101307,383.0771074089238,358.3104339657331,344.49599528800724,345.6715679333443,375.7711081042654,410.6415498904078,430.4277977439065,446.47979340482937,448.4175565546716,460.0114702146129,435.1211624945977,418.9648909348371,452.889891379633,486.4629429998207,474.0710106262176,455.9444107062268,437.0106759434461,435.95118278874,416.6148433741174,427.00960765266603,397.2469944474415,369.5044000167874,353.8897992622934
243,515.4284286838027,503.0586964167436,501.0158711766132,511.9794143972559,532.1772089353641,518.6748404210898,534.8426992025853,519.8674175071786,529.980052092841,526.5416619484694,556.4056093030115,590.1521463384904,600.0,600.0,574.5552969416934,585.3677739700474,564.253529880116,548.6413252281874,550.2389521132814,567.1780609463613,582.6826461400447,600.0,600.0,600.0,600.0,600.0,581.0664075463045,583.2677670694083,599.8043288624586,600.0,565.8153091615977,553.7133265377546,542.677844218764,527.8752641034939,550.0949650869001,518.2499656519384,508.41039815253083,523.2283207318533,516.7001010693422,491.7845519277996,499.54422502093576,501.1269415684891,534.8556600965999,552.2524954350845,586.2848145842823,564.3294994624025,582.6411501118557,586.2558254908499,600.0,597.7286023755522,577.5959597554564,545.7975261980151,569.4777042108838,591.51428861195,567.8920699769935,578.0547329450624,594.6960919823136,598.729841658997,585.9358648757243,600.0
244,464.12744226574364,479.54266810671317,490.1906851718764,505.68089218283257,480.83559232824365,510.4172002100356,495.42395606713075,518.9825416792278,546.5194359660118,557.1050884322146,563.9861417784268,536.6195165604375,532.1550023860116,539.9701093113815,510.7009583851756,483.5032991886037,518.0469870461084,506.30337761349,495.7846517238715,478.3916922658639,488.6130761304633,486.7283882069391,507.0585552230844,507.9331934529895,474.01231207284957,472.80042939572525,441.6635397373595,464.5385863710594,437.49465231998846,417.68143336759556,414.87900036323356,393.54188424126255,396.28728145505477,393.53617116632415,425.2127539305344,396.3989033632574,401.7701467420559,417.19811941713476,391.1320100510447,400.6843589940628,426.1810927859506,446.30998782592155,476.7719361559556,492.2129349278217,484.7920130048839,514.2236099262407,494.99858365927673,500.8577431560277,519.4537993126546,545.5134810023382,574.6714301789118,545.6197256426772,561.4438675044709,540.731168045342,560.2695289494216,574.3178101847742,552.012475286796,575.310587356163,572.6358036374622,575.7057342705352
245,589.1334263465174,600.0,600.0,566.1733940654638,545.1184325220395,511.9780119955351,500.30988179566555,489.4254665075782,491.5485714350073,504.8323627244835,482.38652475722546,489.50233421390743,518.6906734309309,496.6412233620755,507.777385480651,475.9686253682845,478.1489597686632,495.05670776606775,462.43963244937777,450.7962098293552,477.25319880679444,458.03678451279717,473.6380033204959,481.49468249542053,457.9528191125852,474.8723450913134,477.1180146035672,449.959820654407,481.4158188829759,480.85316092302327,498.0088193592335,478.24783794603496,452.8506626043396,469.7421369334339,481.90982943252067,466.09736757179314,483.33720805789324,483.6866663291884,473.08847429450685,493.1709015180831,501.34569384603765,501.85447946407743,520.9719762366449,524.1099614230656,554.8073717284168,577.0712702235402,567.144400315354,564.6887478535921,596.7020626622692,600.0,578.3829876344018,562.5842559320363,553.0936922873743,579.6831248174476,600.0,600.0,584.2995912242184,600.0,567.3016788158488,561.8979224781851
246,363.4988802860603,365.9656526993804,370.21049170581847,350.9888057848606,330.3077049798635,351.5573664053144,321.89114225410344,321.42116532444663,299.83641378628414,287.2061195447526,271.61672888679317,286.21328470309743,283.1347269337159,269.09565534494317,292.29029520355755,263.2959550939137,281.9412002770685,264.32309333008936,293.58443891396416,258.9735748898326,262.94000850498634,271.4985573869179,276.90958067220095,298.96065112613184,271.8121316919986,265.9010519924795,291.36262610387763,318.574096300907,318.4582045276206,322.51588709852615,340.98947793281917,360.56220553372407,387.7278964991343,411.79791444194734,405.80754634244795,416.2902791954639,415.1167472457853,388.3740498951945,410.89171429554887,418.01516137458435,387.07552564099825,399.45630517162635,384.2733776844235,354.1219422945912,361.5831663224463,377.83777211149334,379.04767271399777,344.44305186390426,349.8248434498865,315.2874787221437,345.13605981294194,328.84742085369555,354.81788309848724,320.6655333016682,292.4706890361201,289.0692703583061,307.1717868919929,338.15110592703746,339.62774298882755,329.5099929454893
247,236.9307251685288,242.79038819023862,234.393451705136,263.03279563238885,261.63694123118887,280.2182300502732,304.5929670253159,276.4723998427587,272.33164138569583,299.89186155655767,294.60373243893605,299.16453182665305,325.2818081375724,306.56335920585786,334.18407560350033,326.9760650867734,333.48839809290797,321.4511618375177,323.349495600689,291.79950181226417,261.3677000789776,255.39829341460856,243.84492805495904,251.9503547742166,220.0,220.0,220.0,220.0,220.0,220.0,226.83015716477064,243.90119561099618,256.8699602868017,241.20256695272818,266.0137054984157,273.84125805833384,281.8679271288535,261.76731874900554,243.7222208625363,241.9547360832036,223.60220825604452,236.76764981002088,223.36646566792396,220.0,220.0,220.0,220.0,220.0,222.96606018117717,220.0,223.67351816721504,254.15329710812586,279.9866298209697,285.3367186166616,279.60164050137234,293.4870274771478,323.1067807608643,322.37507551663276,294.32661620260507,312.95279023228437
248,223.98207847986598,242.50677205471314,220.0,220.0,239.71948090080681,252.9860002434852,257.31921929704987,279.76018278676344,304.3559785388269,301.38183643476697,336.1227445285846,326.15334030332207,303.1588839667779,327.37723498517033,321.46715455432343,347.6821301403264,316.9637742546547,289.7374220601196,257.556508345797,264.6972755669657,287.92776824512066,281.1140230977277,252.46270457469933,243.60552249486608,232.96875175864716,243.0117864921352,253.66240050787857,225.8740607154733,220.28643514226022,230.2624520195738,220.0,220.0,227.9586452151513,221.15959430229444,220.0,220.0,239.32566401258666,221.7209495250888,243.96075074961178,241.64429854873944,239.7487781525489,258.68491322574533,250.515459136858,232.20910058752395,220.0,232.03369133181377,229.9296691173156,251.58815076632447,248.62538036652592,242.6621276245648,228.5817735097964,220.0,243.13058612539254,220.0,248.1489406346152,220.0,221.5576634662546,220.0,239.5724984916743,220.0
249,435.05057896988353,464.2018061512496,474.6499316441195,452.1323291922936,472.89977300513664,468.80334548172107,434.72571716571406,433.7992650732625,455.67319248169633,450.77022664004926,468.86019017364873,483.2470020910571,480.230864304737,467.8606452565183,483.71844536586923,474.5427346075548,451.44883207856043,438.909246385519,465.2879898904824,450.1252277400994,431.5724651792309,405.91187013037023,374.7743192501109,408.14278404408515,410.7171619523279,426.7922741957767,445.9004154765861,435.5626051070192,456.4860188183047,488.7899159277081,505.71324544454546,520.53456431094,515.7909293716814,539.683338178297,510.90195443693153,528.379814293868,518.719362243868,523.3375363497133,550.8450002425052,558.1963694393185,524.987076564691,540.5694157513078,570.6011311855625,580.5419673573017,600.0,600.0,600.0,589.0870281884593,587.2784750860669,600.0,600.0,575.2789049481822,552.9861715195862,542.2642435234316,561.1850914959866,587.4337725040392,593.0505824022733,565.9793546797995,552.2417307775011,577.2333412309353
250,352.0708917426057,324.26739875886335,310.41219138677883,331.8816360477654,331.42520335910535,308.43529764760126,295.3195637281969,327.07025330534935,322.3072774722532,318.2192253086797,293.9340974517746,280.25289877477456,302.28092808057784,322.31485628880625,317.79977221481965,345.3554305658184,336.97355476021596,362.47662534775134,329.6862138886805,318.99233420476025,343.8471276661487,371.9387969693517,389.88847985477844,401.7790870374775,423.86443069983846,438.3935038753875,421.18897068795,418.8255537365905,430.0749035886217,436.221096586903,463.17792908551723,461.3470539126652,438.80617037428965,418.82691299319134,443.0508721133417,408.6613389089596,434.50046424873796,403.3916302410169,395.8077230072753,416.82005892846934,410.35313530603725,432.9175083998209,404.93842681662574,405.74638266708877,411.5195639270194,438.8803657336263,410.43386417736986,399.1359121471797,410.2902787899584,443.8853845201638,468.2645871972138,492.51924151592607,493.72201857566125,498.22295712171615,523.3235637073618,549.197354745335,570.3565743283829,592.6565635913032,600.0,572.964735176435
251,331.2029632238889,364.53091060064145,367.6652417981211,345.0177120010395,345.2316063250064,355.4364985962578,378.4120374718938,400.2644082935366,368.71131282680574,365.4580619148743,331.89789584796483,359.0688245046024,336.24224979090616,344.98347845264084,349.92676444226885,358.71382486726947,363.152988465468,378.24419588113057,387.07189350275223,358.39291077670924,349.06666734723007,352.3282078626557,340.0920276755281,358.31518961200993,345.56802966585934,368.5759218670721,343.84728233577596,362.7047618847872,340.54734273975043,342.5084123686018,329.9451184760764,339.55852899446916,319.45035768338096,340.12903901801343,345.2799096636642,377.2890304501514,392.11295347425704,399.6306412394846,422.6717495707285,403.04952931405285,412.34150157456486,404.66977104620446,421.73513958645515,388.44799825084374,383.3878450077277,394.00697813603205,391.25173168698325,372.9097433869458,370.41419100450634,394.8963077887732,374.3750389996424,365.07709045371746,399.4005769587264,428.29777878105784,395.67556272992374,397.7988004620647,367.37771234141655,397.0510569974563,392.9592008854085,387.2497911603686
252,323.7194920989381,328.53682072638884,303.6867313359263,324.6135813734146,323.9983055126755,328.6507079046667,352.50704024048315,330.46745441242956,307.73026954637766,302.1863866472669,322.2153635308889,291.31355227729915,311.97546655021137,312.02842810163804,316.35186959801376,320.8588852775559,289.7906025045963,272.2745583448664,290.1453799508953,284.00414831514513,288.24033707277493,319.38114061463324,287.6201643968485,284.0977899940159,274.38697929336877,246.83843912700064,278.3940435401865,310.6962148225845,297.500385615843,328.77054836407854,296.23270083477854,329.8954201583127,353.41066130691917,333.41377676370416,340.38207753912536,361.26303290497657,348.6139603855211,338.3765858320192,347.4046801235241,322.70126368886474,295.9760063694333,278.46237583779305,295.35055801208523,286.0125038608942,286.5275793765198,265.2091183530471,243.7965150675171,254.3281032139538,226.91437084474555,238.66322174989398,231.71235141431742,243.70131536755122,235.42237875863543,259.6460316141003,228.5349634591961,256.06577528604845,239.87205769271512,220.0,224.36830953175277,220.0
253,394.49718680996546,415.6591812343127,436.06745448668335,443.09444762652237,476.5454812325577,474.00805789977744,441.7652452246144,464.1250057113475,444.61557661532777,421.9522932451195,391.85298778277394,379.80598383747866,367.63711153127184,353.8311187689235,360.3546245527309,377.9625764056983,408.6062467110121,380.1897522186224,355.7164804927927,362.0054562295124,333.8749478009206,324.82844772426904,333.5471038624916,353.1852561052119,333.4172062272741,345.17619571406493,355.38707232336986,380.56020116145186,367.5225258649312,385.0289564071036,402.6689469180082,384.4125648573962,392.89361350048614,405.15495963727864,389.3649485208378,385.9909481963625,381.49538910431704,400.64105889028957,365.68944680425165,365.76130960622015,343.66516655568694,353.9441043195673,366.5699247275338,366.64878033608466,369.59084826099337,356.64492149485517,343.5775090458812,360.7357032354064,334.9568989552488,353.9621309837793,364.81305369591405,391.72628162179893,374.93641007578475,375.368943702919,343.0982095099653,371.9736697638002,384.2510720113413,392.8523394463422,409.14058351540444,394.04360348855994
254,449.46690212584906,470.5314358542162,441.8520469835007,473.96922923382164,501.4013054089139,533.812623782349,555.3970194145613,540.9987958853137,546.7076786197396,520.1190481764274,537.9107193930514,513.6654960125484,539.3431714572446,521.1821581331413,497.41099164294627,467.37429710131437,482.16985606487117,460.2041204482228,439.04086729254317,415.91962956293764,402.32528813573225,433.2100885247198,432.27360597942237,415.53506173082604,392.46241491013814,358.7855142895188,349.33499958430315,322.0393027801289,288.9301424769703,261.1387218924786,248.43522803994705,265.99568714062724,235.68472472242408,248.19189938538483,256.6298764014721,283.36919078414724,261.24828137719135,281.8470207747195,307.38758596808475,340.7414751837063,362.3399302450474,336.00370430239025,367.3027350138304,389.35217871009525,369.21494162192266,345.7787596601633,376.32775018819,352.2266540156015,371.6238909942376,364.9920387926587,380.65840737715183,352.08800398881726,367.8420841305101,368.67588054284573,396.70236751656506,374.890256723642,347.5451821818921,326.2806030758327,296.78087878328927,330.39141664361136
255,266.6855178462861,245.74508403791464,267.42308634726186,249.6958940463869,230.25642785972457,242.31811248826247,235.23167861905048,258.7152193850724,268.3940735814541,253.5691037773675,260.42373307074627,286.0760465790987,276.58985381777103,293.14280432446736,287.2511129508681,290.2662507953631,306.62525274123965,275.8621687329287,272.7086352968471,244.37358141633047,260.123969529377,267.67040809233674,255.55548431958624,225.89519025708472,255.70136259917896,242.75162303751532,227.02799745528714,220.0,225.41472463676064,220.0,243.99971575482445,256.79339060870154,222.06743401536,226.66465683198197,220.0,220.0,228.3557014091212,220.0,247.97450669672605,253.1111585634596,232.75411624386214,266.29303702196904,269.54394668474714,246.1269987335934,247.3339506454286,279.4883847210455,274.18310088000084,268.9572867126325,266.2361572683684,250.84340584918263,227.16825876223822,232.69319799802807,260.28721176825667,276.78829370135605,248.52141223598466,241.5808405598646,220.0,220.0,231.85636148298602,220.0
256,539.4121612561632,537.8290562040131,549.6708276028091,576.541393232513,589.3381148379725,600.0,600.0,600.0,585.8063170012232,571.6762853268182,597.9494616169031,566.7213576985982,597.621937065376,585.5161230788284,600.0,588.1020826846213,600.0,567.5531821109709,557.285503475793,583.0077767677001,567.1917345072883,551.4850978688175,579.3977249936207,600.0,572.4039836707473,578.0165773616015,558.6542405453963,538.7139195689364,546.7921986521858,520.4628301437367,518.3473602139451,501.2548816123467,526.0294546927618,529.8440509585309,509.90166914684403,539.7542648373704,562.357021965843,545.927478091457,578.2010416377449,561.9427658376881,547.4277843809764,539.4452191823109,515.9815846141306,529.0727143240243,533.0863271319699,560.6987008406046,542.5599666358619,519.4761286978058,509.57976618537293,484.8073740309391,516.0379460026019,531.2592147834605,551.9926306089019,569.3556842449481,551.3530264790361,526.1989911404527,521.2593419511142,544.2906804753278,532.4267534773816,498.0961594333636
257,470.82306680615875,449.82748176588024,452.825943133295,418.86754663508833,419.48703652859876,412.0396305323034,438.6684696210924,454.1954355821745,421.7174064253772,441.98397419009507,462.36989599639134,473.80856437970937,503.8593358929657,525.0870828295953,505.40998935173207,497.11820130343466,486.6128268739808,486.95637402473903,518.7163274385736,526.8082132299204,513.7139473893294,544.6201890763101,558.6391921743889,542.2648288181291,570.7207226342852,559.8156254804787,560.9504147713926,559.4960139696751,589.1501751006182,572.746610258687,561.0780825393289,572.2892953729406,599.3523945768987,572.3942809237185,552.0861272471003,583.4485410209963,600.0,589.2248837241518,579.2593202897258,577.1266912363693,589.2926562190579,593.5655335446535,600.0,568.7916754246099,591.1245274006718,560.1881220233444,586.8562967748683,554.8841072491932,528.8323774457094,506.44528347290276,487.05883822267816,480.1821833039959,491.06592378540535,518.5481605189498,520.2633572285031,522.5376390878076,509.8889959442855,530.9366256456949,503.6706616139687,489.7478842600418
258,256.8529372208744,236.8455945387094,242.90744834761426,220.0,220.0,242.81375680077178,220.0,227.56373449385072,220.0,247.74569852433723,262.27420110091253,231.43431730682676,259.1170850424788,253.09000766000128,238.96592908888817,251.06067059828877,266.3188450845797,252.54639946553996,242.16235768533315,220.0,226.5410495366422,258.5246832698557,252.68839563389324,287.42282834550366,264.7718506602124,285.49881279313735,315.4663905461353,328.63019523256287,301.2830354843235,289.1409302530153,260.13753717542573,267.2599056395318,302.13032228065697,293.3631452071251,269.76929818396343,253.57411181065518,258.5302496553684,263.35757473376725,244.44503303930867,261.9943648769564,233.15522528149165,241.7680450749732,236.56697150149992,220.0,229.4069326466958,241.52039192034087,237.32181261452428,258.1813099771033,258.8334708858373,243.83628253273525,275.58837198840627,306.6714546308972,278.3649522611813,309.59064203956814,328.8744086912503,301.33950007025675,302.69226909991175,270.1388608053437,276.3588557446051,306.6819906753782
259,359.91970024447403,360.5234624280551,341.4526852412424,344.3189220362649,365.49914884830036,345.56722802390647,349.3113013614227,339.1363307596767,356.48737622483975,370.63008256184395,384.5453584898299,375.9915778505375,382.94112905847095,393.517091916524,406.17406998240506,411.44201476503514,437.1183470426609,419.5342475915611,388.44072284685745,420.81596461802343,390.06732548169424,418.2742213871311,426.13416697392677,455.4459939459487,459.99276908533346,482.46337986982996,497.9536982962473,499.71154765249423,490.1441989492476,455.3443303974316,437.90769961728796,469.531376210464,453.81370556101336,471.4433765473674,472.03820956456093,458.63421649039685,493.0107579177635,461.2989643444991,467.0443617976808,464.3506369183606,434.7074855975049,414.69422000457973,428.2911581620321,400.87416224757243,421.9459199860523,430.7001895627002,402.7602212045527,387.83724521798,362.4396955822605,383.2717862713042,385.5789600301009,350.777055600262,353.78031090623267,352.57656880477924,362.5919170142546,330.0310008983443,297.5108063336576,286.9665736903326,300.1642404216367,311.8233069028454
260,325.7401600998968,305.86488821929953,318.6836800359739,285.5815715653401,289.5564047839519,284.2433097270408,265.9793869825055,267.40025323577805,247.60198919937426,252.10450158782123,227.53267012366527,220.9311739700602,221.66101744139658,220.0,227.750206832873,245.27227737769823,277.19742677447096,256.41627144697964,236.02494715445016,222.36310485046877,249.71658747245215,243.1965889309532,229.32215584627005,246.20481057782638,220.0,223.41701579158143,220.0,228.7400747519859,244.91705189631477,232.6662388844838,242.21544190611075,243.91845111338037,220.0,246.72083456067625,264.5421463088361,294.0579357048681,309.4862571073481,291.62271634032345,286.7595520998427,278.84034188098354,246.34787716523448,240.08624787375655,229.27610965360137,220.0,244.29862813639045,220.0,220.0666517169685,239.99409933635167,247.30779517333832,224.1623809501239,232.4371597466817,250.46894235809322,275.3024584881858,262.60822166981296,229.98271970733433,237.53909415833783,220.0,239.6626551761214,252.2543748317501,271.37745465906505
261,587.6618561221326,593.5801737825304,600.0,600.0,577.7221042339079,598.673676799535,600.0,600.0,582.0402392258521,570.3590253657275,592.8633972278935,562.2656690902442,571.58965261329,574.0729763045913,550.8905073633202,527.4490270115373,549.1628604993158,515.244021379953,532.522922201649,548.8096280919631,559.2872264377689,552.9534628534576,519.9359107001521,541.0602774806633,514.8597817471142,499.5149056382936,530.7897105136778,516.9199823698099,499.7797228974544,532.9156617739427,503.9309159206395,480.17924307485384,475.8614691165788,495.99858806548735,522.9037137915167,540.7982143793103,574.13046659151,540.309696573997,548.6751554233978,521.8193895553432,550.544781397684,581.0162859128415,567.2282611521073,590.1678586149171,599.287148892028,571.3213638059821,578.5151349589731,600.0,586.5665834304007,551.6464377606209,585.0218551648434,579.0006943863785,574.1659881354153,589.048836331977,596.3558134320867,582.4948762939259,554.4933277998437,577.4087041961474,576.2451065403956,588.318307095666
262,546.9917860452753,513.2323525952409,538.3893219812293,556.014990164203,587.2925126632555,568.6438690320704,556.2134326359246,567.516944618801,597.3224538250872,600.0,594.1716355409976,596.9177128414497,573.8562833744109,587.4345590811128,600.0,600.0,589.2090131329272,600.0,573.4242610926622,573.0021621493934,576.8239612629108,579.3799312566666,597.4322858341927,600.0,570.3990603305922,547.9886760711644,550.2454075170216,563.8637395914609,564.8559568462014,554.7415016870339,523.3209210092443,543.3325839627021,543.1361807555683,545.8514198938648,543.6784897126189,527.2526688148212,511.59881134690454,481.0438664544039,495.57579758853916,479.6068987078857,465.50619308008515,500.05120155028396,492.0580804579779,492.8068850007585,484.8600020540412,470.1733799811475,435.58293165842105,460.4249760026889,458.5457332834932,473.93805454315236,506.0440229572223,471.2422167539839,483.49498923308187,456.79983851545757,453.8573925532341,478.1321382156355,448.1368476445483,482.40979158605273,488.0682995543382,480.71784167853906
263,227.41390082745366,233.4915162987506,233.13384877927598,220.0,220.0,220.0,254.96343298201558,243.21144386360956,241.82699422789284,261.7614659914213,276.6559500429605,303.8550828921076,334.74788447276615,312.9903326404118,305.31832187621603,318.3955113135834,286.54721059371246,301.7333540262633,267.07519482635064,296.06138816507803,311.3332496469902,315.91819171953904,310.9412597806248,345.1029935788736,361.65881491403667,383.1693219400091,405.94627125644496,372.4775165865911,341.3054235409493,320.19097254135744,331.056204267452,339.732648001411,327.4940968376614,360.6040102598736,332.1214752088423,351.4918838028526,350.15328218081964,344.4716761788966,311.2612257025395,327.20720061595495,346.21748636964315,333.5445111448507,334.7319120865599,342.18286071300025,332.9180277134536,341.00876814460895,336.3976623037813,362.86255218845946,378.15847805680244,350.8934768768522,371.86569973296446,360.4910939306151,390.9808834728557,398.2168730573194,365.14733030217513,381.5527196592493,355.70412548722254,382.11284929423203,413.4959708232502,427.16388053530414
264,422.4916551520587,429.6360657003673,424.65592768408254,395.5067224251039,425.525767343506,413.56882477631694,400.46816893534515,378.8609032436428,413.3294806620551,444.3089912716755,433.76925716143853,416.9696338275822,438.3455009053474,432.9282044190772,465.6733679252472,493.75853899790064,511.9201329561141,483.2148332641198,497.36377482300486,531.4715819032662,522.6020592121298,549.3118894255817,542.8818181798152,575.874498229472,586.6258942406009,558.3809280445664,556.91412976019,525.3951424980303,518.0504431560579,547.1271281459336,528.381281759629,559.9210262253497,531.9156393498096,543.4524476450016,576.0504365755367,586.8411867368642,600.0,600.0,600.0,600.0,567.2389635645816,562.1506900609147,547.3292648062586,570.0222381860596,582.4526990667509,590.4616946333642,600.0,571.220746355701,600.0,572.0535295018454,561.3447577836216,570.4639143194244,559.3672485901477,572.1447880707533,591.424091414443,600.0,577.55405906328,555.2994277964992,523.9614097515229,523.3210384750007
265,272.26277516147394,259.5645645585717,283.3949669084025,314.8010928986404,337.3464092129312,302.39179603430307,307.1534929280171,283.81970199770274,275.1219857821758,270.07631187233807,301.0821649191807,310.44387615152436,294.17972979013666,304.1753686344774,335.805952063252,304.9470907496981,327.06622749868177,307.2490563986715,282.96661304314847,310.88729735029,276.0167593401428,292.8927611662453,263.99874985850244,272.25842051134555,280.7212036086853,306.1155270730876,328.69798187915603,341.6594858951787,333.29781722464395,309.9462195179739,319.4440243449238,319.23191025447767,289.6878686141748,321.5772009469945,308.5865673408213,273.7364208902827,301.8547421589036,307.24830374985027,323.5625508983725,299.2491877190494,292.5715849008723,302.7258709878346,285.29340055925695,299.398326722148,280.7513713093193,260.39031920911043,226.20404472733722,220.0,220.0,238.50495896762436,243.3846523993788,220.83236626062276,225.60128922704138,220.0,220.0,247.17456432036823,262.5224996865228,273.0995008556084,257.80334230815816,231.52405885091866
266,506.1206140339751,510.8729409523204,519.466152840017,552.7240851965576,542.1065496082618,563.1588766525526,567.2858555136087,548.7540517284947,517.4562349675562,525.5769974067834,511.4101269532136,525.0936112068748,539.1445125285629,536.0267452759158,538.5745434546876,547.4328234914411,545.2351695574464,571.6511119738815,541.9665322413648,575.5538034015184,542.8953672000981,522.462112112845,537.0436619386503,507.9908800925631,491.34297281308227,467.1213403465037,482.7713498136386,488.29668720534875,457.81019003079314,455.0195865089056,434.61479147002876,467.3536933287969,439.90794964043056,446.771811915913,445.50111842519027,450.9670332150769,482.9215327645072,471.81126421166124,489.2249103364367,485.54756373872266,496.8008767695101,487.39690501083055,468.29545937849264,439.14860453491883,411.2711921273803,443.43131444082644,463.6232778180621,445.77042531603263,447.810731894655,462.8070225991597,452.4846757393342,448.2838398105191,463.57057418060856,444.49237621332793,446.33648130599397,426.04265332403025,391.25808539511706,404.5765468846673,419.0850870581543,453.78567595993866
267,288.7858688700238,305.5564916246256,336.9142113300103,347.0348349067877,379.4546741396937,414.06554310913856,435.1792512331463,470.1292648425577,478.936976994101,478.73087547705836,507.9654132829737,531.1323221833527,503.84016731741417,490.0307525933277,473.27591102342666,498.1442271798663,479.4714019813425,465.7545360545292,467.06974185523086,437.3981059251941,469.68418090984835,469.05857526736173,447.3889359494086,431.34638759707053,452.2122498931719,461.59270350566146,459.11652520129917,447.3286209184602,475.3765263290805,494.45604414953306,509.7238867640234,505.94392208722974,539.6251326404166,554.330053415458,548.9837841645241,581.222427225726,600.0,600.0,600.0,594.6539249785734,595.1684602326854,573.5767739652645,580.2545111526339,571.1486695377689,560.4693523276936,591.8453264073582,568.3801667302381,591.4783176167864,576.181117587353,543.1870116187548,511.0194272067727,506.0618516877837,502.87411511817686,490.29169410928125,502.10626649878685,501.08026099327935,471.26817563646034,460.63315928038963,432.7705506498829,402.17464922219983
268,299.15651749902804,313.19679978033776,326.9169149811387,352.21415387838795,370.16350435271636,372.6482024609966,359.53104862164486,324.9378532833874,335.23747697353303,320.5174001065723,303.0244072275266,336.262195081721,313.4590085501586,280.7294403396164,312.18676800306457,298.60723854701496,291.1466420904605,261.8120853665,255.09665037823248,288.152140732031,301.73352098069637,299.9012601190203,286.424275339885,277.04735248955797,284.83332298677186,267.6448273691435,243.2811541538075,257.01716132986286,282.8800457281823,310.9877693176393,334.8870665491,337.0290442680943,357.2472120983802,387.09211332209725,353.72749459459664,347.57436983417006,326.8631534040837,361.6369683838003,391.7065890581225,412.85960563344156,398.57119199227316,430.2183505104323,397.2658813147824,375.4286607710127,383.60982356717756,404.1202934112591,430.97445312934906,417.0100558784372,409.36637795330705,406.2042960900693,373.09246338744333,398.5703111010905,387.2267001781232,366.1761919409988,359.8199863579955,374.55942260092723,400.523513158494,380.5998657935876,357.6827734860653,388.7475812334893
269,429.3393472821557,419.94338861159036,398.895750466079,433.5630980199697,448.90599811637827,429.1579696887798,400.5461308266805,379.4958949044577,361.83787717798816,334.61387262630035,315.6894685762619,288.8640479215671,280.30526698362644,279.3389351255154,276.2088832061796,299.25358799061416,282.03326503404395,309.12983270622817,337.6984300032443,369.8844098434994,347.5532362154413,329.75581645191727,338.42407586693577,313.286490191292,284.27998331484173,254.43878815704306,261.8692625836805,283.19673252437957,266.3187289105228,296.666101009328,317.10158656226156,287.52381493781655,281.0350339345536,250.79607455695174,279.85966560249636,296.85581571558157,309.91397484041175,322.7031041034056,307.6658792361077,338.01362010015725,367.60798617558487,384.372202831781,382.1973173268065,350.4954184821566,317.47721299174907,292.14661629641984,298.8501448549339,319.71710139926245,351.1097046184158,328.38505016774604,312.6720018234771,281.4590219172862,315.6923235989477,335.35637914372285,334.00636818702475,339.2959430581959,343.64815185151235,326.4534045715329,304.43075317207223,290.2190533356215
270,313.91834892253695,317.94531521304225,304.51951162183224,320.5456470349296,325.3014283349221,327.5598919139054,359.1504556101527,346.71912308677514,356.18801351357007,321.1915574054901,337.7762127148989,337.95428774607217,317.54123475598436,282.64697370598753,297.13305118625027,308.52210043479045,320.1005985883601,315.7224362067924,325.4732490106888,330.46668431811304,312.18933744090185,313.50310034369187,314.52459596701453,337.1781981433507,332.52242973030224,328.04841023394164,361.95672322317876,389.5691943233041,371.529213626366,400.24973025317274,374.90739619739503,399.64477030919505,377.47740668029627,372.26964110318175,406.1441552919655,377.9375808506216,401.722728248382,401.35410471531816,374.1235003195759,405.79789685692606,409.2440926266719,435.8889641613754,461.72645010044795,427.75087090629677,411.2897201559053,399.874230728826,402.3147139167313,372.345334605607,364.57301748868525,386.597686142302,363.7210641928107,377.81041741315744,375.0334760702666,344.98283439302054,322.3990189870474,297.27117020841723,305.65141945073,276.76412737252747,299.377402026952,320.84354119253476
271,250.42355890589732,277.59736274701015,309.73862054434403,277.78138741703117,309.3044571866094,293.86680904388743,305.4001449001108,282.6372471366984,304.85915660902066,328.7930905182503,362.27698888200496,396.7543312339632,367.0643707782852,378.12182286775044,362.2350552684109,336.0255002625911,311.44117957264797,341.99178629763634,354.8472329818105,323.3794995496434,357.2756050198699,378.8224615651199,365.46501296067066,363.4256815130697,379.2860000572127,391.6082460659739,389.0239089829704,389.8912020319051,357.9157396610554,357.9600667751418,346.77734919582434,331.7309332290713,315.6045029628443,326.0307857777957,321.078819228288,315.88498781824273,292.02807721284626,324.3585269898995,305.03336116143805,298.46100562349295,276.7753391160747,290.99533878331505,286.52435103557485,280.47984676684194,306.73648874407667,324.9000782296184,326.291331931861,324.0926602147406,356.2857580605345,388.2381095889211,402.5720703426132,420.7824251966635,448.7189287674306,481.22054167838223,451.9797753173399,486.7934935902806,501.00504863813853,507.49718843155244,501.4188872044353,489.9661797624579
272,525.5998792391114,536.4103331973743,515.4596950148789,523.1534676142593,498.03509473476186,497.8163325901909,503.6583672386163,513.1562521906985,488.324605471339,460.0165024768929,443.12607409516795,450.61816234599087,480.8359593239555,500.3746064869802,517.5743432490501,505.69060736809024,478.51012395235136,505.94588238076904,506.00562773193303,478.0413869662307,480.4891980744332,492.76791506100113,480.16091713316484,445.80834235101935,454.3208297013627,422.12751599142666,417.42304635240976,440.15731232128906,475.07664658526267,465.9978505641544,432.4067354191682,431.9099525548823,416.2492303751218,443.74348132636527,458.5487018493038,451.8513306657205,470.19330682999237,459.0777176545976,460.6011686125629,490.19613819850485,469.2071468350969,456.12120696856636,483.1127458454535,480.44423106718233,467.69644907433286,435.30735598720867,429.63406861829174,429.67614641410836,423.1194471265845,407.5415934905236,398.38070563929426,408.35184153805466,435.7414219354648,446.21872951588995,456.45010003405355,478.631340372715,455.1913348140436,441.2681688761133,409.80953768435427,399.28418346548114
273,599.5530372612722,587.6049049368625,600.0,571.0044399751303,568.1843054086502,557.7867059853647,536.8975064115639,527.9729444055444,538.5624122045207,537.8839774467572,561.9873596313495,590.3336221107331,589.0661202925943,600.0,570.0414534475609,554.3851989410982,548.5549878696985,554.3440935947814,557.5591754867062,562.3175489514514,590.0550995340556,574.484662970787,596.664425161991,600.0,599.3343338045884,585.2932735983712,571.5780897915714,563.7716807927135,582.2174149596918,580.5887170911508,556.3570750590883,574.5474974730843,585.9840966271951,600.0,600.0,600.0,598.5531190932847,600.0,595.5281944240128,570.1781479355205,600.0,600.0,600.0,598.6994525129863,600.0,573.8742445494627,561.7021824193813,535.4311369727833,509.2528936996576,475.7472218410617,493.6597609009702,474.5713646247327,497.81190495961084,526.1223209510721,502.92194512670454,517.5424280902204,514.7638290845247,544.0911101029483,543.000313669064,534.5214857200584
274,331.9347452314608,360.1882460474318,341.02079728602877,363.9608326986928,342.55395402914843,352.59173382689283,349.1663286075866,321.48893585875413,295.3042461609478,280.0098866550447,298.6755046018296,314.7013047604252,294.0597223589409,292.3938759786239,264.18296336601355,279.29920339883773,299.8303458500558,327.37618585264767,354.37840349995986,343.03086500018026,325.84823334098184,353.6094895732276,328.82997781059333,297.9840628290772,284.98107129081137,303.20207436483776,316.7960598157202,350.8899293476001,341.0572793251556,325.36659136513714,316.841124012282,336.5990623124138,316.6000588908935,347.9424177881452,348.82087106522386,368.64102076943675,391.5493484833109,390.0664066969534,406.96240332513446,397.4910060006167,419.255966999741,441.92917760296115,446.56358496365044,426.8339320747631,459.74955433738864,491.038145249656,499.42558337020955,533.2972534248811,533.4929941722673,524.7769004170896,522.012111520966,490.2256027939517,493.664132167347,505.3004030067708,477.96680116791623,460.8586311866481,476.3415188762051,496.89283136132565,530.9035248154369,513.6291828277895
275,539.7469992325407,516.7942067905324,490.95569446843734,506.9999451507308,503.2110111516116,523.7856560359016,508.5651917093094,488.4887631062883,491.9046751739018,464.97640840086694,449.4888533802717,426.1254441823519,413.5287547464228,432.1136641560312,405.5656277605804,413.39645210257635,419.3300770364022,421.9992210781122,420.89655332126154,432.36679561444015,456.9935414963431,433.33610618076193,455.32529874677346,424.6285938508571,423.3773053398465,424.17989180220667,403.01090001519805,374.2880173901557,344.5317856724938,312.138164625524,317.28967631385274,293.1728990526751,314.782231512771,342.7089219851084,328.17749319911655,304.69014329762615,298.36297459103196,325.0728886809511,318.06023151483737,290.64377223579095,324.57053872916634,324.54782171451535,313.51382469787916,341.0672799869735,370.985524558062,370.76183721366795,357.23198477920647,356.0163521485574,336.3660887304705,334.84275558619566,315.902932983523,324.45712625901876,342.64936893389637,375.5093141131852,399.48924696449205,370.5186861009508,350.3252876968669,352.54371774837625,335.5750873416062,301.58065183743724
276,506.82056096618777,496.8646014973177,466.49160376670807,467.1101529232926,500.51476284367993,513.0124666932732,489.1260946202607,490.1267856353395,518.2473574778835,487.0444141645297,496.6969382180753,512.1860475027381,526.4668664547537,501.9787957530496,530.488292973118,518.047286263033,486.66922790040337,457.49469331418175,454.52511004016065,422.32385018569397,441.8925264294724,467.50017184739465,433.436294098886,455.137239331793,488.8216921687509,455.94746344615334,471.6951705695265,506.6317560853611,527.4300571259379,527.8050473383976,554.7426553835163,569.2979251266938,554.7695406589215,535.4719254043304,536.3500328936537,527.4593695751664,515.5221289317266,492.9768661026085,517.1468863246273,531.4979013697687,519.6904042458807,501.32709995684377,475.2967538674483,448.17266069451296,456.9561336597092,429.573336124394,461.7882198027817,446.3276769156264,413.1340171563546,438.00709782537757,428.7382155348986,417.7458273431458,391.04927017029263,402.2788142456162,392.3943502568766,415.0039673265472,424.14724858065625,450.7411132622339,459.32039432139925,478.86987040178167
277,484.68492826379554,482.06639798864217,495.2735774258808,506.7267686549648,472.19602204979356,486.10067776074317,469.45184288834236,472.37944042834454,445.1727076171044,411.7842827271682,377.8426623414581,353.9162782075636,320.3087536702742,294.5765731298455,298.7187255049737,291.73782371508344,325.3901922964292,346.9987975116333,322.27310032583745,316.4483578681113,311.6163136275438,301.9644881541338,301.65577280142134,313.5469909826039,323.4092710787796,313.40621256812835,327.75940618852496,313.02338409496525,336.50613319081185,369.0121762192937,354.64374203071634,374.57194072464654,396.5117469946874,395.86518321212895,367.007495027842,387.0402273347919,380.5637040110683,360.12869329619093,368.9942095754455,364.579876973099,335.7099483807117,369.56717241538115,351.6935033324713,352.4610572160465,364.1712355372182,337.2274910451266,353.98619761537975,364.36641570411854,363.92911851559467,365.9122179324023,397.7478698532252,426.5107184620527,399.3495511330428,390.1621948477258,391.3361950715991,420.7345042847238,442.893937346507,434.947726556116,461.9824549418612,453.4535006361098
278,323.05331560563764,330.7457994646696,320.6589223017058,329.2274514962868,322.9053367494525,343.6091765233342,375.4109446595081,359.33258718050814,360.0332930776078,375.74356354878904,351.8399002132895,372.5533305787053,378.3613678938852,353.8432045677309,379.619275644017,374.48836381082367,351.8517180255491,330.5294635292546,350.51491151289736,381.0150427538458,372.4925373116363,343.01050258314257,315.0681181449126,325.8816137884822,316.8342335297595,311.663438343965,300.25675481435576,297.8444544336262,307.89291613523073,310.77265760856574,287.26955729916915,286.65976293523545,283.90267707267935,287.1042844364342,259.8511866092611,235.59808522225256,237.71517768980885,221.99563066828318,231.02784887807746,222.1204456656187,220.0,230.947635182913,223.521172057889,220.0,241.6166285489203,236.8397383847633,265.89466216534834,244.4327271614265,270.7772435838796,292.89094153281445,265.1650492189906,267.3827413145128,278.1405415247641,277.82429515567196,270.1427110486875,301.21165996414675,315.2691201461021,347.8800115756165,372.1161333353399,394.3153312104708
279,495.7402703140037,505.96581726417236,533.0461636420376,540.9848477284521,511.25503579321554,517.0344821227467,489.2329427338209,520.6840176423907,530.9508459694807,534.8460858084156,513.6935650997318,514.7972585909664,503.77442885902036,516.0514606196252,523.3601464417802,523.3116427422743,506.00351284337887,507.80553197145736,505.1243139736231,529.7129253959858,557.3165392913808,575.4639800789694,562.8387770418311,530.5050427711019,560.2785599181734,594.7194175342803,568.6108708968559,581.60399256168,576.3642500459604,551.7606783846959,586.6277701522856,600.0,600.0,575.0727378059102,574.5074545785197,600.0,600.0,595.4221262304109,596.5907230919813,564.2928354210552,572.0990377980556,597.2791239670739,562.4746778249637,538.6722052603044,539.931513800677,544.1990166221376,533.2336807837875,500.1890943834053,517.241101071894,499.24585934905406,509.36627048211017,513.5065423575455,508.6652081297403,514.9854733592258,528.6381854371722,533.6952876933896,537.7220679405773,533.2475102205733,528.3499267936214,527.7175457456804
280,391.7896066192951,387.5213275207861,367.24723250551506,382.9858869794049,357.29255980307016,385.9022893898528,394.6415241439039,363.06457168253314,374.19448066491094,364.50047897031817,394.58401807696333,425.1093021312429,449.32428886094215,454.0737119991188,483.4161503904836,493.9027236255837,520.1617575085614,496.3654814575414,524.6581033977257,535.9694520173084,522.1986266370191,557.0455735396821,570.1274512544952,598.7165753159462,564.1075617843375,567.7712504527805,582.6485341028697,548.6101163411795,566.989262099779,577.5906356215143,561.823811373003,575.0499576173454,549.2130303471315,571.895634260948,597.5313924690432,596.514777588538,597.0357293449205,590.1795346055651,579.3529135698311,600.0,586.3411223051278,579.5406231349352,565.5347638860511,576.504657141542,598.4999403193527,575.0034482054426,557.8354243181088,530.122963915121,506.33584090700344,499.8175546189035,519.1288948985432,522.0421503463672,490.7714897984686,499.5275622763471,520.1988540985295,512.7416002088889,494.8924823049406,513.3681232787367,480.0415600060015,502.1329317151028
281,525.618640986796,552.7776561353905,524.0412519790443,496.5843457123681,522.6770433872681,520.945437088622,513.4091326073826,518.5396821665082,487.64049707745903,497.7006289701847,528.8564497214426,541.1568423131362,538.674300174779,570.9359693775832,584.1321183508221,553.1193488505268,565.022606077446,534.2013164701519,520.7074082654497,528.8052518936399,508.8983730267204,476.5716159483213,484.8283741629134,469.8383839647242,472.14587966846807,455.42607019179155,468.4760894768084,496.1751868579877,467.2347230536826,487.27703103551573,463.2036848939402,451.262369996492,441.277940704239,420.71963993551725,390.98604379592985,409.78009741432675,430.33402516345603,465.1123554899177,495.5346529195906,490.9596225565282,465.2967835744523,431.0457841358191,433.2520118306196,458.491660588919,442.2449223595554,421.17081811872026,416.89755414267785,444.4448502093343,441.0620184332654,456.6519218531054,454.02875656533394,445.13587826634,440.99972208107,459.78775936820654,477.59618327966723,472.81925578274524,456.55247556275185,431.29136829861403,396.38724690488027,369.31527772001056
282,282.56900077292124,295.86464614159746,318.11875752661035,334.704954162795,350.33124786695987,384.9336908976482,417.3155326501176,401.13483630916414,376.2918887775491,352.02276543304725,379.71523238283703,351.87951173974193,340.68960356144134,342.8138605509164,350.75539580873954,357.45668045578077,377.5052210055755,382.52374945356917,407.0970072067691,378.021122891822,403.1487046410321,409.44892589542235,390.0542055049469,423.49622871379756,454.27762787481566,478.4784353919755,507.2901648849185,499.04008535809,479.9864264295612,457.78969674570743,483.95289454147166,506.81708896454774,540.4827757979933,564.8604228997801,574.1260368746345,549.085759435643,525.6250871204392,523.7840539961854,542.529741176291,519.6590184887338,548.7452440437535,561.6105951778334,548.4722315090827,575.4754029603212,582.379528732987,598.7006224747458,590.6815769126349,583.2301146645679,549.1133445982708,551.7664861911214,570.0222625994921,600.0,600.0,571.0893763946929,600.0,575.4636482300596,543.3416491175054,560.7667376002812,589.1787891233218,600.0
283,533.4909209511605,512.8343560509571,488.6145600655659,457.7423534955676,463.48018908815624,462.5856714195691,435.2355240101151,432.7734223171245,437.48607365453864,453.0928987002735,447.08672860261294,434.37139989810373,445.9689437688928,458.864598782081,442.7945977489683,409.1822135055671,440.3805533875435,458.25060183968554,437.32790525212033,441.9245008216909,448.5708279690158,422.39003220871336,400.80602832248246,432.77548447494763,433.3362446764105,411.73720003395385,432.56743282053446,430.5075639978776,440.19640982696615,426.0215171816667,395.0748040596063,371.62089970908943,404.73348292930837,413.3846734372834,436.5606373374918,403.06700639215916,421.6493814729649,420.5960261308953,432.16757751187913,422.24193033573334,430.70274821305566,398.19613195819875,366.3873418357685,387.3058905291289,361.01845927515967,326.9973346961892,355.86928897075495,339.4565123628026,345.22326379355326,368.9474517312486,386.1609472910286,354.4248947477939,358.69130380791296,361.6171545045937,351.12276697932606,368.87217567511067,401.35257173339704,376.655637508911,351.82131777101637,368.25283913327723
284,392.6782358631857,413.34356100376584,388.21899367906076,356.0090217690155,369.86440700863034,404.49418071541805,376.1300554361171,401.63370769765004,393.6039895517891,359.77925772230657,360.4807832302913,345.0005777290287,358.5387976354413,343.68694120589777,342.405949846211,321.44551744030423,344.41264050335343,374.192842834121,367.42634562927344,363.8479479090322,397.63580503383946,372.58388840456587,394.18725442586856,398.8967568353854,425.54816629867855,411.0181644365624,396.7492220719864,384.5566184358649,350.72079419847176,327.6132971339358,362.2343620123236,344.6607621771989,311.0549590204436,295.5527810031383,289.1400927620594,292.48520231182624,262.2848237024061,282.6148480817397,305.3999368555337,285.32117737655284,306.21045055300135,296.51033407388934,291.12804652567377,321.6752243276549,349.10853169485614,340.3662816181904,339.5340030187726,324.59066818108204,325.6710662654884,338.4046194639344,309.8913582732286,339.2802371055269,354.6014148756545,326.37410269696454,352.2033321354835,369.26113277248174,356.18000995077415,357.68032613162563,382.88947227490223,415.65826589122173
285,326.8094104601003,337.34848322301303,362.5657679025063,396.7374473215125,366.68774152675434,366.9412791342123,393.09788246297603,358.318951163943,353.925416536324,359.8193272246983,361.6736488236613,377.9677368670587,347.5542829538374,367.53345360484644,352.35539113419026,375.0514481908672,369.4156030654153,337.41990449162506,369.8939380886218,389.53238842341506,378.8795106831795,362.7814264584649,369.0088874499687,403.11950964764253,388.4311873402249,419.81016551245557,407.9372638857568,422.2241074538028,413.9455124992456,384.899168179851,415.43242377278125,391.90738340294297,423.03578616277485,395.2672639777947,378.9535851247496,408.4182300333685,419.5160904368986,397.7799309458173,404.226462747687,381.85384731017575,408.0647920470997,376.55279456079626,378.63723340522114,348.0803452132835,361.73193778801726,392.237744251574,415.41239572858973,406.4333434892742,388.01668687285735,361.48861133993915,387.64229045671647,358.31992949003535,367.33797290047903,358.0466957652485,392.751178051216,393.3688099975002,396.78417647673893,426.03639142777854,458.91097465533613,464.7655269319539
286,522.549188402093,531.9828608396842,526.9008933192375,495.9129683284663,511.15503947639115,525.1734335416365,498.3425950098473,479.4474162567929,495.6963893380223,471.1762277696401,484.5416801799317,499.8000835642731,489.5341534800679,472.6068829646278,463.7196417418807,453.86340523938327,461.35479163870406,478.4241726190245,503.74685705854995,470.84631693869795,486.7049259545538,473.69794723479504,497.4028879845281,467.7030751663989,471.28529087851354,474.6924421612945,462.54824451356046,495.469706328296,467.95432691010416,442.50213325754873,452.600305130728,453.6012508557837,437.11394985442695,423.4129756064479,399.40460721606524,425.1480969398964,430.0144180596747,412.1528383904429,404.69229143009693,433.16024523143875,460.23912654715315,430.0765949250777,440.8636046046569,416.57158657253757,396.3334221609156,421.8279536181647,449.49127584148175,420.27970995405815,446.4543430175667,462.4488917165924,481.74861714526133,502.1756900804681,502.68201910212775,533.9655541113019,512.9907263899436,513.3382839161716,500.6369645083599,523.2071515045354,493.99620135354985,489.3536954382486
287,513.9215093732253,500.78537318226705,482.61871308119845,465.99715391684117,480.94846143529935,466.0232487440175,459.2110969264261,462.4078630471685,493.26106857343694,513.865397765522,491.83511426120316,518.6510105386136,542.7847308615778,559.9504472304186,561.1338654644547,531.0209123324665,545.8262792297081,547.110231159306,533.7944759665629,499.4901359678421,480.6635646221865,488.06187705274397,460.9233380959809,471.8026475588008,494.17969377634165,481.4521776278793,452.1911653897268,426.9700807195621,417.02370599700544,438.9641036900954,448.3636140699882,474.11574943672116,508.7256473208999,487.90528152384104,501.5427820604166,499.19895106482215,498.74241533109955,486.53311358035586,475.5089686303146,487.84870501815834,496.3049092218795,483.60015916579977,456.90082348313575,462.3777135947099,479.1354577422519,483.2389830572676,448.4945301992325,433.2566160723987,452.75716984684954,469.73554421622123,435.46426189412574,433.3849981873382,428.997270272862,439.65696661322795,413.40556941777777,421.90463571953666,453.18889713081023,444.21136455387773,432.8263137900608,399.80545979609224
288,241.81012240306399,272.0201936881443,305.30532294585254,270.7002419764136,298.74782002043514,275.9250221680926,280.22013247404266,292.6899971210551,282.8241068602957,284.85327328424586,293.78122645511723,272.3560674120528,306.9540309230506,286.2257594140346,251.9494519420979,283.0493733894303,278.0883124499203,270.9916927747738,255.28868506741645,222.0969199427982,220.0,220.0,221.42304742067057,220.0,246.53253453928158,275.325624874392,262.5264694014921,294.6952909727743,320.24068302119906,350.1751201786315,364.6182819457773,343.4973109785652,322.16325646460945,350.76886588048546,351.2620480758965,378.59475957665813,394.0331111199103,373.908972423365,365.84215982777175,398.58992487934734,364.96071818039263,379.9815885968847,413.4961673921491,385.7864536068031,369.8259534530846,373.11687190076793,397.1804168430369,397.6362477316778,366.8079710212978,340.7108736544786,332.02690947275806,319.60475663599647,299.98226081854125,323.7912723515466,290.6729902139581,313.7270875583535,343.24469971355694,352.35247143213144,361.1269993332749,336.55823924225865
289,435.96074052011613,427.2229480957805,408.2564314021942,414.0895003120814,379.1728330064456,363.5217284143967,374.4446701145873,371.29751285010127,346.4923506854127,311.58461850790974,295.51537049280734,298.94952190966626,301.36771146762004,275.5427444236544,283.5015444348225,318.4262509105778,324.366934348855,326.3016066485028,334.88592530000693,361.4628876182582,392.6828417469527,360.5551878496388,339.90475405369955,313.008238534117,332.0730035333018,300.262403659938,328.44684994931714,294.88572549253627,302.06400239897494,286.3543359775936,284.29378272346787,280.22579670380964,297.6483256544884,297.41327272868267,291.8987308375412,308.018128018446,337.8246123697859,358.39918047643556,374.96937268161435,374.10991836111,402.12502424080316,401.1669662603213,431.28697123240886,452.49152960192157,428.00974609463066,396.2991981855453,413.1590962661699,426.1678375781936,433.3140591489319,466.65080875014615,469.8290220941834,459.18201279127885,463.7296223488594,430.7184450242413,436.2669414441623,464.4370557970339,429.7401605933037,453.91142744577184,475.04645003270974,447.47366911843574
290,541.7955873862527,560.2437559875914,559.6170080167806,541.7819837047647,526.9490128141143,534.8082575971537,517.0495375534384,504.8244348506162,534.9831250311378,551.0361281865755,567.5613116667641,599.4768612152817,564.8824426015005,546.9964516375861,558.0546290448137,553.7336364204136,526.6299827896796,546.3163408146959,514.6114182002907,517.6809960535548,522.053499261531,531.5707916342767,518.6646328248036,485.3166987110304,512.5455287366782,542.5898643746701,541.3290752579547,507.77390000166173,513.4348812173032,500.5499708337077,478.3239612120665,455.15064715875087,432.6985279820726,420.85739802262447,405.50081312111166,429.0505513928349,428.72258091013657,423.65790538268993,398.8662543807027,425.17860989918415,394.0161643047494,375.783359425963,384.28641872743526,398.4482886881611,419.5292489255014,413.2496400284089,402.52144609330816,387.7200593507131,392.4866863261539,381.89117938632927,369.8577762336446,336.04013597412234,367.4222551020349,336.66385220447273,320.6248584862385,350.12423240008724,366.59860606845143,372.06839236157225,383.3253662852484,355.11956998214407
291,527.2859905889844,509.79346391376663,541.7284423652876,522.924664630869,531.7001737670968,534.8728882079487,509.8901047857555,500.29500653293235,519.9854993646576,499.86666454459515,532.2666765835319,517.9505312888643,526.8210474524703,535.1417402237608,533.0962171753224,543.9714496669255,561.0218357347995,569.3520437286618,573.5516670820404,581.0155856471338,574.152500075271,544.1136217744795,520.2925083172743,527.7617913300529,557.6639637992739,524.4658021992567,527.5482659936104,510.19256630425366,514.5143596881696,531.9903747295288,548.4720939814002,564.2140998286696,583.7387424444303,553.8214905218973,554.491938896154,537.8164328722044,567.3053721423732,587.1069176837362,559.6350569988235,541.6622860309361,538.5277039158062,570.931307442256,543.6084303307296,548.3664961286786,537.2566220508977,547.5004459721767,557.9099168637661,539.7513209316473,559.757978953072,531.1463519465085,553.4160729226218,533.2537530231864,539.5243039176021,528.835984800796,536.5205726643287,520.2398220435351,525.0672790800709,490.6411572950204,481.8529693282245,504.7002258625777
292,395.942502872093,395.8907798013906,404.4011584553701,399.79583037374886,425.49120131441583,418.72392820378906,449.7025986008166,476.0882602335147,470.56440501964363,461.17046624154824,473.53442756456,491.40589997174436,469.41621038446556,451.28937460751933,426.52705077291387,444.77548224609615,459.78361279463206,438.0173797969184,440.59861482772243,459.0953699719604,490.3873763639965,467.8839621531687,454.18704674544693,443.5708316001821,452.31924673950675,426.8685662541358,405.4086011017333,425.03917971917235,427.9829363290973,404.20997253608937,396.40026489666513,370.81485856988644,361.20315865646535,354.21710932127985,327.0648381350576,296.25317796808054,322.9653102861077,350.10067656092303,315.28119782580853,325.1654845754981,296.7230151032267,318.432930290419,345.0022977411816,353.16535861709747,361.08624062130343,352.08994625506415,334.55277411046444,334.5017321511917,308.86193779455044,320.91768043481443,318.8237631113947,296.25586853355986,302.43786622880964,323.11081478981066,329.32677710650984,331.4030759224679,355.7432993916246,321.4961763416827,329.6685102901068,323.3469631137265
293,293.55513648991433,327.1255859959413,320.3925540362446,308.86095090720016,285.69154168904544,320.5351582762293,345.4587531983067,315.3568225055533,319.9595938344561,295.2776785957387,310.38237764664495,309.26821769487555,281.9954451888249,285.98816757732516,314.735463154522,303.6190909178427,272.1754839511812,303.33998173970633,278.26592490036785,276.51956496205423,279.6469639114341,261.2430863341221,238.66234857679183,220.0,220.0,220.56885833762414,244.51031271602628,220.0,234.04333199118489,227.9267859208369,220.0,222.5180617003305,220.0,227.36778651283515,220.0,231.65166227840712,260.94689768357915,243.0650170292813,273.8538498584201,253.15547007594336,223.10411183157876,220.0,242.0441689660884,254.47310613460633,287.4314968629065,302.11940859265167,296.003597145216,323.47376533451734,355.54276160910956,375.958606076317,379.9233770847741,402.7269817761635,380.2601112895632,408.28461289462024,443.2537416686778,454.81355332055193,433.52578609115255,408.6363524448251,440.7953608368494,466.79005833263216
294,504.49796359461146,535.9363113476902,536.1745740484776,563.316822258643,539.7142442378296,517.510924505345,518.3749377015722,506.65061396068893,501.926962721715,522.8007517627523,491.5392747287104,506.99834312832644,478.174391920062,502.49946543969145,481.63245189718873,498.0781763215484,504.5097342506867,496.503281745786,480.2308192751101,449.2529714137587,438.9895858976692,418.0265988597515,392.5404741363903,409.2353427176297,389.1113920885537,369.7324554286855,358.56615705146856,355.9518782249924,356.91177032527145,368.4300091441004,374.6265524927553,373.34442407362025,365.92023909824314,349.52527393328955,364.2212568911023,351.44634931866466,375.91704686547735,381.9484187776364,391.32451827460903,391.9398344360504,421.93875896169374,416.45044876493586,411.3382405042527,438.84925520828085,446.1927396754929,442.6331497761827,425.9837277923538,408.1368389459881,429.2372409088546,413.799866342515,379.2015046637506,345.56374941463326,379.0519322263928,383.2405877899989,382.4723120201566,411.72363685773973,401.3417547870602,421.99158396292654,437.51827085753627,435.9150246200649
295,514.3601210343026,546.9646081657871,526.0071244708821,492.23278348595363,514.7345919244545,507.9856870235915,511.09386156964206,491.6662240209193,515.5914373506207,531.0758747857105,562.8115387593464,561.0791697713242,594.4387206645822,595.198598172755,600.0,600.0,599.2840019004122,600.0,580.6314945291043,570.9969085984079,585.1364357548653,552.8656629561207,566.89458135383,553.1588764718041,537.1873850179996,550.7315775226824,530.7777389131354,563.0955794253874,597.4431117853024,594.5101403349046,587.6094238438651,558.1420457917764,577.617353657369,554.0080334156056,584.3213836489313,600.0,573.5686846057198,586.3790963522093,583.9985357619503,586.8787455566867,564.4489731325214,580.0954360936653,556.7583265612237,583.7293250032853,580.5075480073066,589.9483149630347,600.0,600.0,600.0,593.1874353490352,590.5368938885945,579.4540080613323,600.0,582.7000490903354,576.3542888721234,595.8299635976988,586.3338806815233,600.0,582.0150848102934,549.2092237299516
296,458.9254226557101,459.50316469716927,489.81723028952683,484.4364931022441,458.9278111593177,447.0099987665622,439.53482546379183,445.3540524315982,429.5690868078405,433.09101922000684,461.6542298096243,456.31535429552446,466.9252188711586,447.94811996996435,469.0410131231859,452.91795724839005,458.50415279377904,444.521475675067,414.2396401793963,401.6160320186685,381.4581782684629,408.94534205664695,392.576690081317,425.7863128051415,425.2505196258821,405.7250672856175,398.1191566072162,375.9593348320473,399.3171626012291,372.71501145268235,398.8619540573613,367.07614744900746,353.04870265606075,327.8407730730551,340.8093612875067,341.6718824570196,372.42565255637055,363.058305832016,330.91074237705055,349.2268768007099,354.7919222780101,377.71239364511905,372.5420936902716,389.21477498522313,366.1893744156859,401.15623325391476,378.3115214947524,401.39756543087304,381.26823725826387,401.04379617985563,426.33146537177873,452.6963288064625,450.9966200903848,446.0135282085486,469.37890731770017,474.94315292425716,483.4325311284541,464.9572296130576,461.1882206072401,452.0496427719152
297,472.822192453453,451.57602205479674,444.978656925357,469.389901055228,472.64109845142525,500.36417686416206,481.6410979411297,477.4343315030086,477.46346712666593,470.50318563809896,483.41773500242607,458.828121813969,460.18614912599907,434.9002136593197,443.94403787444855,467.06140720366125,433.46120047221075,430.44673599148615,429.9359874182068,445.35378216392644,415.58417740217897,409.00563209108566,428.9893182731646,431.2394375789258,448.72867074685405,439.2093553658701,468.61549309787995,439.029661173246,410.41116957944183,412.4051829230751,410.36285235557074,420.05557927811384,401.0895087098591,381.9114890782404,399.34915882211965,384.7727228714468,400.6831443326469,410.5326332882175,381.36553402125963,396.14460880278483,422.7106850251996,444.8759230395332,410.4962536518174,413.2762270815211,442.2098319056606,449.12062909960224,434.44345404531936,413.0615789853052,426.00790604015253,444.9956814700536,473.87661501427164,502.276775861589,491.0263874896891,498.297772695094,470.4041157052236,442.0164942166894,412.01929389272766,441.9193911188815,417.58966095480605,416.35249484901004
298,384.56749862187473,372.30147629574054,374.94262196034106,340.13798429349225,331.7484379758641,330.30252220873984,351.53382924311086,365.60126929422603,390.08459557548304,381.4254720440415,356.2888589898587,349.3628114651724,381.77698583992293,361.77991742393175,339.0127928321162,370.1164021632515,401.6110180999664,377.05759791006045,395.91929821864437,391.0012735116483,390.45637363199285,390.3645438840631,423.15055316234714,401.0768311598533,420.1912926275506,385.5884802127232,394.5911876963396,405.2786460652738,423.03808072682193,452.8554461232507,470.6239035191455,486.8739825279111,469.63910867037936,504.1378883123829,501.92650507705775,496.1480122366034,496.27944236599996,488.8633942687578,495.4180242545746,484.8917455395265,466.6878849656482,496.64752809134995,526.5955216893068,526.332700583955,558.6830146600562,552.7832158491613,544.8997366418246,574.0831661418168,583.387356353439,600.0,593.8920682094815,587.3821847228025,558.2134440642695,590.8855159872337,571.8426436661812,571.4413381205563,544.4640571497813,554.750810084587,547.1120916019307,565.8484227884006
299,420.78388870542665,394.8474407683723,360.5992763700185,340.47068413103983,356.17493876847175,379.1709277005322,368.0643801967052,370.579135183005,352.3800655151039,379.0110923795012,411.57559259314394,429.28139425402975,400.5034646954579,396.10176533878223,430.4371630612806,411.4941011132091,423.42711802549263,454.1265617254286,473.2507989038657,480.87100980036524,481.3403709230546,511.3573762866469,503.98871198418556,532.0775419761043,527.2512470066342,545.2093986697522,574.3093716184756,577.8543752224509,564.545964605849,533.1150349819562,554.7632324272905,563.3039268758297,546.7171222236144,573.1359379449257,600.0,600.0,600.0,600.0,600.0,572.2982283461962,600.0,600.0,600.0,600.0,600.0,587.8670667159455,554.7591683668489,539.1307060377948,552.1381286389465,577.5561721199571,542.7204339180406,522.2785980831181,534.3933381612642,519.2477954636926,494.16699524744564,464.90252212309224,474.55405190081115,481.19423909279527,506.29718914327213,493.33582585044064
