profile_id,minute_00,minute_01,minute_02,minute_03,minute_04,minute_05,minute_06,minute_07,minute_08,minute_09,minute_10,minute_11,minute_12,minute_13,minute_14,minute_15,minute_16,minute_17,minute_18,minute_19,minute_20,minute_21,minute_22,minute_23,minute_24,minute_25,minute_26,minute_27,minute_28,minute_29,minute_30,minute_31,minute_32,minute_33,minute_34,minute_35,minute_36,minute_37,minute_38,minute_39,minute_40,minute_41,minute_42,minute_43,minute_44,minute_45,minute_46,minute_47,minute_48,minute_49,minute_50,minute_51,minute_52,minute_53,minute_54,minute_55,minute_56,minute_57,minute_58,minute_59
0,514.103298451266,509.8247892339097,534.9266436277064,548.7424056618619,520.3348200139974,553.6283846285703,571.908163767895,591.9326651372817,565.9006194245699,562.4276350772595,553.3834967735402,583.2570459929423,593.3276043985887,600.0,596.0389939179132,576.9457044428476,580.7666395339561,550.2338474612484,573.1680295007292,582.3845374392737,600.0,589.8168177690908,600.0,600.0,600.0,578.6247095496377,576.2951798105302,544.3614434156361,520.1617078603645,532.9751345873362,550.1084855008835,582.8341667712782,570.6419418409488,561.5741212633897,559.4430280526963,537.7060231885963,511.8005285620793,510.09987339789467,490.98352783145657,502.8705074592323,498.4711417802954,521.758615504344,535.7771726445014,522.6428375412443,545.9010236389083,567.2345286636845,559.3580151957967,544.5409824709138,557.3156677491621,532.0983416018138,511.09191577507136,476.60727465764177,496.6919810827915,508.2315410442337,522.5931175480772,542.2441497196149,539.3682540072988,544.1801377240014,518.9659275929374,491.98303274045554
1,473.99312548037926,471.96985991039855,476.53638736408175,495.0863073832035,504.51658978324485,508.2671478293046,512.4116490814836,498.6881559458664,465.8454043656222,461.41562161188756,441.4365487092546,435.03355376997916,459.7717688987508,441.14753290932464,410.2287248275593,394.92559726909906,380.4771603127669,391.81131634364954,395.803567007539,415.67644164498796,427.1783894679051,420.62546976871005,442.60689669533247,419.29500108887174,385.884846208242,357.1881964625369,372.7533510042884,370.0847571218855,346.37378165423763,346.44691591147307,322.10876310139486,335.85118935683636,332.0821286470185,323.7536144737723,309.85946071412366,318.97924223244587,309.3061249711832,280.44161932331025,253.70203247174632,286.0348689902123,314.6355173397448,328.6150167064973,312.22591400866366,345.06826042300435,364.58082370061,379.7631369417397,376.2184420918049,360.275351420966,332.02271877171097,360.20488652977986,357.10922681813264,336.27466235379876,322.69162604434445,328.23699587027716,305.61109067602337,330.57409056248963,348.67045765095435,364.03286456751994,359.2793773517772,368.19099620094823
2,441.95722818683953,452.44649029567694,423.3575927754692,417.46411092741187,385.37710309774434,384.9564604448607,373.04674530815566,348.16343852877895,320.40164626935757,326.5367663217974,303.4782741193794,333.23668240575523,338.9109621847829,328.1918485022215,334.55593290592066,301.15220387799945,333.25134880490066,332.01258939090366,351.8040552984237,322.5951552929944,321.6612384516656,321.0107280564821,351.6585799047309,356.6795435710562,354.8238016450429,338.51209806147546,326.7219278754541,328.1689960484618,323.89279826981505,290.4056438614382,313.24607855504325,340.9773325838269,315.79476881372966,319.57729886146313,292.1776007409442,304.234407253731,288.9207721224616,300.0803565508947,315.96997955097646,334.7753039852125,307.3171702021252,336.43799936175776,317.5529787243994,285.17185765673196,289.0115305141358,279.9760903845065,303.0613724037754,324.63897544827654,311.8386979458666,343.54165560074875,328.9059042705571,329.9599033167771,312.8774596565093,343.4005095599367,319.923056790678,288.06680014814106,283.5235943483537,317.9898838322623,345.4072924701063,362.80985383209276
3,558.5011465338395,586.0424113126899,587.3624965397413,574.4775301678968,593.518400415666,600.0,591.1560410211597,562.7687077854657,580.0439805798975,563.4162166944981,593.9931372318626,575.8610774822606,549.4541327510647,572.6320197998081,548.3619219635226,525.9107035345644,532.8674989410234,559.086841799646,537.8372683996661,524.5599255026727,543.9782641795551,577.0061140038229,577.0579970379869,552.1308222165744,518.1063623561486,499.18228445606843,473.4098397011249,485.84594685402493,459.37422217802214,459.8173173914664,473.41568788646845,479.0938505319316,458.0781461481356,479.366862980894,494.4453620540001,511.17424232808804,485.34828493709995,459.01105119262405,488.9404297630796,481.77090333082543,467.8373117554912,467.03819493009854,478.43868982354934,510.33231781683725,495.38355369858107,525.1201437504229,491.86030814746084,495.72417111033855,505.1024289280145,477.5152471905672,452.3390189850411,446.67702133718234,479.3132551872051,486.03623391361117,516.347859425626,537.6531235185339,535.3698356274043,555.3032770750574,521.5518519534465,494.191931727048
4,535.1828736554398,555.9600698382012,537.2449217758516,539.3987931177853,546.819900566786,572.5616273311068,579.7791283448177,573.6591381939753,564.8520212324781,559.6637672786238,570.298939069222,596.0232832918847,592.7960650372257,575.1448344438209,556.7111998536516,573.9321994706928,596.0920129103665,568.4614785001553,538.1205984870178,544.7309549499694,519.9630820434583,542.6895753754021,529.4130025500873,504.48403785806727,533.9519709321888,510.5391915236583,495.4695972873138,471.2225349507579,444.30683940733275,410.78720055088354,379.66487919238176,356.88978215789143,325.6265174417937,332.00658456956165,344.6566014455271,337.21073342376906,324.4701102104125,324.7869468019686,351.03729275839123,375.61650663594565,343.6597609768411,321.3646496485978,302.9367906259055,285.3939209341603,290.3802065561544,284.5185763553779,252.96636475030948,244.1193544424795,245.7820608527141,220.0,243.34209876519918,220.0,249.73893083126433,221.67685074185562,245.7270973536983,273.9128174286315,307.482765069693,328.62457668884457,348.1880045428376,358.1618338625259
5,516.018614739689,490.4372693286093,492.9620318449439,493.9576327582729,518.987682846852,516.3836384383981,508.3399031654228,518.1093321520206,501.76176437707977,476.54555314385675,474.99696232551895,469.1792181271609,450.45911396418205,441.184940672241,431.8324121600783,419.7571016689565,411.31958724984156,424.32162143175776,410.10297465174773,441.52302952182157,470.667390889494,469.3311208704995,457.31640522082773,459.79684050892797,484.19607472308167,494.8771885622888,516.1846165185842,518.475175843186,527.7794098919194,512.9503028846917,529.392824246412,508.5611457652123,522.1970147825072,547.4473495653198,521.6945481764278,529.7011300143622,501.35783239045765,517.1579263694575,488.0724516871039,518.5882392761478,493.2067943787939,525.3284115924296,546.3903039183863,552.9480442310311,572.7317315550994,593.3897702839154,600.0,582.736834768743,589.0421474438247,560.6955912733328,568.8271902750213,545.8175815615165,550.3641243645874,555.4342603469569,553.0532210556428,554.6374453415614,573.1120826420225,594.0592127978672,593.5099378881472,600.0
6,573.8697695622386,547.2511207573173,520.448370370325,491.58800120407886,502.63843115691583,496.9410122122424,516.1435113421715,528.129710273773,516.4843533567496,544.3700116720571,562.7472619670027,546.6847078307151,537.1781490747588,524.1889476890573,500.22176309280724,475.56659917076064,506.0955216070627,501.74880421097544,493.5811918053941,509.65919141281057,513.3687059805136,543.898505059206,563.5196096328634,562.0754791215812,553.420642265239,587.4848504099416,600.0,600.0,573.2935004051928,597.8308579485476,600.0,573.5345174834579,579.7125774813034,592.7393230386848,558.600511050887,555.4027683798092,578.1807341635517,563.855865937638,560.9542316635366,556.9162205582891,543.0511379592634,572.3420706453522,592.0326531255583,564.7738418952861,599.5662679439162,600.0,584.8735906504827,600.0,572.4493672309968,600.0,600.0,600.0,571.3308508888892,599.123188811653,566.1531540359658,548.0111180988462,523.0226493605106,542.3964052089659,521.2707011138688,550.0153770130307
7,469.3822349444463,436.91362467907504,402.29371306808406,370.909767259092,378.32452969443295,399.42825645459203,381.1269538985092,405.58557290312433,374.5918087138526,395.6592784687699,425.60495858082953,444.65254651813615,458.52100139664077,482.1796167025176,449.99020767081225,429.11495542114613,402.85961297254113,403.1767822860502,420.3399512690693,429.44078038941717,454.01995737275263,429.88486684362897,446.3083432790903,424.8212476399136,408.77436023215967,423.4676890418509,457.0820239847586,464.8900764031535,433.7050984525442,441.8467263474715,409.81126495808314,436.7014647537603,451.37194471080375,428.49089396037897,399.91136436807284,377.7586903896952,411.36059295848867,408.459837930583,428.34550431448156,437.89408826202595,442.96300875913056,418.12212658568404,449.34383833475067,435.4378226107809,440.89902771730885,454.8833438385435,465.3296647057151,496.1712733844014,471.56200267880547,472.14669437009144,465.4291017219451,463.62091278572836,436.96613961957047,411.35276231066405,395.81805051535207,382.14737277861025,377.10059773630474,384.86972602886874,394.29376424814717,388.1205270091371
8,375.33758158290493,355.5715784516923,361.75301584032286,348.9458796325295,316.47006803194495,310.7580711229252,308.9473583792371,289.73885915353185,294.81091447207996,299.4149475023144,313.5551001800404,323.91149393412513,334.58180789059736,321.71679851828037,341.8370540572971,345.2771609092747,340.476434571867,349.297308237741,339.5433216492588,340.4350687717319,357.0044669654873,384.0526690361469,413.5266728468103,413.78097760962726,415.2002356414671,436.19116439493564,423.20271281702975,446.81947818118454,446.40939343740416,419.51936414087294,389.563504435979,413.5030292087414,382.39278339222284,367.03558392157873,355.4246867566869,332.5342979200985,319.50683380623775,336.4953134769937,302.52311252619864,325.4252522426467,350.3836138928658,341.4419240162742,317.19482695051863,324.2536555066743,297.6307344172169,288.1750896926946,320.26513235576266,354.9476454366173,373.99498783143827,360.7622935258919,373.89884696751835,388.2772925513992,380.4262112128547,390.28841563388585,356.0393507821832,335.6733868843401,337.4295680920484,313.8921593901291,290.5056401414865,314.0469404800031
9,595.8705410197701,599.7884009817616,600.0,600.0,574.9117121998142,571.2889051276188,563.7689952365532,534.3724450917862,552.2455571874183,547.6100890999998,545.4629744933278,521.0100826602546,498.6749483164154,527.1722018673504,495.2976380955499,476.59729804160935,462.04145116362633,461.3552791317374,467.4064412427731,466.93673955231975,437.82481297130147,419.8815347552014,443.9327216885793,453.56393072207146,464.0043642314707,475.9185921060655,494.32180343883255,463.38939715933384,454.05198410461674,456.81890457293423,445.5108584037471,469.6243795338501,468.4044551349607,487.20838639711724,511.84947257879907,512.184876382044,540.8535334530385,546.9522092906271,571.4714102089877,560.3127659003943,560.2299529975983,562.4287258679187,534.7773059806436,527.6759814497515,556.8896185283688,566.0478753539007,543.4733361244885,532.1932306171608,510.6054412935498,477.34306051944986,507.2652926147317,503.6398055927127,490.16726066216773,497.0606640712093,462.57267601172043,447.0342234737774,461.24656607269986,470.6104501875483,504.3368665155258,512.7619061915889
10,401.45223197853846,419.752511401419,447.9854624389027,463.4341787091873,495.85896435764386,515.5993263093162,541.275426987651,514.2627119705056,530.5316571800707,526.3378661469866,530.0551323157758,540.8423009795408,573.7293591489307,600.0,585.1759771841533,600.0,600.0,589.2545002919135,562.925384532409,530.7916717524093,550.2056906794519,549.4846726066353,583.4724844712802,581.0206264048359,600.0,593.8103201535841,600.0,570.9373490618283,574.8196687714718,595.9638538604725,600.0,600.0,567.5879509040822,558.6771147955535,527.0860078575231,499.73576823554214,512.0071622422661,526.9352359840849,546.0956837766987,571.6776421405951,588.4378449339508,600.0,568.4274596876295,549.8449202185204,558.3777643547876,583.4465356785252,548.7615444243013,549.7855983724457,562.1957163279535,529.2682265669564,522.3631155956936,550.0575572925524,562.0704539124624,543.7065393477043,568.4012184219382,557.7634180606042,582.4975450406884,568.4236006190117,574.7460181808322,567.5318229231806
11,324.4335192869255,351.49254863895635,329.6241063747207,300.5609177612241,289.49580345942036,304.73054379433006,326.2507562126698,361.1627921173433,346.90813610812484,340.46407268731457,315.0415621493884,320.2825972230008,355.113199831405,369.1748705398511,375.83976936878713,368.3056058733127,397.3765190933015,397.160680822426,371.5663647543403,362.14285717827966,331.84452399762336,310.98305663583807,277.21987130583193,273.9494654608434,283.3672840074692,272.39775637399276,266.82448037936217,298.9691294784825,316.60654798872656,319.46651257487315,304.38437383270093,332.1741497468106,313.63094792845675,301.40493906462416,330.03947607423055,332.1074199441856,349.06967640344396,355.4218119949076,366.1625566255723,352.1193870316101,334.0154313454765,321.5898956472831,297.47080513312267,323.6728107034792,308.50009603098715,312.8043536399941,333.2425633998903,353.11025105619024,348.79728915708375,347.13530075815453,381.76442318360625,393.98624657213793,416.01093759038974,444.189715435736,464.32100397178976,442.2835581185395,446.6355094801695,418.7681004921876,429.4726493516675,461.34710932481426
12,414.8381844340423,410.14625893478603,377.65525153405747,409.8394680971029,382.049655986214,349.9251925175533,332.149855322899,301.73698569718573,298.5952346660091,299.721380754007,286.60127718600785,255.16851096624987,227.98053674369572,220.0,220.0,233.87328079269395,220.0,220.0,220.0,220.0,220.0,220.0,245.39351946186147,220.0,220.57171490690126,220.0,220.0,220.0,239.6406796268609,263.52493906190784,246.74933710097534,234.32366796871642,220.0,220.0,232.8280850361169,220.0,220.0,250.12692323124054,220.0,220.0,234.80906291177445,220.0,220.0,220.0,249.3176235471478,220.0,220.0,220.0,220.0,228.41045006398073,220.0,224.8448435301474,231.1585203237762,255.61899364006075,220.9508911438919,245.6867532978576,254.02508934774576,230.4171333750928,249.52275054456265,274.40715846990366
13,316.62012382657974,345.9356814897674,342.7477016106734,349.9874134140059,383.91288076724095,374.2204062719849,396.1415604793928,383.429498727385,404.3744452842894,411.42581960467436,391.57071827045246,385.552544835699,372.7870392411483,343.2546267567738,310.3430606637526,299.5965665422553,265.92895688947937,242.51309992020362,258.2759323797644,272.8423188776156,289.54294592963237,276.74366790873086,304.04502990696955,310.61316826896086,284.4350121912247,259.4953184931121,273.0119983781912,250.11807392913667,250.6285630398797,285.0527763548895,250.33330868622326,220.0,254.51592073513547,260.440639124527,234.32433741082295,262.1354913936095,288.762112402548,291.29614132034425,299.8215834105972,283.94468681565854,252.4810655616989,259.1007981840594,244.73366170825278,256.18713497447743,279.7242973534595,245.995535427465,252.6954996554659,233.88513743354557,260.0573322868117,242.8138477461397,250.56775707261897,254.31561587889178,247.0472708830392,259.4807243350248,275.28459876510516,279.9702444374622,298.059801040395,331.8989963599006,326.24806351295695,327.2688771449441
14,224.73855361766104,245.46055255938754,246.87665725260712,240.4339573778467,220.0,247.2759495172778,239.92645632011676,252.70716819476218,228.16335914053272,260.471833208405,237.96275653593312,220.0,245.12880023903995,274.00959232897515,253.85991085560624,251.7459730278442,268.0906163472423,294.5762177139984,286.1099063666098,287.3012704460698,304.22141918245126,320.40093754814694,340.2081466499729,345.10351395487976,317.42657073121404,345.7047010926768,371.2947788451488,392.1615993524321,364.1519727536832,343.45978844938327,360.5118140069189,327.13162062765514,360.6773449871647,352.07747261206237,367.42934997042005,394.55932616458307,387.18341833508885,374.5226925370655,382.13457155994274,387.8038277223063,381.4436261560421,388.5678590667817,419.0445549364363,416.7793729002981,395.5513255528423,386.95574435465255,379.54323313617084,353.7208416480062,330.12184668682505,343.04119182438245,331.80463461900564,363.64752204891215,345.6992942240147,317.62400958135225,335.3693289913703,362.04185262562123,346.50978760662537,325.6559547218088,303.65958416278494,305.2004452584408
15,397.998323673773,381.15911246359036,349.3212306528502,348.0256244756898,380.1788888101824,390.85523286286883,390.54069182687215,363.28913700894526,345.95967734741635,331.59385381763434,350.13010250014077,376.4998583086641,404.6147880583148,438.5345906358676,472.3002584531848,504.0101977469435,474.0377475821454,448.6832950970918,434.9959519504141,438.6988297349264,410.4872819443099,434.6930689904599,442.8660015258715,445.83150968702586,422.40330232273624,405.13118553075003,381.35302727950807,405.988348325144,411.88429852942926,428.3433584558036,414.0656588595054,405.0533434556848,398.39319096554215,416.5942389876246,435.65894812484436,415.13589505082655,446.0436150224935,419.48948864355157,447.2180344132057,419.2457296086924,402.7635163892842,427.0170139140412,404.5814589782673,398.53121416996515,395.021365166054,377.1894932776787,391.90665737119775,416.50008282935204,442.72034261924205,431.4728928208013,433.6324204209483,416.0208686915439,398.1566238000541,374.4444081996888,405.24573895621484,432.40495695860545,451.8200668915439,453.0563733816849,452.39892746751593,454.4811241002908
16,423.8958451592939,419.3152610881322,393.5380993905769,367.3345690913744,398.99204920057224,397.7342023716168,429.45858911498,405.9089705546877,409.71812919748305,389.2583369320908,371.9812593609529,339.0850798742354,312.4118116260502,341.59120016009393,329.09850956385714,336.6675543978786,334.2185436371277,327.2501308042972,329.482157198522,307.58888332159586,341.7911562179662,364.0727070272366,380.9857313184427,378.79888210941937,354.5002806582629,383.9468907374127,372.8439854541336,341.35145373291897,330.319711109663,350.9317032443749,359.52131539354946,377.08001632568966,397.6344931960561,377.4713159716941,407.1361480982167,402.7954203026428,412.5263757511343,377.68798983220626,412.2237847209887,396.88653173847956,366.23094919629045,363.3092921038464,337.34139610658934,313.0042658176196,322.26406272973435,314.7689801396507,344.29865165050035,331.6396062730652,347.4722152599383,344.7491753707818,355.94576644983135,362.92444141995065,361.0193195130805,392.5235961367911,381.513551129638,358.9200362170871,371.38662047867507,395.6071497702287,363.4249115660234,359.89919975561105
17,559.145322081184,576.6186254057847,600.0,600.0,600.0,586.173619679655,600.0,590.6434841989576,600.0,593.2198142883358,597.5471393927457,600.0,600.0,600.0,594.3510691549467,600.0,588.9653703310038,582.5363371071747,578.3398446835234,552.1463359653834,523.5669934995138,535.2912881197869,546.1775298038006,557.5812097985072,523.9648609724956,511.8231399595202,490.66982926766394,510.1404288457448,535.3845569434739,517.6521833493042,529.4016244686633,503.4570207107425,487.7176975028624,462.4235122392018,447.2699659011478,459.50152421559727,488.2244079285649,467.4009764832579,470.34650892980824,484.4438860168485,516.1484588108381,523.8526926129402,506.7101777848569,515.4936487688325,502.92803008629363,536.2570174347131,529.2343468961677,542.2142873494387,508.8402181137118,501.84451934314467,528.1020522757204,535.8179733860477,531.8939754337661,562.4096003942668,587.1885067245729,574.7436038921786,577.8619920350724,577.1496899615447,586.4038649695851,574.791653656698
18,312.79790029103754,341.6849287589251,371.35614372382054,395.38874572715906,428.86305588067836,446.01246268525654,464.5391686845965,482.9204751219814,481.56300928794286,478.5146629039419,460.3305022343721,470.4678458395224,455.7202553666858,438.76684404585063,444.7841402325745,438.4829074083275,418.80287002395175,440.92679119664996,466.1666855472563,442.905651924701,408.43114422070096,396.96024201775714,417.7860005154098,441.5281711518125,416.21120605993593,435.4147191427495,408.51401085440955,400.8183921653666,435.72105821620073,414.2024158423644,389.9798666227983,384.5758899010738,392.9526867189641,423.25574148789184,456.9132216752042,426.7880662366018,401.4478924509552,421.79955062367475,405.743801282635,432.6832354480802,444.12496345411625,416.95409962076366,440.2311495654442,417.5760961660095,412.2207737935853,415.8737187927384,415.92734922835785,428.9587533214184,439.64682476226625,474.08976514923006,509.0492987949232,510.201456979418,481.8653930666785,497.8144239944888,531.18090946965,518.4637566036814,515.7483786123116,510.48276334939357,479.08210416837863,491.14061435401976
19,354.2683241260178,374.3907953502229,397.6392006199619,420.1253556818111,414.2919755446027,401.80017330146563,419.2176278781595,440.31488824715007,439.7029094945457,467.2150808620869,442.28868958758596,468.82350416371315,440.5501704717448,416.2969570155678,418.665757944745,388.392051557864,357.08854865587176,322.12486074747113,317.6670269260695,336.8906986165256,304.3293831361197,314.98741558872956,337.6063278078626,314.3663872083136,289.6468486458119,314.9029167992494,337.521639495756,340.2475631342491,362.5915546848277,334.08448010454237,326.6981863602552,343.34401528770127,326.3656524403787,344.0286764507274,344.3211787580844,361.8397979144607,359.3673725644738,350.120676380001,330.46392153350524,310.0504754339563,327.65483217395405,300.97855653633127,271.9973210440974,249.33771659564653,226.61197239742106,249.22950599390404,242.1249696370989,276.4521616523327,251.05694969767555,261.8047374962306,258.21580300031815,250.72007536911332,276.9759693028991,310.2676645108871,336.3677916250796,314.8288391575389,295.28469364216426,306.2098651788187,291.4457158934921,307.8764750481327
20,435.23984730766495,438.80346110199315,461.8017458407082,476.53903986269563,443.3994834125061,411.8616230127272,418.97071468464827,418.00415997820755,401.21708585221694,395.52301196425304,413.5767342755533,436.4395382016084,440.7251529539115,432.70101661390873,416.6497899185662,418.18408287241397,405.2165561719206,409.7032157652262,422.06888254090086,391.6944273052585,356.7691498568508,336.6285495757028,364.2443544160175,374.48470784201663,351.52193247760823,378.8404098052615,376.7373256253753,375.06374859288155,405.5516846618674,374.7157531147012,354.7782323387115,360.7822250995421,339.46628077028237,352.0331714149094,332.01963166847986,303.96061961039686,283.44958078525565,278.0409631843,255.37064412641558,229.7990858710499,255.01881790637577,242.44662215818732,232.6997302144651,220.0,220.0,220.0,227.7339547139252,220.0,247.18558171439884,277.26224517876767,249.25041918114297,221.76862612134337,220.0,228.36984794172184,220.0,244.66676225511864,262.4657683007711,284.8523883774328,286.6766252594543,321.444030065795
21,236.7865391187813,229.87508661180922,220.0,251.40518490988487,256.7854520047164,278.21881958584714,255.14270314194346,288.6470932149742,288.55186149631623,288.10890683526145,321.0708378334631,312.72210311866326,305.54885483751275,311.4815440338583,285.4452267722034,272.9212206210332,251.44580319219236,223.67564672968584,249.30576917285725,255.55895080178058,245.66604620873437,239.27290262440428,234.4792328825191,243.79967563264876,273.67353303687827,303.96810641286703,296.37254498001346,284.42091715185734,280.9941721648252,285.7495682948197,283.07682209630207,294.1895607834711,297.9974924200546,285.4475806886399,274.6487370920242,266.15023222120533,237.77501599866252,220.0,235.61796615017704,227.85473595672264,220.0,224.38706874024,242.27483671337993,225.29440207755593,248.16969381221804,278.0950339859715,284.91265102114033,296.7389871505509,265.41930647316474,296.60569884469817,289.07963024324425,318.7526582814244,324.2810850139414,289.60440093297433,257.30234088561485,269.9316572825094,274.3184182507447,241.17568885516988,258.2178861407368,282.86805973557955
22,408.63864332693714,406.241664151945,371.6247817703689,391.69026164492084,379.8403863171482,406.353839701926,397.4680808309897,402.02353457513914,385.94745974909205,362.18864163003633,381.4321948667293,381.193528385969,383.7476830486265,416.326799792348,448.77739364789875,473.672342167067,451.80499266061935,458.40408126172997,484.8744009876176,476.08687653904326,448.1643081545342,469.93171131132874,468.65515990668075,473.16264753182327,506.9127482740724,514.4175484086575,509.16610540528455,500.0650111545884,494.2983616403716,467.5862974628784,488.2188365521084,511.8590166252013,496.76681604533997,483.03257933403603,509.23597727747295,475.9139021644298,477.34592322813575,474.8032232558408,488.11209712633297,464.5495161367948,476.3326679924556,467.70404854369696,476.0140830155719,443.8207337066662,441.14163750958187,442.69920008834794,422.702048288197,397.47570408073545,375.66890529159656,364.75878075603094,336.5354912073789,367.8478769084512,361.1974612131584,382.82533338863084,416.0345320062501,386.68600160644183,397.3028643618914,423.30150043377637,432.69791081144734,427.72973930646623
23,383.80901590241655,351.3219379229317,353.74399051318096,388.2920002882603,420.4015271062957,388.2294731252471,402.6352633793113,388.75880404809647,416.96804478652604,385.1260769861755,415.63726412695115,439.26056619209555,412.4858729497777,381.6735765619886,405.10311306487415,381.0061500330947,383.4490207414056,412.55116079291525,417.27252874136786,410.07885984446557,406.22998368424504,375.648185633516,408.46084812882793,395.20664108450376,373.4620855016035,358.4853966304312,390.9915202728347,362.59154401699516,388.30275685207783,402.8518294601792,425.95317200131115,459.26599982706387,483.2168257132449,514.2535903026945,488.13905827805894,508.84425783974683,512.0415564254201,515.0862480810104,543.0107584234463,576.0370257287161,590.3757083417388,589.1813956047637,586.1296656578928,578.1735676635155,568.485499733602,560.8909786515121,532.1737051190958,502.5942310873264,522.1851201583883,518.4102226628041,548.5581368609276,556.4136074625043,523.8759262154136,499.9025601076372,479.3099456185478,512.611467325824,492.92076315643845,494.023660496602,524.5560457114158,557.9595368054208
24,309.8169654457469,278.25520050824974,254.00732878589284,223.4403222950719,220.0,224.7998800292615,253.67129576995643,256.27661762856025,265.0958865974959,244.2265942101638,265.2674476573333,273.51267125272415,299.00224929621487,330.42126678661975,319.77432108958124,291.114855187062,271.9298822412368,267.5787918385454,298.7773474662585,290.25903503239755,309.2131599889734,312.0465284409263,289.84314237109464,277.29453069783625,288.01796264943357,300.1177002773761,295.5508825540094,276.5560747403574,292.08954930624475,268.9106622191348,299.47754064969365,277.63079118224704,250.14265658052346,249.97799574609996,251.34646761377854,251.91997164825568,247.48669590197446,282.12373840004705,281.16338128698777,279.61964193877594,274.1432663287952,243.82106915789763,250.32803333837074,231.2857773939935,240.91840601002698,220.0,253.69709708771012,251.52745261859718,279.3003286299461,277.58961075625155,246.81276805644706,269.3677162830135,279.7405773597129,299.4635706898891,294.4354611355102,304.0910332327753,329.0270634985378,338.20164449956997,327.5387989380832,338.9158705437172
25,475.3045916733456,507.54567904880935,498.50954155672616,493.26526528271535,515.1138725658095,515.5172345978015,532.0773511159027,529.2570136276541,509.34167355454315,526.505942549214,500.68680439214364,479.58766083933523,488.46540963422984,505.7742956476747,533.4024477284217,517.4835025475342,490.234200649573,522.157466816157,497.967082977707,476.80377173553177,462.1968334846244,464.2542282664645,491.05201788884995,509.2902394799406,523.8612682489251,501.1239079988453,491.1616922056635,489.65003703173096,464.96985377572196,449.10993292458903,435.69325720128813,409.60259108432086,413.1193695178989,427.4713432745924,397.3665574779727,396.0451746013932,415.79995827013886,433.1592672968101,455.2143840321229,451.5912283540654,474.0302241388556,455.88293912385444,446.1396784230805,423.4845687723266,421.2084865323266,413.65268810140765,395.5175862504095,413.1422358965642,400.11150994437946,384.207813054588,358.3701362141226,354.08765534025906,340.2951793588702,331.144278252738,312.66408663617665,331.0849709235697,361.18520523839993,361.04043493362207,371.05032456748035,396.75238392994976
26,599.5552621867903,600.0,600.0,600.0,600.0,597.2651973751177,567.9459774047907,534.0523662856001,532.4564106154048,532.0584279628281,525.5737951132362,530.3455097036317,533.9968989349416,557.5598118072301,530.1658090355884,510.92824566297656,531.4385941901508,555.7871748958066,590.4248698492673,600.0,600.0,587.0043559840933,580.1206703647497,563.8866277021882,571.3275855756783,600.0,589.1248620558132,593.1149867875147,578.8559609192587,555.7419590833482,534.4049461706541,503.4611202883232,534.9116668989711,528.1132394945053,551.5017019346528,564.1947650229312,542.6292463217071,519.9116035822433,541.7507776879814,525.2805974313491,554.2105602904874,529.0144386187517,541.4540416305646,563.4672129527299,544.9351601418251,529.2696755837848,561.7859976135289,545.30782998776,540.4048234807633,535.6809150077289,518.3933475028068,537.6987235534032,556.728177579444,548.210438575109,571.6692439507603,551.5844893586905,516.8858936554279,521.8676089993298,556.4530530709964,524.1581547588783
27,299.039268009215,300.3632929833109,322.05914453445183,293.29208488970556,285.9585106528282,303.25381669692024,294.26184128536556,272.4803907186603,251.16509863642142,244.86851372047101,243.4277089568834,268.7547182040044,278.7123875037639,292.040524319849,325.8496263273625,319.6786671484307,312.91347537586967,342.5477631166765,324.7590542070306,340.84612144823126,358.6662411235007,330.5114009446817,328.2875993432326,307.3269723357414,285.3032414319154,282.77120916431676,268.0312886898813,288.75552002369227,317.28786242102603,338.4783047912116,322.1004658747282,306.28987343293073,289.1208579411535,263.57352466509,294.6394104323498,287.7827563033446,268.5110195215558,292.77799305713285,285.72166424317817,253.17984102085484,229.515750938329,239.2632747632609,259.06664395528156,238.83205114949146,268.0497423981214,292.6195408017729,317.0061935860486,297.94247386199356,266.4799930674976,292.1996408312785,278.6056568429782,286.929803525125,305.1274853841761,279.10801347995454,298.76669829628787,329.46250042356246,345.4487480258111,341.33434041945014,367.70181013206934,369.6238442371485
28,503.01295257036656,525.4483686404689,542.9030689593993,528.0529102827701,501.30198334617825,482.9856804015225,483.1869259901472,483.5563105506639,489.3414150026815,481.9985436310339,502.0809403325358,531.0017028568403,513.2724566004033,529.8290818395354,542.2871115176886,543.9034464672407,522.1005628384319,542.7668209392216,575.0106609332399,590.5392041895929,600.0,600.0,589.6435471967467,599.3191959015903,597.4944875362557,600.0,571.5665476805408,565.4327916813465,591.7205247982531,576.6041165351091,596.7496160798303,588.5444374744482,600.0,600.0,586.092425036383,600.0,588.5799580683288,596.0253568834162,600.0,600.0,566.7115588617411,547.1226112424021,561.9568579836026,566.4034845714702,566.0958400455503,534.9605370151089,524.3398488574109,549.8968650911562,517.0593636836785,509.8099001592153,540.9702802961694,509.5319317143205,527.011334287445,510.0442174201876,535.7068356709447,552.9315941981002,579.9309561581856,560.0456914883742,562.2361843256766,581.7850803759127
29,313.3659023380928,294.51814370679796,261.4208930516289,293.5169636299106,308.2181452337342,317.7073700144472,334.78700060309654,336.9999049117773,335.32927238810606,331.79652926675254,341.62727411400743,320.73472239147424,347.8988310425151,369.7214970278637,359.19094982950605,364.69360060638274,339.56551160288376,372.6297489582356,400.83223709235546,430.3650625472995,418.6164758865411,395.455905403341,375.2799568459827,346.580054219139,319.9877983262359,289.97911571917507,324.2667305635162,294.4507683993514,268.7287140659503,291.6365357573019,297.2533509293079,316.46255524916114,325.626395793247,352.3786507162734,362.07137765980525,363.6201341630258,378.5126127263168,374.8301053517644,364.05457295509586,361.79024462661073,338.67023198350995,359.4302530696983,342.67951776321445,318.42672600680777,300.6713829316336,324.6162935556904,312.73038424753156,325.75387511294457,350.7025492588463,321.1446759435993,339.69638430606227,326.2329669525944,306.39653244547736,319.6196341171854,348.30539770851175,333.95674231837944,338.7751086952818,324.0634966647462,327.86348766559615,336.3938298114
30,451.92744774026835,460.57569361526055,435.03127907048724,448.5791119415576,460.8116368881732,473.592805443355,443.77774413506444,440.0564631040551,433.6889223472562,404.7587262022802,385.3244811550569,381.19186538091947,398.1953070709852,379.7896524599116,402.87214616865543,406.07802617041784,424.3075441333411,422.3864629669211,422.33005874647677,430.7104160030516,460.6683585746593,460.095239273563,462.10126694114336,469.24105438807044,485.86711399891124,455.89663748294765,456.9947581794857,455.70616942390876,485.2241183205387,484.76957895108256,482.5520163796857,514.9060155771149,511.4463680291766,489.1082781517229,469.2924067481281,440.9555344317163,405.9953034798424,401.23149974987615,420.07848044075166,436.42113143674015,403.67156758293964,408.57037083452195,384.3701896134653,415.24552954699413,391.96107952208666,400.8258247609104,388.6625101123944,398.57180292989904,392.4299046823843,410.6049183438319,391.75245711678195,420.15788682078016,420.1725622727148,438.0990826126145,462.5801960107004,497.4981987775367,478.17439536911377,463.2568643185556,445.78718038978775,429.18817364097254
31,441.32900178496345,475.87557840517246,510.1950445016653,512.0691706970268,521.801075415554,546.9990134746664,577.3043555664118,556.5745994794798,558.5725205054515,581.8711143317573,568.0952596961787,563.8818926698114,597.875369775652,600.0,600.0,600.0,583.8391350505964,571.2986402352996,574.6084391196408,578.8628553389817,579.2480526939764,588.8149722881178,582.397583872427,599.8397748845143,588.1882697379992,576.335659524244,550.241476856672,528.4513315586963,552.9877930831914,549.2275567838223,530.1783018425206,548.3321788440877,552.1108576512679,518.5917784508985,505.73708046446853,483.1271792429624,494.0382795117613,478.290452355879,447.83672690057506,416.6821761444119,422.40308700152195,388.9237289008082,413.33917682033444,389.21697516834377,396.67661863202386,392.80478059277607,388.80438707900925,358.83018704421244,380.02284455906755,407.5365184917952,373.3076852086912,350.80997750748946,379.083270723173,382.54782361917705,358.0505940965518,337.2459257791929,348.44496287579085,364.18214043307194,371.1420170336674,402.8624036275442
32,407.7441693914753,393.7632032414522,392.1695069397579,382.3461474964207,363.05525998364874,331.27268743745856,320.92756198701727,335.7262163266992,302.01686252796276,297.7593584523782,307.84001655386896,315.56830419607047,334.9336947082806,356.6700748044664,371.48948226882356,343.685320998956,341.93689207926127,349.1753091033939,331.3649318200555,299.3435590553299,279.99488151665315,276.8374896379379,270.81261197175996,248.17930066466127,270.8883886525058,300.6864554640765,279.7808377977666,309.8509418874721,276.1012090297348,305.84858211922096,337.4835974248845,303.3272278359993,321.73857861037163,354.6526886902607,383.0658440075052,416.0155552912401,419.53820069007486,390.00913048205206,414.4943743284046,422.4623522350354,430.4939243282156,424.7016770183236,429.73061537480123,405.4811999108292,422.26510177045975,392.5163132850677,408.60096697813316,433.02945656187296,431.10226399138713,431.7903896153806,418.6453887199261,451.5074895807172,467.8262027998854,458.65540153090956,435.89191856721993,416.2624900213663,413.7370500490698,444.7168380710734,461.1070822743377,441.1741446468782
33,546.6332306991812,538.1072673098589,562.7278201025352,544.6467919612144,552.9530347967566,582.8199689624463,565.8725496027919,579.3774109438017,600.0,575.5418801070102,546.7300404560574,558.9237039271945,547.7052202696267,517.6923336852881,515.9637269371403,533.7276745122173,518.6862425412805,507.13952396663996,531.338482011928,532.7435158702322,556.7347536866852,552.9820181367448,584.6902794459521,595.2459007261937,568.3588212985411,595.3153304744171,594.563893832573,569.4786215906763,545.1669309595758,558.2943064172669,526.6103818883312,511.6719454322981,486.4570767651889,482.3324968383988,476.3372608780041,477.868611306224,462.44315434340115,429.6862055998736,437.69323305733656,428.8534932591011,439.4469431709044,412.0536311272032,378.0180459977867,360.3986433497572,357.35695595934084,349.94199415113354,371.6631730202762,363.11180811377386,365.2426906859894,371.78878215694283,338.31697957214965,339.3763159513829,328.5145041093015,323.00411304712935,295.0242309417969,314.82167053720207,345.7899680937986,312.34878553787064,319.444878934665,337.91396364485007
34,328.226883686958,348.35577462738314,357.62062818102424,387.66201243999916,421.3323492347632,389.29657721467254,385.442220486563,388.73136561703825,364.0033919415739,352.54340007148926,386.6787214144416,352.8148533584146,349.49040856512147,373.4762320853952,361.1493204757454,359.73521566860614,393.19841787376475,391.43979642706404,365.604288277319,334.2247926939663,365.4039527647627,349.0106116940173,349.29508515353587,320.64420877983366,315.300067218376,345.4074535658847,345.57636312005036,378.5558237462133,361.6743183528313,361.9924851321069,387.15964055875963,383.5373053775217,368.101421527435,392.98469696668667,385.27695978776933,387.42759016198573,420.7844848110459,398.8383154439564,384.93636001436937,352.1112320192582,344.5398717129619,323.55271185390205,336.15515733245445,313.84765944606414,326.084552114475,309.52783208772723,299.3930804762112,288.813326119459,303.9859486309117,301.6415970505957,291.9325199702835,316.616110303045,321.6526540979292,301.620811587389,329.6272010574468,318.6127217798017,286.3412782074141,285.96329388562583,259.6389576964873,241.33160875658928
35,503.9021316212162,478.0547585575585,499.540854262341,530.1243644315077,537.5816114600639,552.3067549016619,567.2578175951811,600.0,588.9076783541136,565.3076369411028,566.6493433851053,568.9768300733249,546.4307042540551,554.3483635836449,520.3370949270226,550.273883098818,533.7940825463063,501.5632971336197,474.14075803685967,455.95818441643456,440.13161621885774,407.42831618369877,391.9831530372598,370.48907459180356,361.9925395122199,353.95428112713773,342.6848229693393,330.63949481648854,301.9206842583761,268.6850305572075,247.83303156816015,265.79849148732325,300.1551750759018,330.15200732991485,330.44736221755863,332.67503212201404,319.69574195452304,338.871502659159,357.4044708144444,381.5035358452155,409.1888562489974,404.5933036247681,423.2745933922719,444.7225044079834,431.3146779828259,461.3616350632564,432.9655402480323,467.5643827894621,486.470733060583,457.99969643328586,468.9357718006359,436.3283305656141,455.2414170267069,476.1870215428408,483.3557392592421,508.33596669340204,480.1877963084422,464.50246525129916,458.4948917627861,426.466948460753
36,390.3221132770432,373.8870552049228,366.3785060520455,361.135690291507,387.694511635645,371.6183795725797,399.1803985827188,393.99836611961825,381.94490656819727,382.1207500216575,376.3627800670563,359.3788419809165,359.5663947166412,335.19251603215935,324.827612043767,329.4329273999533,323.3715045072434,346.04536978079915,329.0158930882608,361.8999036064315,381.8304450660261,414.5619568858491,438.2315157239704,413.1787905335854,415.0309968780364,391.9294933617414,414.2054080456494,420.0967584884801,403.53821049346345,433.6101385339654,406.6731622659637,411.1435305089557,426.6163693356265,395.7357669488967,402.58568927333096,424.69877435574756,394.4256863650113,395.2826943424752,378.381696812887,389.7864084204715,363.0938241159906,393.68742426292613,421.31842498295737,399.336634374257,386.9652462798143,393.09969450552734,408.36405806992485,404.3499791311429,380.2903716684111,352.58097623461214,387.56454981861623,384.43919831966036,410.5164207600552,409.28274108409323,438.8477757823135,409.990932576322,382.97227596974056,413.04652911043627,444.3710422635712,431.4012635861466
37,354.9626570576713,351.6341734961044,345.76549110081476,324.06865621798653,351.95493309374274,334.6864651431378,349.0555338065734,318.7564312480215,286.46902445501155,297.230157535396,285.9612675655242,296.8434250559243,268.4249092077424,299.91450580185284,317.31051848436954,343.6492247961755,318.2021635792912,305.61343140179207,296.3975228962362,298.9996082791135,284.78040226463247,254.02455421789082,244.84604086951379,227.66449289342353,220.0,220.0,220.0,228.8866638302588,221.05743225072337,220.0,222.3733942905661,241.40363214964088,232.9243890939979,239.05075357290673,271.68493734867906,273.2235453369426,301.9093756931707,322.4664593911206,291.5767671066311,286.6136881094791,300.49597666028023,334.5658105316542,331.6521509129601,303.1471327018319,307.48777493173264,281.34724038040986,298.9536095999674,299.49099942229185,315.1311952087019,340.98652309019855,350.01288429159297,357.88363733931567,375.7035580200899,399.67540812177657,425.50917316116676,393.05928685896856,396.9926076348138,377.1314593206424,402.35567167536726,412.74350963960256
38,379.6845420323265,357.8518380008211,346.58349181520896,360.84793043302466,340.1530985978394,311.7039047715255,338.86591784745406,357.3606423180622,336.3462874641315,321.8080955042309,354.8530079033929,369.42592197653113,377.16246227149884,363.69645625118795,349.6352163428445,317.4018696511606,333.3956003342958,301.4178660882777,266.75787973268723,282.8225358829558,314.2436988833946,332.1989122243063,330.2137255680128,329.23689303727394,324.76644262271134,312.4914993204347,314.0114943134435,309.1920613133216,316.06381291617583,343.93221855125245,378.58287776391916,349.09490805572335,341.0227511420172,318.6721848456939,308.3206180204812,293.44372931887085,270.66132853274604,289.1466522722364,288.8868642702829,318.2340550254887,285.5155260527797,255.203986972019,248.4331377771431,220.0,220.0,254.02208201536365,233.64925453928663,220.0,225.15484681569964,225.0147271712206,230.64540797541974,222.016877450018,244.8902426426643,220.0,220.0,233.28332939108608,259.05988021088905,249.9298926558621,254.67208459242477,224.51188074293307
39,284.721253482495,254.560924855123,270.51258729501956,255.6767851055694,271.338955418998,240.98683495202724,266.36518098061003,289.85229484838646,261.07730686190627,227.7402623139093,220.0,244.75411212027137,226.18335635390406,229.56248860397727,224.39958282658125,245.0863696625834,244.30925076553035,244.35550961181923,278.5919453768124,254.10101434926042,277.25029006147565,245.8727722537476,244.30818612385553,271.3516237991672,282.9166013914557,295.88162474708497,279.313834505039,273.6140699003408,264.2747443452743,265.7757690563339,263.13172416639065,251.0146087977799,237.3982516637618,220.0,220.0,220.0,246.04730114025017,253.1956585685901,227.56070836015996,241.13086175479006,265.4675145146482,247.09501155830634,222.63705316191482,220.0,220.0,238.3575943812458,272.4606376241644,240.60226019750377,257.9672273330963,227.99757894196347,234.44687668522016,252.3721464551968,242.51645426393844,220.0,226.6632546487798,261.05037861858176,244.08359821727646,222.34798762038156,220.0,223.86789339300392
40,446.6491377569039,467.10809635883203,484.8232255122677,512.3011301479238,533.7052190318849,516.013914847446,519.9253331887493,505.7441703252999,493.82914689390503,524.0652527400048,536.7979660947,570.0192950222773,564.2031725925895,566.8238027273678,565.9218821215173,538.4319761481783,520.0011157650405,521.9356610073543,491.6518623666647,521.854197418287,495.5232551543229,474.3819074035064,492.95439307921094,464.7398110044629,492.75927797754156,508.558345928119,478.36180592573913,491.79110021573484,501.0050981677271,519.0195584595214,541.9934081337749,557.2779475558957,563.3102882248637,550.8827205255882,564.6918768536832,596.6798877778377,600.0,600.0,595.5989629539861,600.0,600.0,576.2272526847415,555.3956222500049,558.1562653565121,556.8525431648281,561.8624280802985,530.2976114209977,523.5969633641291,529.4054417087184,535.3688363000658,546.382213623852,561.7973356540384,571.7056398878984,592.0226607651589,600.0,600.0,600.0,572.0835356727332,556.2044935235197,558.1224781695888
41,551.7351418526487,564.2687507928082,535.597316285841,542.0565628169493,522.5782219515462,538.9593811367567,561.880240812369,568.4221798936671,574.8175625762868,563.5189636010438,559.7564650823355,585.2440498494096,600.0,600.0,590.776267037386,559.3028487175848,534.3133668104317,512.8251300781876,503.96197810629485,535.052033401634,535.4127710417465,516.8515824698927,489.2540920921987,477.93547881440617,500.03662330298016,491.8706188417157,510.9460252632847,532.1353735921662,504.89282747107546,512.4990101549504,544.6357345909281,537.7853998341769,506.3514860643885,535.98267438244,562.8393140925139,564.389215397144,568.0469338212247,547.8688110155534,570.230363903678,570.1323665911269,537.5038122511058,550.3148592025357,581.8495980887251,600.0,584.4038698147377,553.1366257600715,583.9612246377442,600.0,600.0,600.0,597.3820042497566,591.7655799466697,565.1269704616788,536.8996733469555,518.1909236142886,541.7557758627468,516.9640369142444,497.83294254827416,501.2359267008287,481.2951119663079
42,282.0185401927591,286.4506771116164,277.2172060813795,286.04835609021234,314.90272991881966,290.4722491192744,319.4126053061889,347.58690302579316,370.62303385930636,379.8130480707323,388.2233140933206,397.9682002888757,411.30288887412263,377.45664291585365,409.52312345709913,415.5153867596897,435.2179955178592,426.6277242521546,392.4955292262603,393.1769554176114,393.6802637697264,389.26951395152804,378.0497077428734,360.53753388955397,362.46567510435676,353.73514488290135,386.63037669638794,363.73528824007315,351.11187797396923,336.6891109386892,339.7207532752062,339.6703712633966,349.7322038430957,381.23232778329026,366.197803767861,379.69181361571077,346.4446278260736,329.8118209174273,327.2722018771888,294.44183707086825,302.67869930962297,315.16044189774254,332.4316619364058,333.59187727541666,340.8680038239205,333.5925714134146,301.48028368887395,273.4769135930899,284.32662828719236,319.0154992581967,285.1217259996274,289.15257077747424,306.7231834792533,329.5974214402248,332.7617645258096,341.15588313869694,354.9266293079157,380.0542667864558,353.6145343906531,383.44728812989354
43,229.88661334959662,253.42059591664088,223.79242577581968,220.0,220.0,220.0,220.0,220.0,220.0,220.0,238.7362722889119,266.25539371381416,276.9351013375099,250.64382854836654,236.3211841780561,265.25346495631567,236.4648794668679,229.94478822422576,260.9201115705695,292.46665047343345,286.2508728668559,297.9686550337717,294.94084691855164,312.68308467909554,279.89377782760545,254.98477825210054,262.97869450015247,244.25735287116692,255.8810138200073,245.46661874229818,272.5318078112457,294.8799648004448,294.37861080525954,313.4812669018996,297.4609189383559,297.0591033151863,275.88284694561577,301.1448787420853,323.75961190187434,351.91008869050444,378.3334773762026,410.50521572036723,391.4887519346021,421.71645229027416,426.701375684914,421.2760315591847,425.5022042769358,414.4843692424553,399.6830797297219,381.5750833881489,352.3450426501478,352.1045854504509,379.247902750423,388.3585405996299,389.82683489253407,384.8283391700982,382.33645301230166,361.9858673423382,384.591378745855,363.478186175562
44,492.31664755637894,510.5155983611096,515.756431303051,541.1612775498891,526.5348022214346,553.248007708435,569.3067398803863,590.2192278237096,600.0,600.0,600.0,594.4113998167247,600.0,600.0,596.7009115998412,600.0,592.6098150700816,597.1924292094183,569.6083941987856,550.4126577834243,574.2613897207875,567.0200803188068,559.6059665778748,541.8246378512182,541.23736125204,562.6445485465836,590.3060367907453,560.2140470338383,565.4514982206464,563.1606339731098,571.1603635061203,567.4696615896992,560.3747990494383,558.4064489195025,564.1463879324515,564.2152127046759,562.2653242761211,584.5137959731867,600.0,588.8964945926834,600.0,600.0,575.7444543761933,581.5322266973465,566.5040662492914,583.246128784162,564.9611018392699,576.9593485313821,559.8180744554165,560.5981378955125,592.003390649646,583.6949183415965,600.0,600.0,600.0,576.610622080634,598.9866974480955,566.2371551051348,558.7682869640863,584.7196230963368
45,481.7258408487695,484.01767076242095,476.1681525182044,498.02893877112444,512.6980270474999,510.48639942059697,537.9603030252731,519.0566642725773,495.9840699136811,505.9803334170318,539.0199374061557,521.3278975376296,503.80482406299745,478.56974342035073,503.809192289505,484.6570201182984,484.87951698904055,519.2405904491949,485.09045351373794,489.04447984949354,489.90471283883977,511.4260291875506,501.29573695624504,495.01963207917794,471.7752907210984,488.6323569356034,508.5619805787738,483.1284130332919,475.6704082124744,503.1737578878622,468.36326704516733,454.2764019887516,458.12936194242997,446.5159321186267,430.55909536106356,427.7617193042884,405.468336871967,407.5421037391309,422.0108182310567,427.28146491505186,398.799118075149,422.90772106673916,400.15616969086335,418.6930097336424,408.9325674879519,428.7258618518791,408.1649650902533,386.2313123489334,386.02312158415714,353.32864261304235,334.0994563278057,349.78031398071005,373.3971574620898,344.05213293773653,370.79757259840386,391.6237768821264,417.50167758161393,431.3916764021327,443.58239111271024,445.3389174468507
46,468.0591453066997,497.39682182636204,469.43336192553164,456.53687537475804,426.6087235264691,457.74508556255176,453.9136681825089,466.1877811298421,490.0661856451446,524.4362030104988,500.76097505595743,521.7268574562335,548.846460325805,517.2677367053662,535.0540759183564,524.8848484021149,535.2866238050451,536.2699975277657,519.4519551738302,493.91745051410925,467.10375683035386,439.3363568699483,448.98165967936876,438.58041927733643,418.7447599517475,432.1767164411607,445.2561860448134,447.99796650980323,478.4450136904128,470.42400989131227,493.93441788016275,464.19417643541647,480.9823530181118,515.1736719863469,539.435547126494,545.0120774781982,553.8857019810995,543.6159704416857,556.179935719753,575.1076125424458,600.0,599.4724041900303,568.7636887941712,575.4737453453401,548.8054358440919,530.9389888930197,518.9535826844212,535.1256738048099,512.992242476305,489.5949487552697,457.7424457301876,483.8692412749593,497.4146209798835,465.2108735731174,432.1913349677854,436.29853572103934,421.07594381110914,427.84678834134417,423.26908063901175,452.9009600007296
47,329.3674256853198,341.9076014760424,310.6914032893443,342.60164068256904,376.2546634361537,392.98988746730254,390.5547604767527,370.954301229661,392.83044504701854,409.3752318473101,389.9120146165765,386.49708520758514,383.8930108547601,406.74174935284975,419.6108772562351,429.632605304039,440.1205248834685,424.053430440242,415.07321862830935,383.26957860887876,403.3554581157274,398.66533317761434,394.34201817374446,376.51695671909835,356.17686642125835,362.3244014910904,343.6031125553477,313.0977321649302,331.8232512835931,323.1761116920387,314.79260256499003,309.98488227109544,332.038019909662,319.4966026254492,337.55913741349775,368.32727626806576,379.5880499828017,374.8057256651934,392.1510062854599,389.2038221680569,383.21373114562675,384.98355259571457,372.22411603236515,344.5216311719652,338.56127155879676,312.2312532378479,305.9621563867292,309.9475168716707,340.097299556066,307.6328627292372,316.13495118437334,313.17641424987875,279.5946932241685,262.06306553987895,235.35703320471507,220.0,220.0,220.0,222.0327575442223,220.0
48,281.5103570389215,253.06000403153752,256.5371419799296,244.57238290801845,247.9602244304487,228.48785558267616,220.0,250.89568308891728,223.47725157214686,220.0,220.0,253.68935667952908,261.9255734914288,269.64587011069835,303.7147442169954,274.9054580662213,308.12052054418155,287.40144080296443,296.0164460523069,290.4222956235023,282.29892256690476,312.4859555604671,287.9318965512851,322.72672732662215,314.26548160303054,324.67972487522934,357.43319607906454,326.46526960559277,356.0657750103561,360.81257198516016,375.1203535135818,350.5632463856262,352.90036654379844,365.0463265745655,361.98363809170326,337.83260055912723,319.9209358151176,344.7284311846625,312.1414006829559,326.7617461738128,361.7190487298297,327.2428584573033,303.51605625469915,315.7061573172186,284.90551573819295,291.1908146081031,304.07082185737704,310.241066225362,300.80399543683666,314.6137561559014,321.21436611686886,300.74896816344324,305.1684562144009,331.9019614141258,343.5802914124573,341.6056969300266,329.1165841308882,300.1286187915183,282.2525180846503,248.0355908007317
49,594.9178486594865,575.4916063084983,597.5329222964743,574.3380640228229,559.1901444952131,553.4695568411987,541.1779533311111,562.0625102243014,594.101048785381,600.0,575.7504506863429,595.1186580307932,570.474941962123,599.41161942147,600.0,588.5466761639694,564.5384609773629,530.3650971498932,512.7213865661552,541.702790995847,562.5111444549029,595.3967039974533,567.4500104759494,573.9025225213462,556.9030557035006,559.9089751075692,547.340817097011,532.183405614046,537.3525767557678,515.1848480866356,513.0241886746838,523.5810472277662,497.5537923505625,527.6953913119457,528.0961202737345,550.4630783056385,561.236458449113,575.9365243346912,591.0656902041899,600.0,600.0,584.4752006204973,556.4408756210793,563.8784189825892,533.5231152465299,515.413656864797,484.6631597869308,488.0852910173905,464.3089597633913,472.0374721237344,492.39803128416315,514.9296817381935,501.5977273078274,505.0245445964421,509.43529780248724,507.53740055327887,518.3953729530124,498.1014716206597,531.6484983917353,503.51408628810054
50,535.1040336571853,541.6907527437684,523.8305850473284,541.0278350935495,511.9414977909445,531.1507462023593,537.4497117593703,510.2022340471184,480.7676234635843,498.3261668041367,483.8316802594053,511.0828098131102,529.4279212852225,543.3012384154626,527.8036620998042,542.4297784313175,573.8001163473558,545.2093047532957,533.0406896935453,514.4677482758569,506.9952576839036,523.9585435236799,522.155524223457,527.1066666518742,514.0975088173582,488.9877575134552,472.6731129390962,497.8507340260353,505.01992137677405,496.47912850058043,516.7725472220716,486.2845674939152,469.05694364848216,450.1641644324959,484.1396837842715,498.5665845517647,506.8116000989635,472.1605476695766,450.0622478158666,459.5501383239821,451.1304911776987,480.83011803523294,499.360813375156,495.6776984714444,513.1437468991234,546.4220495669589,543.6907072960619,553.6675194482592,582.9740425025499,565.381268845082,592.4403228017214,564.2684522758302,574.6598242169655,594.4584950708704,600.0,599.687436290678,600.0,575.6164596145611,555.7064093376764,539.5993634146204
51,447.1561494394145,443.0892246015694,425.2025335755782,451.99918682569876,443.1737156462244,439.3959359923168,433.0750113507464,410.8110182201191,427.02490930023544,423.4169876590555,389.5549853515458,422.03594451673155,444.1393973284105,459.7885521148367,485.6249830511337,514.1014908035222,502.7257702504329,510.4928777396018,518.1094243839934,501.8204012007352,482.3570588020299,455.33056663936145,466.4825603535131,486.14688972566773,504.413598291858,491.55287469480623,470.9210642273704,467.6740567191939,470.95099893602963,500.28709789382856,526.5247186930123,555.6488018841403,580.1671688436588,600.0,597.584999801834,565.9081446221506,536.7574868725442,529.0768167966082,512.114913185718,489.01075458099274,520.7350187965982,499.41438998534176,531.5709390474079,549.8296578698925,559.6958549186581,572.0171821249146,560.2203847810533,570.4702774451331,548.5387257248217,579.1781060023402,565.3036397995818,548.1666956601298,562.9480915337208,573.8995017983535,570.4904260823849,579.7616625107399,555.9261775339999,568.0591590521367,552.0019077158003,536.1004260831522
52,281.62837527863815,269.89477473116966,258.0823489529626,254.87487977212146,233.2042450987659,220.0,222.92170001642597,220.0,233.22279055921845,264.2990893696002,259.1747828861067,287.25215480665406,259.13431618546457,227.14135010175968,242.63717152772847,260.90868163643324,284.9227585040358,253.89999599203452,273.28348983901265,264.6412011347734,250.87483542252727,227.98650991655805,262.7076127737349,232.16406402605537,255.05462504861532,264.81923553295223,281.2748666312829,296.09506502580865,321.1854789809314,299.050923870859,264.10864704928696,271.0056412823156,260.77574603494895,234.4408592131486,220.0,220.0,220.0,220.0,249.1218378382711,235.96903029302982,269.72517911618075,302.23086969930876,277.2108594622067,292.25556066494005,299.3119029038349,312.65719802119565,284.39056802220887,262.58977352662794,232.95447982818965,240.2438741933846,274.30524950282097,286.34416713887686,301.09747459041193,335.0184274984416,347.4792362904673,315.2919463744603,340.9823384344221,331.50981876093783,296.8152722669679,297.32166469622535
53,576.0657003329802,559.0788484366291,558.4847705503279,535.6491526950953,504.6876397117461,475.325785981664,491.2165493989589,516.7017623509093,491.7326810985837,476.91498084531656,455.5670435804545,422.44694796530445,426.18714385739327,440.1816957670286,450.5331194289835,442.6968677401409,446.54758495593427,418.13453642047,393.9357967310579,424.16142009976676,442.4669624471595,472.0586991549212,501.2263190698769,511.68380226741874,541.6605076352703,535.8297948510427,501.0829319859886,470.46291009521974,443.1270228942768,414.801764617077,404.42093197659545,418.5098884742505,438.85530493628517,445.17023414040887,420.4207663593974,437.7738785097697,427.61001284940164,393.51954725642736,378.1607506937198,366.3027894835883,350.4999769488555,372.3308876719865,390.52573550357283,404.21437763245774,378.94473312831633,400.4931068077561,412.8954241241887,391.53406217788614,401.9006372975923,400.74645216785,396.50095649778575,369.34957794085295,370.6308772500145,342.62610387807996,319.12384098587864,293.40208298511203,325.1896625200126,310.1301908510849,299.9944935028054,287.54013594352796
54,561.3351691676946,565.7427829611369,595.0839758864687,581.0787192944214,554.1171465046579,558.0524381953501,547.2400276206513,568.3735059650037,594.9331445888198,593.0132903523148,600.0,600.0,583.9644275370418,583.192713611141,550.8044340793459,572.0845152977606,544.1849688575701,530.7973630527804,535.3695213431264,503.3777801384093,473.9299630811107,487.6581081140216,457.6825046282754,456.0783052655918,444.7869996050443,425.7525581619934,403.96708101245,422.40587157373056,454.01382509425036,428.8264070484836,461.0040923906725,467.63746763392976,477.55369600935774,492.2485424793385,506.53686480415917,528.9236423771573,527.7664479714962,530.1015490975252,517.7694392699643,490.1374708347825,501.66228419961783,469.0149820426554,453.3094356184912,424.9055261297182,403.2564271423085,412.9675910451252,421.96095515946945,416.4347990691693,387.74683742343365,383.08301157559225,372.7751526056728,388.2072933055893,393.7391558795229,393.14875959311286,392.23750535446254,424.87828746269184,442.81888298193337,442.6074522141423,441.15303511637075,408.0065722077182
55,578.1535200615265,565.4956980852396,548.4114338168916,583.3700585940286,598.6783355993452,566.9937997302954,536.3257831220858,503.11089259929963,510.08421556520045,480.09373056953706,510.4309155486822,541.0143733502697,544.2381580226353,552.4028832203518,537.8354913271193,507.3135692956984,523.9358004591255,496.0608196715567,467.04985454284423,453.8354721871399,419.70806837579164,415.0905614787338,429.62822518433916,450.7226503838749,458.0241616497994,482.3053558677733,475.76051013147105,500.1745560857044,500.62768782059095,481.2402167804716,512.3304120467042,496.57837321530235,463.4124771084479,445.39966011529975,436.0677894033197,425.6622672335682,427.3889928946182,454.2078746371328,439.6715505348118,441.1254930919536,429.9352198501472,452.4593340062712,428.4914399364647,400.7371587181688,400.94682644480093,412.97895744838536,433.665721524739,439.93946122811116,459.1089445204412,451.59864861970584,418.8993855383587,392.0263370914676,359.7369191774973,347.76297471085184,347.4473685996596,337.38959245564536,341.6315557102928,340.2741961047879,352.7301922352637,364.41754368470214
56,340.8643759012982,330.09938777657464,336.05973529146587,342.8100080438248,329.8390019984241,317.96125400270387,331.54440492573417,341.86316252705905,316.3167188546433,312.1896504319208,339.6790759416621,307.2204732689754,332.0819495228704,308.5044205173605,309.0118247896806,303.7153748142914,269.42442842819355,298.5022140244678,295.34697993786915,327.1457593111122,312.21783237965747,337.8571365187755,367.4244066984696,371.40267584442427,350.5901209951645,363.5574412425649,366.9859058996271,398.1029825093109,393.8520268360453,377.64798217083285,352.32807227542037,366.2324220834879,399.42009541212866,366.40415935212656,383.2353341865954,413.1204595657721,383.35516696168656,356.0670701191159,369.5040670105955,379.8615033233007,349.67942239543794,373.0890150460189,374.7286843951614,403.23250052872424,429.6918621982135,451.5674060317251,452.6803287688346,435.30007369129487,435.7183589650741,407.77515541119874,418.8943858043386,393.27279115036913,394.05489852541973,362.861636717097,348.8275110363222,330.07314328320734,338.4753512730243,358.5504211145999,327.5616279324367,352.0814858933136
57,547.0917240827497,536.0505592829113,547.1808439008339,540.3637561200753,516.1571178733495,518.1634871727673,489.2086643878791,515.7017152655982,545.4019984242708,567.914918015069,572.2918864679875,576.3237878467694,600.0,582.3531182881828,552.6695039015474,557.0053685536299,545.020360400337,532.5840744969001,498.0800492887965,504.8168079571518,488.2991671164448,466.44926548993243,434.2795006874427,424.78481104073546,451.31263210778746,439.8795886396035,452.41478334797506,470.37307078610854,458.3401274294225,480.85497888026543,494.2865550569519,498.4335110660185,463.50298354956254,430.95933716415914,465.3199462515836,485.07982089683276,515.709389010939,543.8706133552009,510.3016221751935,530.7309324605686,527.3111345413495,547.5802088213953,513.0503137128323,498.22426479687186,515.816929102263,536.3283843043743,544.708406389398,530.7963396506365,517.5217210407868,550.1951984957291,545.9400510421234,542.238839559192,545.902132076041,539.5672956565481,543.2543051783671,538.5177847720961,561.3878291442492,590.0214005301291,600.0,600.0
58,388.0164518365082,402.38325595193686,426.06590734265035,430.4746642872967,444.47333581485503,461.9543903653424,474.3019547355525,491.53130363660415,471.13647691552404,471.0226952070499,477.201494029406,442.3749491893976,467.29232480635534,474.9940403974992,449.03358361637345,471.17857869668137,486.3725663475195,504.4535343899741,496.89650672030405,521.6906821889535,515.6726129382188,520.6082536444102,485.65321490340136,495.79433293085174,511.06663837980733,515.7642939640228,515.523411157076,537.2189643168956,549.9150545184625,534.3802372988641,566.5153709644632,581.024074558137,600.0,600.0,600.0,600.0,600.0,577.0519464578047,580.0865456774677,598.6629022450707,600.0,600.0,572.6759129434189,564.3417373068232,564.7592466083793,560.0220173192168,532.6230756667255,508.37005624984965,532.0032667497337,530.9101648938353,499.3207347665262,465.47512289496166,463.6184010345645,440.1249118492756,454.4837280692211,475.1563704461637,456.1371400381611,462.58952617988575,438.4006512238628,424.6514368354699
59,557.7422877889446,560.8291541927064,587.8413628528003,568.6087091453658,556.7104131727724,554.6770628647496,553.2826681283676,588.1180258312266,561.1291981592058,585.7667506513171,600.0,600.0,589.0826017781408,590.4284290783215,575.901168414781,596.8386898055767,596.7182309152997,600.0,600.0,600.0,600.0,600.0,600.0,577.9112172620789,600.0,600.0,600.0,598.803548265975,600.0,586.4741858504044,600.0,574.8315110872315,561.3251452046071,557.5264316397884,545.0888119098279,537.1800100035207,559.5873421383795,542.5546545883312,559.7243366391513,529.8841814769669,548.4859190030212,568.9275460011053,562.0464602862791,577.619907908002,600.0,600.0,592.3312557277872,591.2262017273916,600.0,585.4816212894386,600.0,587.9649799792659,600.0,571.0760310345506,539.183841818292,574.0211231341796,599.8831217606078,600.0,600.0,595.6821416590142
60,328.9975107784578,303.099260429711,303.18389977740355,283.5872822107661,314.0758421825185,279.356063553513,254.37983519553154,236.6331449113714,220.0,220.0,230.92333235428248,220.0,228.05170673323613,255.36976208847653,262.5487356752757,276.1660310653224,266.7512619408174,242.93295467440706,230.3738390459005,262.87362445518806,271.40042136690766,255.82619972728872,252.39026842863598,275.87618104880556,287.66723099820973,291.9129298492515,318.8743312136204,330.9451012687957,340.9361824241724,319.2199520289262,291.6671598397947,324.2271080338126,331.1471939408373,325.24503258108734,331.4764900448026,300.80332731982264,323.3522364931101,303.51742398261365,324.83564442486994,327.2421354533227,311.6021764093059,278.71687278625086,300.8252076591133,278.1774175619648,246.8037756567559,264.71521681456755,254.21824238067606,246.47162277209156,228.7663538817419,253.9088473905247,239.72191421798195,220.0,220.0,220.0,220.0,220.0,220.0,220.0,246.56267989129134,220.0
61,300.81638856881165,329.4005858567234,356.70161304791793,369.26317137863384,351.0963201653005,345.4830594392055,325.26852904986305,299.26972468862726,290.8696123045997,296.1771246595242,286.3724119420606,294.1301304746785,279.86796195122986,269.0774988944852,289.42465030960784,315.9066814721779,303.4490671793516,308.4551732735209,292.9265331459797,261.6599580654996,278.3099607607282,255.2802045872587,250.0800812495429,249.17326578608387,227.0862766786213,220.0,220.0,251.66001352852228,259.7195048277118,251.41822081591494,220.0,227.01912969737572,220.0,222.97808497332684,240.61462055234884,235.26559493298387,221.22439957014058,220.0,220.0,220.0,246.83416894920776,228.9185634647311,234.1024488694586,247.00385624704194,220.0,220.0,220.0,231.90652219039993,227.6389800463667,244.03263482164385,269.76448541176734,287.8505447736653,322.30784928559274,340.11312409680824,364.76566774732976,388.03131283987983,404.1499161994831,425.2760433653954,455.70386931611415,453.96838581295464
62,462.5490690867665,463.5948495968606,488.16743870030575,483.36261090131126,505.74348488144255,526.6983051354423,559.0303322312436,541.4547811792629,556.1281468712767,574.1125117066008,600.0,600.0,600.0,600.0,576.710385988296,600.0,582.8512223892399,598.5827576808304,600.0,595.8850853227967,575.6686457248308,553.8958726202088,578.8505926833202,579.6035467557163,550.9131354983949,566.1044985917971,548.6164722881492,574.9641048407108,561.634129862809,540.653087969119,511.5931790179644,512.4003585825998,508.95198972987987,526.5438398520998,524.0660209556124,513.1331387803184,496.4489828746245,480.9192550575225,510.8686081854695,487.42411033161636,521.5964600506169,509.48082191407264,480.66813839329745,463.07646504844803,432.16547161727135,452.46755545874544,453.34625933662284,441.9353226572989,453.27879498150827,462.4240517980307,493.21509804396203,525.5033342163485,538.151198512927,560.3983134200188,580.8680704434813,580.2593177324743,594.5713978948135,565.0495284326634,583.1110042531849,600.0
63,252.2904061877806,275.8185111092104,306.12711297465944,286.9603352608038,288.697118393448,318.6471941758572,350.8630144924649,324.81478139712704,314.2450771860086,328.11520206656854,308.62429702358367,296.35824102799734,262.9886152283259,238.7351328935098,243.09819750275187,253.81450214404467,264.2383303207533,283.72356327522846,277.79326223694386,261.9376123738247,228.02826137680148,220.0,220.0,220.0,220.0,220.0,231.62696874973005,240.69794790281176,271.19580266067476,292.06758305848643,296.81051123736984,271.43945556189465,275.92448288665565,245.23613715064832,240.398079969408,232.71618399571167,227.66315065111758,220.0,233.00813133366768,256.87424404458227,275.6704335265107,284.61308023187235,287.2972161851833,254.4731087857454,270.0784886941799,273.22729446467474,257.1791680111468,245.12811073088776,275.6205857837697,284.3259429419756,282.6398133680026,291.10433514759114,285.0662978965871,282.9790570207982,268.30070499033513,264.09043603175024,277.08189230240396,244.8778270584568,265.52974556918764,250.33831342947954
64,479.3727215043499,489.3634935319541,500.04745697184546,507.61648110975165,539.7536097746191,540.3377011632965,556.6000392493711,570.9814924357916,552.5202228452747,537.3516315883525,532.0328284593402,516.4716835917649,507.14370051686205,499.5109434918435,506.78146275752755,487.17376574898185,508.47419636035,504.1017413343553,518.5388291521826,489.2398028390399,487.1373804277456,454.1127476801586,466.4264471072481,455.486152497043,486.933849484451,474.62254450655035,479.08895736779124,462.1060876664143,470.5139716927281,468.2069362020545,459.1509145074488,438.4091689430614,411.2156630210633,384.6072023980304,419.5400036234191,413.40175450342554,378.5368340545593,410.2418493983803,376.64044409446717,370.9414728832845,386.16490390123045,415.1868510072538,430.08889140750085,427.54269425050165,460.7536369793889,428.5059937917178,462.58844796937836,487.04585658896906,517.0709577878142,499.90502747464177,474.8770925345407,486.3091620906297,487.4193227496581,489.0410800017646,518.7644224955899,527.1700859613183,513.9445544186395,506.9492133678909,481.2939218243205,459.75590464361875
65,274.47302667962464,296.19342056441945,310.53456332246776,312.6587145552274,303.86446290915734,315.65906323186186,337.5624375705651,364.24876266758474,367.5398986420281,389.9318571694072,390.7232739082958,388.94038015144815,414.5206100449952,406.56678558352166,399.28067311637085,385.624467286315,386.93358826693816,390.0730906252004,401.3053707969324,396.4405325046023,376.68914293645423,402.36808730542555,391.58814801208655,421.1941874008988,400.7089207127507,404.9129440492868,407.47600059634846,430.48134995123814,405.20094702379623,433.89654912801853,436.09652118006346,442.1241780540691,442.8358185849128,410.35756206345144,410.1539083899133,393.60238477730263,382.59055740375084,393.02766934685064,392.86646841003807,364.3917432967603,334.5046325300834,312.5006712232994,290.862631483355,298.44368447135054,275.89069695453856,302.6110565837725,282.29430282671143,253.6735040065582,279.9757251517335,265.6486554771048,260.4282395654663,292.56008644633727,323.66593178738145,338.7101140359257,308.5358406572045,315.06964943600235,349.3051048889604,380.58924087863903,353.009415355035,345.7271265713608
66,339.90396344307896,313.98493092642235,327.6208127138356,311.7901982190522,300.93080443782304,272.2559258069223,272.11365492142886,248.1854053770728,243.43173502763705,220.0,251.7694922965102,226.91826962031018,228.45037038985453,220.0,220.0,220.0,220.0,220.0,220.0,230.6270864740302,220.0,220.0,225.68729159973464,220.0,220.0,220.0,220.0,220.0,254.33095252477256,289.0695069305119,322.6430246092121,317.259071650235,287.90669813926155,275.5568387467149,257.1968450226833,223.18570526637313,220.0,220.0,220.0,220.0,235.12699794611228,225.1250896588756,249.7558395611337,231.62424077955194,234.31178508561567,220.0,220.0,220.0,220.0,227.8556363929411,220.0,220.0,250.0837775094551,220.0,224.5603678887121,227.93883681704068,220.0,220.0,220.0,235.488910214672
67,304.24491638319284,282.78189157105174,269.823385050477,297.98927946889694,318.74194484874494,350.024405228108,360.66176945042395,372.0662752226701,370.66844518250525,399.0314878181935,399.79288826711655,389.64709322276826,399.47334391700485,402.7031084550723,376.384495526765,368.8752745006351,355.8080532772487,380.08641752802794,371.60539651614556,394.11426280086806,390.08153437393423,407.82657381512695,382.29630881091026,412.0218241870026,410.66101654292686,393.8468937367683,375.7511661823048,359.30657638255286,349.9772684868106,365.20363577410376,396.67584877715933,408.5084688858136,411.8101078519007,408.2119544131001,431.18556710573324,455.6615712769581,441.17420848725544,472.9136258929956,465.5717013174423,486.5771661608493,519.2545576266057,533.5106246864984,509.819175538082,515.8487624002571,489.1631610169476,509.4031038077724,494.09516597894424,507.76020359314555,536.4664807822595,514.1371703291716,506.63721903125327,516.935534196403,511.311635693068,488.54896160679806,455.58397459861385,449.0458446577513,459.4904765184857,464.6693710891599,440.60625787240485,437.15479894312193
68,360.3989975488761,344.59316570941405,360.6421527796413,347.3177948815442,350.12773154485626,379.7533790137294,382.50269777148014,390.6943014827194,360.821520514448,338.2909105763696,310.3574945272375,328.89440091214635,352.4088765763253,330.46074709994576,310.8097696645621,298.4342799290569,304.8097131158254,313.33544668182674,326.40822377972876,354.77171671467113,340.4245265494288,351.53765579390307,355.71825499834154,342.1268618272212,370.6459248887783,342.32976372592356,357.16983560416713,373.12099551574926,402.1938524540466,403.4944939186413,391.0080575939885,413.9499044841899,432.9066242124574,432.92871722182036,451.67873351618715,435.43002566159544,441.6954687898382,467.25831062498946,454.5172259481453,453.3657247182974,484.93886451039964,505.8136934484212,532.9064248715599,524.8737191338912,559.6290873083103,535.3086796361772,536.6226204613188,535.1717572220563,556.0620105780657,584.6652546541166,600.0,600.0,594.9200433593952,595.6428575546965,596.293879480434,562.7196726383405,562.932878976278,587.8508349884667,600.0,600.0
69,368.384296112038,370.41242269594505,337.7562725257421,329.5661284775961,327.77525162008124,310.63987459201695,277.8267431213624,291.1553107358891,286.61145329530814,280.7089268131645,263.2079995951601,265.8561275250213,261.5180022139725,259.6969153260089,265.35790971655564,230.80063502333712,259.3393482710267,229.31546605718242,225.88019836930204,220.0,221.6647658558913,220.0,245.20045486438227,237.94564324175167,247.65853214554227,230.0801131158938,220.0,220.0,222.55405426908032,220.0,252.3410054673202,266.81974763654216,301.51663368031984,287.1708400022979,307.40456957479813,311.2936623030611,319.11688711445606,353.126611145419,363.9057151279972,391.82289759158147,407.62541402192875,381.54244254266126,395.50210226522313,394.4041934732069,423.72005298197087,445.19846428530275,417.4878924178085,391.8619874735576,361.73475759945995,361.26189883158315,331.9159219760979,347.57340553632645,351.23850623785677,374.75045746657673,359.3361626735689,360.67601756484873,333.89959557858685,360.82229576410646,338.07264312439514,310.2380007189235
70,297.9192274388097,319.3554316494184,291.76244858734617,299.7723732260178,317.00506426907657,334.58074550287756,312.88500756544676,282.1986874518796,278.6151343159348,257.78910848305304,271.7380651140287,261.7065610899082,258.16133696222744,231.10528227934725,235.83380233772067,220.0,232.5289962640456,220.0,253.31262145969265,266.2295099606995,243.95057970753433,220.0,220.0,220.0,220.0,246.09251809065228,253.31684429421173,230.6688800062347,234.63503805435613,220.0,253.33406050506625,220.6270666235249,236.88935617527196,255.99914800867185,225.70054148571086,220.0,220.0,245.77083785703473,248.36083354632967,259.23231304684,279.043211528819,302.0118067124454,300.35172472830305,300.96724444244677,316.22765443859134,299.6616195500852,324.47590109567193,290.93097880898085,269.6349909636616,290.64898697621686,279.46706180870393,254.95536009716534,233.02819299696358,235.18114113248845,259.4138481866376,229.35939829061536,220.0,220.0,251.9331190537544,236.46380529274325
71,584.4848048454784,600.0,584.8194553471258,600.0,600.0,600.0,594.6041300130013,600.0,600.0,600.0,600.0,598.4958722658969,600.0,600.0,579.8121807017578,547.7568316454721,541.0892197986726,566.0607877092469,551.2980173928627,565.2987281775823,530.8130979120807,520.6886081744974,528.774776807568,502.85778011263153,530.6202639629519,506.55944236114743,535.2449905114271,515.3922421192353,549.9917492933441,557.3241592240355,528.2283018347173,497.7977082482235,468.0422269863863,474.33471929675295,496.0052634596699,489.2126553836053,485.3511585333356,491.60129778985953,493.9141401249044,507.07846144199334,505.1034618534052,520.0737098078899,554.8854617861543,544.4063107435679,510.2613931476425,484.0551463362583,487.8011392853451,476.89918438547073,507.6979659448202,516.619192252337,518.0440552699198,538.9068203589611,522.0081113323978,544.389809152163,509.6040864926495,517.9815018421498,548.4145024153543,568.5646990577252,593.3190925080404,586.1059211700455
72,533.2107995180479,536.7690160701666,545.0668326253905,514.1909063788967,493.2995251811041,496.8670342670528,465.98310831469763,482.8843847758376,506.68837537237073,536.1137406630071,508.2375328055935,539.0179501671895,508.75135070124014,506.9352858161872,530.7528572601341,500.67463695964597,466.9508120688748,433.6971523783404,434.4860691388627,456.2978412606291,430.2177082357111,403.94042602127894,408.7387058747644,390.13939793159904,406.2543593917402,437.72883656411267,456.35117502614156,482.75345067266574,484.1244747026827,507.38682599791,485.1900488769778,454.9744012046717,465.89111891339974,434.52779417646366,462.0014935162413,475.4102838137606,507.06433459238445,494.0364005343109,493.06748217842437,509.98580773158267,491.98033671384013,494.9097541216568,506.07246337204026,539.5890691833331,556.7182997803001,529.9874592998352,528.260800896667,534.474755705937,509.73837570644173,504.9759996951172,489.8564068386248,463.17433479696666,464.0172701394085,440.6115858102727,446.94920441127334,423.82798966820394,439.47963432040143,418.14654793247837,445.88650498680886,412.7211599452255
73,418.35900707737966,405.7663406894379,386.5216974936593,384.53389203521965,408.4752595779179,437.5446639647833,423.7720672351325,399.5691207817875,414.978952111429,420.71886289334816,399.7899933007774,418.01069846689796,419.33582893384784,430.0734928993664,420.2272252768036,415.9640545679699,393.5880014542159,411.54411218938975,387.5349048800152,407.0160865125895,427.8766363545105,445.138703838369,411.49829900248085,395.617623884948,393.4012658803749,400.08937239055064,429.43491934638416,420.7273373953933,446.9789697095701,423.41901987914866,414.4086540047526,383.0683947622452,400.04264513613873,375.58833815644266,358.5797392518347,377.84606690535975,380.27623712494943,346.2543274842418,311.4107918165596,312.1570360383524,298.503922000796,276.12572322045844,284.0772988605862,265.06785188080613,271.52235235875247,263.0709688997916,241.14320413667687,220.0,220.0,220.0,220.0,248.13682831272558,271.33217712453757,262.3724400949137,267.68079339563997,272.3960325266241,295.40766027018395,276.94796737637154,262.6950915918824,248.8200719540752
74,235.53059611323624,222.55874654347969,249.0127109046402,277.85184623464386,250.52632043844238,247.59041835173258,239.28484146286732,238.53998522650448,242.37035191061187,220.0,243.95695735448126,277.113442476615,287.85177931686997,299.0834360114058,301.0420260595554,289.4411648795621,264.8696125721286,270.7540465608521,238.8999448064966,261.61512454492777,256.07894350787086,250.1117391992091,238.0136992925225,270.8684715014235,248.11265819537385,223.70420569863865,220.0,231.09692379955348,265.52959611062533,247.01285803874816,275.4060758334723,259.90923497804437,270.26222938681536,238.0971560221511,237.79293424248434,248.61283188201307,251.15521628759706,232.80369322932245,255.79847960807655,288.7080353947534,285.851762093198,295.36611065644576,315.6950394406358,297.5992736841614,323.11080041917637,307.7248637908762,327.03302003694296,299.8799663067925,285.0670355457844,287.42043092157513,289.1649776208772,313.6951605349228,348.4240685696253,320.92882777983516,304.92599707758774,294.957871793203,293.4821603399034,293.0558423607113,317.9894967811005,336.9286479760575
75,227.16360003442225,224.0151232752454,232.28029195233162,229.50798304884327,220.0,220.0,220.0,220.0,237.94149801296675,225.43954562294013,231.66865596274326,232.76976862985697,259.18966417500417,232.73070940540285,220.0,220.0,220.0,220.0,238.42309576766706,220.59170478531803,220.0,220.0,239.13655016969386,263.67588622076573,280.0100256062003,284.0620931011824,299.7555122236248,312.45277969489507,293.85844396954934,297.4115664237729,316.3542197084631,303.5526660397228,314.330786309908,313.0344162362239,313.2555358023753,284.5593884471265,296.19459001850305,321.79268249331943,296.6928726551298,287.32026901028127,255.72699084913972,222.8012228674871,257.07731763450914,256.6203232159561,246.50665452042335,230.7480498841747,264.34893503032185,247.0064900168397,262.80607771848173,247.6691444248971,220.0,232.82936301625588,220.0,232.30239580923987,220.0,237.22729624500508,256.10980795955055,271.7973146767782,238.51115557951096,252.77271895457474
76,596.25533334119,578.2391091379835,562.4358091937572,584.382667664395,560.6104440183205,571.8513013036392,589.7031477286796,557.3043940560347,561.0677406546005,566.3791487521123,552.6201515695379,578.9642784273641,555.356758778354,545.8503884437642,570.2571965440773,548.6021895064968,571.098379049434,541.6332214651909,540.8792561684902,511.15240253968943,523.6056534939954,543.9477577278874,568.4378561051636,600.0,600.0,600.0,600.0,600.0,600.0,600.0,581.4816411909717,581.2532858412362,597.3406103157025,576.5311331350904,556.3249186634289,589.7879104918235,585.2106357434279,562.9377174480919,551.1401891867973,543.9565195654121,552.5724875883276,582.1835137216702,600.0,600.0,600.0,587.5280418787612,600.0,580.245883465422,552.6925289171897,585.8204482240253,600.0,586.2551594176693,598.5171095643428,596.2083945832668,583.8273690134498,568.9015637666705,543.423484932134,546.8757506914427,543.1375189996683,543.9905684206643
77,301.8357236421737,332.53847059630107,342.239854339439,370.21190035627257,342.86088197856543,351.4604495884977,375.92277689358895,364.0872314806016,342.74725332012065,326.29874472651403,310.40410559899993,306.7080331436474,294.5254853382006,278.51467042776,288.91053131611966,257.6227973331516,246.44826180293268,259.73089941876594,237.04038186843636,220.0,220.0,220.0,220.0,220.0,220.0,254.63623972143802,283.923974518759,263.9792810897024,250.67945132367768,248.1387720824763,272.2477203486233,293.4329362461397,267.26983680577945,240.9812561901641,235.1525139627472,261.05919123571124,287.8051411723964,260.32075065045353,265.5215608080421,241.41882460680003,254.44787630699483,283.59820366201825,280.4320541353098,251.24784836375338,256.79564207637156,250.3918089858814,272.1547216492586,260.97883412410573,287.221638157187,271.3806666916219,247.40690120382993,233.86052761613053,220.0,220.0,231.20823437174215,220.0,220.0,220.0,220.0,246.22447882900576
78,578.7637438886807,547.0230245096957,565.2280492177435,581.8286714879474,600.0,589.3509463204748,574.336575738804,571.0523241954919,596.0125865959352,600.0,598.0136669777252,580.1330660077363,596.0241678965223,600.0,592.9965861747244,600.0,593.0148414823618,591.5093821522657,593.2531087491097,600.0,600.0,596.1056313846763,585.0676818220087,576.2190522750761,550.5912871313388,536.3769987785795,507.42831770739593,502.3809161299432,479.0959249817166,468.34439719992525,488.8948396573377,471.1097751985772,478.94239869252203,507.02509803992496,511.7101411319932,490.27562402606213,479.40925760367895,485.73510210656355,486.19788188975326,461.60127042913655,457.8770145574764,460.8916832011938,444.6049732132239,452.47615928701356,422.38736625097823,410.9498586005644,432.2492368949946,415.3991729585655,422.76155245878095,416.4636324185028,403.61584238757007,432.745060541272,421.77338080689884,403.3406939109901,431.99178600580905,449.2078909213161,461.93387088018994,430.40131682487123,404.5856640749755,414.26946154165194
79,299.58447787997886,280.379136874104,299.91883294815676,284.9335793667427,254.94469051737684,222.4949268290671,220.0,228.19900043792524,254.02096677535144,226.7772744276362,220.0,222.08604276352298,220.0,220.0,249.68872542889508,252.8311411994232,246.88958394226853,281.15037741125064,250.7154743042182,280.96341569020024,281.07974463478405,281.3426882784837,310.88019167270835,311.3928702442232,307.0813665813336,291.15556802953756,302.272741706757,307.1478980753403,287.15207866168515,301.8109827159779,311.89706272954277,304.71043462400064,270.01849915724915,266.2791796695823,231.7032478686999,220.0,220.0,220.0,220.0,230.8843957991278,220.0,254.83540158850573,283.9765439625544,289.94823728354106,322.63453698798617,348.3957475982627,335.71864391709676,353.1903811360684,327.76860601634473,340.6872057228566,340.0629335774772,306.24074932517493,290.4368368925009,322.31359211079825,309.4217960669919,287.12360793809273,265.2508091981473,263.79573772308373,287.7811845700212,305.84130812935547
80,386.00376286435426,365.6146447049415,333.8391877120949,331.22331007588605,353.25758447215946,369.3353240237614,362.9373777576689,369.56656479190093,365.1038212581362,370.63494894344865,371.8603160509971,384.5279780597582,385.0675971070769,415.910366978806,410.87233968952404,376.9864809023038,358.53262838093275,358.5751084483987,361.415138080605,365.0820733324488,380.10072021135454,364.3260901945815,375.8693477274849,390.1516068458298,383.94125952928766,377.0930964695302,354.6178314654817,348.59694780335786,368.67408822284875,397.3021986113406,403.8551220035982,389.8110460383991,402.5713263445803,419.3815609533006,407.636455467947,430.4948057722153,400.65351402189907,366.40627425390085,340.0142283381445,315.9348126860702,342.4598449924107,337.20856414790035,321.45378258582707,316.4890407049044,309.12790319394867,295.23021995310984,269.8831907219474,280.79727306011904,255.35958125469492,274.6392929417821,253.75745387141387,269.95344537074567,291.34447276942836,265.11729345363995,236.18949723380024,267.6595911795564,265.07286765223705,274.18935230034623,240.81758310886997,225.32729574781376
81,412.0511087325668,439.08639066982505,423.0871498993314,442.35054228944176,453.7054472675509,426.774401013953,412.3106631093928,393.9611456600962,389.93807679022615,399.41147380355704,394.7508566891525,376.86841699177893,390.5799307677582,396.4929073975625,397.84488091666094,401.6542527378794,382.1872979784471,394.81747225491904,386.9425097426328,377.38525712373416,352.8666517024081,359.64526512093937,366.8317738591948,355.6528189158518,380.8423228964392,405.0243758065192,377.65817726028934,391.3108644069836,383.8792973399352,418.8593369143377,399.61099099226334,384.2476853712776,380.19512599017855,364.00518639782496,377.44472204488096,376.1082898975846,356.5698083370524,357.01599320111177,384.23113684666447,404.69883212616816,404.6168568360456,389.81133905598193,367.4033915851589,393.89019298824155,408.6018788231503,413.6533100434724,440.2137352602292,413.7320553764155,426.50630539656026,406.6761672654865,380.1165881366056,377.70918383709096,369.8266889205957,400.70884157335865,388.3874098459858,410.430567979626,427.8484580124101,439.60312891650767,469.03116202371183,462.58588363040576
82,368.07505067348893,344.3413703241946,328.6447156088494,355.22906753311037,353.43581683690616,342.3305493902559,322.45839324600786,321.4056107630609,336.5721866955779,321.64062847757316,339.6807849344589,348.7659291652032,368.8953085429825,351.45898256422635,360.6309526955395,336.39242225975846,326.85821101128306,342.5634176502791,351.7802046408746,329.9304554145011,355.01444246097816,323.74901122514086,330.4141094213063,364.28154443751873,366.48687566651114,387.5339030636706,394.19657118690776,414.01275323151725,424.90434270638735,438.28358372401436,419.23036430006124,436.1578282501655,417.81152031666863,451.4563395766498,432.4014429439341,413.9693231957701,439.07644162964056,421.0854519670379,411.3486475114277,426.37345879395957,402.485859407593,378.62088224551815,377.6659718741815,359.7247446704724,341.2208015603047,306.8675260596006,297.798997443457,285.0765362667452,252.25744302461214,260.7437654995686,269.6096282398034,239.5656612639595,226.7585706676212,252.85495790729905,258.60665268441954,252.4448833652587,250.0020183577454,229.58161796825178,251.41332301780673,280.39365239937445
83,566.0523360550166,546.7277434734775,533.4795622178295,509.72315645449714,496.2272358087591,484.5236118573411,493.8410134518656,472.11626016023433,501.4740448659764,473.6910077719481,439.1724685443514,464.01862754848867,478.28251409211214,468.157705017032,474.8426844307403,455.49077148948663,432.27804689466296,430.25848635437353,419.98163443484077,428.0477379723112,408.31818089158344,419.7231199308267,438.40342635202364,415.0679563640168,383.13803620327093,378.90915247436465,398.09083849383524,408.6454269840252,422.77714741304663,415.9759012125824,397.4220893802973,399.6466084102199,378.9522069726637,394.7882157616183,373.57586767878166,358.9642963487856,359.42243083139596,358.49212622144057,365.55158256993263,361.1727046049268,390.5358362006332,414.33122279443637,440.86916438100104,449.93532437924165,459.3858784894981,467.02978634961454,462.4716771591165,450.0190972338249,456.4592993552458,423.2465279549373,388.7684781546035,413.3834059953759,381.63308912980943,383.3687496531487,391.41789305962385,370.28987913319435,397.9910378117547,376.297741834141,403.21379094980824,421.6231098031207
84,311.48232233919373,287.03441397852026,274.1707036915567,267.0272433304759,249.23217068540058,284.1545790982102,265.23024263498087,288.37468052378085,264.51292282011394,298.13004658943026,278.9166886692462,273.4348875040976,277.5343721778511,250.9543722387776,273.1317769623147,257.3597642499728,260.80865736208926,264.28302411061657,271.4678697734215,240.35188883012353,220.0,220.0,220.0,220.0,249.5344924542003,250.44130398999135,259.0915643291793,249.11573660704772,233.45296647942152,233.67536839567643,220.0,220.0,220.0,220.40135810290488,254.3033389276336,234.93592009896943,234.09425164075475,220.0,220.0,235.2117503094483,220.0,225.69459152850303,220.0,220.0,250.31526690349114,244.2674867239932,264.14234422657483,258.28428843780085,288.89951094831576,274.2324343583386,268.0885798364774,286.20907665462744,275.2657887242874,265.77078371774996,300.4084058567456,304.30142265507027,317.5580544119806,327.6004108027333,350.55510110369335,375.88285806461533
85,434.03733033871765,419.6562555863656,386.2522729166135,394.2605004911159,417.04331881970927,413.58110520552543,390.1105350398859,375.2762801453808,375.97550521121127,399.5431905396479,376.5659107644374,384.41640206410335,402.15220504064155,432.6755314640792,405.84478988159935,435.69220427311836,442.79493173533194,461.46404285559197,430.2282725253909,430.6586434202325,439.24272060588805,425.7210893969869,420.93660396407455,424.7374734336464,428.415829217755,396.34613599623367,392.10985965675616,372.0771304922123,401.2457859581868,434.60638526682015,420.581668011465,397.8446458190391,378.20993638542313,376.6525942601299,402.8679861980524,402.87052124368716,371.747965563758,339.5399577536781,320.4573239472775,344.45131337993746,352.9549524073975,357.36200217243794,344.6898736532229,374.749652006456,362.9321291538053,386.3782380395116,414.09148429782346,412.924935222953,440.525184086605,424.90141420397833,435.99175403680766,407.1492164335147,405.32461141998226,385.53783757106663,354.93126702620884,320.1920525916423,307.9247007424989,314.1918423600723,311.0579666956533,297.18181759201804
86,596.6560116949754,600.0,573.7957314786248,567.8532513454195,578.2725367249723,594.6168925520678,585.2629433957321,600.0,573.6905009037475,561.9173846717869,577.0677069747002,585.8655022929264,600.0,568.2799915867008,545.4874118343142,513.8820325933518,492.33002829079663,457.6298250351021,457.9245461526227,459.9065538424006,470.9589785408203,462.90284984489335,428.12738819285624,440.2997690013908,409.10014514374467,434.73207530098676,401.31785444054236,403.45111306850663,431.09536483549306,436.16963514070767,443.7588073987828,456.47156678240117,430.0401861235339,442.28508318027303,468.9099249211701,502.10538321964225,498.1190231747265,487.2343627921548,504.966035883897,507.967236050569,490.97856186242115,468.02961381030036,444.9457348517924,442.08812741422304,418.9968358073186,385.3771618881226,354.0233761360009,384.1152942127085,354.222588093918,324.34523643458516,320.9284276219324,303.0854473853847,335.4740170374596,364.2430258023059,357.5750532092946,353.98625956843273,345.24421528372267,312.89484344874165,298.3941221965713,271.9812650694102
87,258.90072540574664,263.1610355112938,235.07457555124316,220.0,220.0,220.0,220.0,220.0,220.0,220.0,241.01739105262072,270.09807558952576,263.51418341368367,256.8660542687521,271.7397441319428,280.6242852312711,258.5140982998097,231.05233686051997,226.68516920637353,231.22315462776695,220.0,220.0,220.0,220.0,220.0,230.7144509023817,231.37174275550117,220.0,220.0,242.53093240290903,241.082260193154,220.0,220.0,241.28236448689083,258.90320722103934,285.21037152385577,292.35651934397424,286.9599347490381,281.8243845778496,260.40438769235567,270.9603149986074,276.9151279251072,252.7556367251257,279.7520411283019,270.54481536004374,239.02652894651854,226.9781934011034,252.8681634309137,282.0551244412386,281.38301364941293,313.3268094545522,339.5937360993905,362.3598862963363,387.53959082409074,379.2708696759084,397.22369552879644,402.63742574412686,418.01530586594833,395.46033339660255,411.6579072208485
88,583.8851249937852,570.0715575604853,600.0,591.486321036376,570.4669658278483,543.3270019138649,563.2743358440374,567.1121138703973,553.6113044267393,561.2028303123024,549.4499134611726,545.8349564741648,571.2214452768811,582.9930986570226,600.0,600.0,600.0,581.8987046403624,565.2590858906794,536.7382116023628,540.5195767473125,548.4547232958982,564.2720333988157,552.753248215264,518.6112243458159,527.8672919419984,562.7759764184251,548.3944311837246,526.269842856556,510.99352990440076,505.77261313879404,488.3365181654736,477.6237199412007,487.2981916417561,476.45015072073915,469.174276855595,436.97646525154346,466.2324403651443,459.7144575591841,447.6845036816197,418.7383974187966,428.13122249645943,453.59896901492226,421.4796930185903,396.64876573421276,371.8960537562473,379.0552936305928,408.54142882087865,404.18521451546434,393.25166588903386,411.8605138808023,428.8403482036979,411.11327795310257,387.3711233146546,377.41782558372955,396.7100630395937,410.3645003336422,421.97425977857654,445.0342589900008,429.43338085389837
89,349.07981567841387,317.0435772210562,342.8557815273035,348.625862971856,334.49442340371456,304.3535806051701,319.99224582654233,337.4038721949766,349.03637784302816,328.30104580929924,357.22616990490155,374.9472312363629,385.9901738872408,396.55624852676596,424.8612875331808,454.84278684997946,461.5374061106963,455.7042648780747,446.16564344723383,468.5011623228844,478.62353611128776,449.0321582290435,423.9851791400954,451.99819179743463,478.9130621647497,510.5413335735725,505.4909012865552,525.3751648214047,548.3509167334072,535.4497001420807,510.6233399279807,545.4151852427228,512.5305295053173,519.3440438151183,529.858903007838,542.5841569457134,525.4780990235497,540.9886461244693,521.1366155541579,544.1692934567757,524.5074606427002,538.2768826780256,558.1158266864039,536.3420292187571,518.0010833530393,537.538345064445,508.5582730788917,486.9115397515582,483.7987031848523,513.9114381969862,518.2428866394969,510.38033601407267,543.866251569646,541.3260430051362,536.6874911632599,530.5025933454006,517.3551984278763,505.1538351095072,518.3024293045721,486.1609211185038
90,479.0903557456012,458.17467061441226,450.06923083872675,425.32695891795,429.01953200302285,445.0740631496726,434.89995347361815,411.3391139014366,392.1945046366189,414.46240893340894,398.1978203875986,417.4270018983845,405.6109603748193,383.82223917882663,399.73383835274683,397.5319904160113,364.72139800524775,396.91736735935564,372.26010851440316,361.99859686611956,353.93422131581906,353.194314263908,373.17539582729995,338.60171540455883,368.8747589980841,379.0940212122949,410.63944275272036,432.8567103718744,462.8053856376996,469.87542420319704,459.8870530045993,455.89103742255156,466.9532991494395,461.83852933308305,478.05562417582826,449.48498530143036,472.58405073037255,451.87725550531286,482.95358817204345,458.8417941676522,432.88328789482006,454.71461563593755,477.02374357514856,493.7369029668359,525.9740354401652,509.91180944814425,532.7772211774644,522.4200582805039,525.0379620703577,521.2299641494507,486.63946573660314,491.8518192843442,509.17723142782086,486.3958982780898,516.6118086106025,518.7397763698978,496.2169965904743,506.4333265546563,484.86791615073037,454.31525053140393
91,480.41979211931204,453.1684339506966,425.6036553370471,442.399704759774,411.263861084339,432.9477036176958,453.6781167230438,428.5756566884874,429.86230199787525,401.6260863657012,410.90607175072034,380.3111726586586,411.42483260125096,390.9659840771217,403.7686099935268,377.7490096999245,357.42076108279883,353.9872365046348,359.10396639854093,394.02439322595876,360.83922919232486,325.86123856741096,315.3869351974573,306.0178809436267,332.88648747053094,361.76726580934206,388.4040141544944,363.42652668851775,357.2738651511929,374.48582651184455,361.36860125674144,372.79526325248,354.3952636758565,342.034611733113,367.26468718750687,349.80031971373654,382.30300579567694,368.74117506125623,335.3881427488856,318.23120601506554,295.21555197210535,295.69343960733386,268.58356425028404,277.4069856574627,303.64992059641736,294.02624232267885,270.8207326740572,263.8224823789661,283.84015988051,290.2442970660817,262.32432199901393,264.9274228019063,262.6933995037978,250.5912574252791,223.30249914901174,256.980334642431,234.30336703495888,220.0,220.0,224.91351270892568
92,388.59443830342616,371.06344104528506,366.123077856792,378.26960743111226,362.9886446360164,392.055848958143,378.50008556058236,357.3726177181821,389.1923669992791,410.9316097075517,399.9512434465943,423.8514730266656,425.1684704674316,414.441145345706,438.213956613451,455.86551129396184,441.71675027897925,449.1842463470374,440.0415619934232,405.1152000726504,437.44230197067,440.9163372957685,447.8066194123734,454.79901920978403,458.34392146714225,443.64727060129377,476.6575993448577,485.17438822092765,497.13888345970497,493.97437647189844,479.1246745062532,448.6291032584983,438.1452170182503,415.4720370670378,426.8182158450286,453.348487781219,439.54132785841466,427.8431116373979,439.76862690542873,415.2176273023153,445.27824716975425,435.74752184153806,407.8314830564123,385.0593634008572,415.35158872137924,397.64993890721064,409.00875517540067,384.9403208230792,363.5274392874937,390.07411461049213,365.43644001767143,331.748981089211,331.8353043560503,357.2261812844557,345.0455544635495,319.0169134087492,352.7730714783438,365.14477554260276,389.6931197789737,407.3427988419984
93,485.33206411589225,477.25154881505665,464.9553483393114,480.1424500519246,495.3123606243307,526.8535475077672,531.6597347571497,517.2832121622869,516.5502281154203,524.5101952862346,519.3812812566185,539.7605998917869,545.6835247468955,511.344025680831,516.2328178570716,525.5850828730019,554.6533704810868,548.61388763758,553.826623786575,552.0764453365812,554.2923953294031,524.0036802762329,551.81353700355,580.5424007917637,583.906573480748,587.8654595812142,556.894382097291,563.750918015674,558.7915433072153,573.4245974236259,541.7233415853159,556.4854793763802,541.5680470446422,552.1874201763598,561.0862384482084,541.9651423724647,537.7968065376034,561.2911346713361,568.6825497229703,538.4942308614591,534.4978490539172,521.3218511683714,531.2370486921857,539.2565245828539,504.98439168856373,512.5230773478561,528.9625531268017,547.773655394912,516.9019593222092,503.15804851990003,497.6471977585067,475.2312173041505,469.6825882857012,439.6616557934926,412.5868656039862,424.3954990030256,407.77557128423643,422.5739806078065,390.9415775689733,395.3307912820185
94,368.7504921629993,389.5384895970819,409.4151002114712,400.7042751834968,409.2942561696368,390.22267698700097,395.85115551963037,366.53968409595694,361.96198398425963,339.75292169192727,366.5896044383339,362.7326616960121,369.08682410063955,359.3135543237403,344.52542679052647,323.7298116048338,352.56082239152516,373.52342716141186,347.851707271584,365.1224486120099,359.41960300457566,325.49736885181557,327.4830812781511,301.5863320840917,281.2817340006433,295.00460130032985,278.0045439002136,305.43671802914076,316.43860111883265,339.69844506258926,347.76171274570214,373.58118411724325,363.89911136879374,367.3389517507843,368.45127978188765,396.7166293473456,373.26070794994854,378.724961373017,396.5351449689056,387.43862820626185,413.16933492938017,404.28036862482156,381.41198181753566,387.2953666958879,381.73512739849974,347.7984347262401,317.6871362007853,296.3565388152466,315.2096359815173,342.6524021038797,345.8472632848753,318.23684566086393,320.6461723177932,345.5385545595793,363.0019885981606,348.37886005697686,322.0512027071619,350.0989216905189,374.88513395477366,343.6452095149395
95,532.9963061333344,504.8011907782802,474.2310451164228,492.333107916661,494.87485145140806,488.8932131377304,517.163566856052,540.9148169007947,509.9484599090886,518.0745668449707,537.1332850694928,540.6676256537394,574.4780105890726,587.501335914401,559.7913468031928,538.6722076431896,561.5094011271519,596.282368247253,568.1661169283202,540.1891691774736,558.6262629675034,528.1310626876611,497.9302708122005,525.1474246228769,546.1789114851684,572.8883354756751,583.4242736249679,571.001823160688,599.4437464839833,585.3543932321935,569.640151994033,596.688181337527,600.0,600.0,575.9130902477781,600.0,600.0,600.0,600.0,591.652708228624,600.0,600.0,600.0,600.0,600.0,569.7347688152145,547.5545930246991,579.333065783395,600.0,600.0,567.5759580280082,559.3473297844675,577.5244190636273,595.2264253196755,566.2400486661726,573.904270762439,548.905144060299,548.4297973610445,530.207796419923,498.929078441354
96,250.40738170011164,279.16988818120524,296.29510567531264,326.52278439941915,324.4220796627678,318.35255458946415,308.4410650646108,316.5825617882571,306.1917188762505,323.4308452549909,344.52305809010124,370.8321796301579,352.8282447473273,354.71978819779355,335.3609113688823,302.98981900830614,317.5375903001948,320.9662794756535,336.64118904436936,307.77479284282697,342.46162537716293,377.0660250634552,374.6160128487011,400.2401229115696,382.28992181795854,398.91955310358935,425.46536308053896,447.4920017061935,469.31618718307453,466.7280514292951,489.12734777380916,502.4766846853002,476.7482825553945,449.7411908399109,468.7757403553357,477.55822656944036,478.91455477283677,507.42288013225476,518.59420511324,511.32447726942104,505.2997038417539,512.6668090989849,530.8860790270293,535.390810513468,536.0040722688105,551.8871214546033,566.2556399480958,589.379918791045,558.7585438304557,576.6051930761942,577.5684246428125,547.7969430451332,560.3276450169996,575.4854585971356,577.1393604652635,597.705288900747,583.722656504798,562.8561618019985,552.407538424028,546.1110743547464
97,484.45476891282414,508.6411645643001,524.1054378698075,501.28456700467956,491.9197629406976,468.00872288204204,481.07941685110563,463.45144832628824,465.2285336259175,485.6566226495454,497.62237189405846,483.50855124061775,471.8092237837616,482.5447238459738,486.0074662997699,457.75501042267297,483.9344216718212,484.8173490355752,482.9526199593978,461.84337352365617,453.23294085159375,441.53068121365067,425.48217901171057,430.20063923698467,427.5599144566044,454.8037524286311,485.69783082193237,466.06097086789873,438.06835088160346,458.0419794857459,492.6822777404485,518.1342826302393,484.79310077855075,467.38154932800336,435.4155087208918,457.8700651137735,463.5685534542356,464.52885133592935,468.3403430756863,451.0119311844477,458.12661702416807,425.27330551665017,435.49412619460895,451.9044943071271,464.016332766955,452.2645590488104,475.1029631077384,490.19104290596215,464.1718555106616,442.83195094834366,452.42953987082035,437.68866921974217,411.04897512097875,386.8968046414712,363.4900072792992,361.935370756586,369.4523524966508,346.80051173645984,361.6752744618853,346.3461569869923
98,338.39209258970516,319.03699606489266,339.001425580916,371.1883938864974,370.6633832939639,338.6055281942033,321.8453803439866,297.9089007223058,321.9022606619471,292.84203978227146,325.49537663045834,331.69134099418216,332.93312608937356,357.24766965871663,324.17600314911857,343.5766956076092,316.73897879740537,340.5934457232356,342.6357810698859,311.91483923509236,335.24199195118507,302.15398014617267,276.83992864872494,297.68764531658894,295.2286239866413,321.92583329147965,331.4058823868555,340.0528951927841,325.5093526220251,299.86698927064646,332.14905663341426,304.48489487345194,306.51563687860164,290.59543823703626,274.08528468773807,280.70632003893496,301.5617082414558,320.9642720396453,346.78039028319404,332.28358193705975,329.8861786571149,295.53959878251663,312.8196324020622,298.983650252022,303.28819758093505,280.1392173222966,302.4971828216996,324.70623817117905,351.12794220388594,319.34353200135655,353.8156416856075,336.1602006963861,322.82055871970056,305.2740597630318,289.0013486486891,292.6876435759443,274.4743816772089,267.0383734752372,277.9308342462623,301.45266849670315
99,483.2417701014142,489.84436923652686,465.1853686144017,487.31346072229144,454.9227028818041,438.41611930827526,407.41024349351255,419.13027178442496,409.916247565971,420.55964139031164,409.85180854156295,406.75365969752755,403.8109304091602,372.00157616588837,367.11743301010864,376.99193842817283,380.2155956534532,350.4854592929333,362.2493782910057,348.86977113507396,314.8802073296055,290.77189632550267,290.60107233766183,277.3291884697666,290.9359994325152,272.7817427221187,291.87747451538047,276.93087721295905,285.3913367438681,306.33648336145075,298.32541236651315,266.6017582935961,269.0829447677178,303.7615790758328,336.59100972221677,317.06256329830853,334.9613189580062,324.1079471854108,300.3270207982272,311.9410498404017,312.00186090727556,314.74799994317294,337.66548629965854,326.22354361177815,337.9201767806746,328.55357946805833,296.5442522286884,288.0053097422328,319.5077221665222,318.3360959127114,290.9122264912922,304.060104547628,336.49665902792447,365.0528262860225,370.09008493259216,361.42973703698937,367.07717383263616,389.1923481865836,414.47896212787543,436.79803407384634
